order_id,item_id,product_id,quantity,list_price,discount,sales,product_name
1,1,20,1,599.99,0.2,599.79,Electra Townie Original 7D EQ - Women's - 2016
1,2,8,2,1799.99,0.07,3599.91,Trek Remedy 29 Carbon Frameset - 2016
1,3,10,2,1549,0.05,3097.95,Surly Straggler - 2016
1,4,16,2,599.99,0.05,1199.93,Electra Townie Original 7D EQ - 2016
1,5,4,1,2899.99,0.2,2899.79,Trek Fuel EX 8 29 - 2016
2,1,20,1,599.99,0.07,599.92,Electra Townie Original 7D EQ - Women's - 2016
2,2,16,2,599.99,0.05,1199.93,Electra Townie Original 7D EQ - 2016
3,1,3,1,999.99,0.05,999.94,Surly Wednesday Frameset - 2016
3,2,20,1,599.99,0.05,599.94,Electra Townie Original 7D EQ - Women's - 2016
4,1,2,2,749.99,0.1,1499.88,Ritchey Timberwolf Frameset - 2016
5,1,10,2,1549,0.05,3097.95,Surly Straggler - 2016
5,2,17,1,429,0.07,428.93,Pure Cycles Vine 8-Speed - 2016
5,3,26,1,599.99,0.07,599.92,Electra Townie Original 7D EQ - 2016
6,1,18,1,449,0.07,448.93,Pure Cycles Western 3-Speed - Women's - 2015/2016
6,2,12,2,549.99,0.05,1099.93,Electra Townie Original 21D - 2016
6,3,20,1,599.99,0.1,599.89,Electra Townie Original 7D EQ - Women's - 2016
6,4,3,2,999.99,0.07,1999.91,Surly Wednesday Frameset - 2016
6,5,9,2,2999.99,0.07,5999.91,Trek Conduit+ - 2016
7,1,15,1,529.99,0.07,529.92,Electra Moto 1 - 2016
7,2,3,1,999.99,0.1,999.89,Surly Wednesday Frameset - 2016
7,3,17,2,429,0.1,857.9,Pure Cycles Vine 8-Speed - 2016
8,1,22,1,269.99,0.05,269.94,Electra Girl's Hawaii 1 (16-inch) - 2015/2016
8,2,20,2,599.99,0.07,1199.91,Electra Townie Original 7D EQ - Women's - 2016
9,1,7,2,3999.99,0.1,7999.88,Trek Slash 8 27.5 - 2016
10,1,14,1,269.99,0.1,269.89,Electra Girl's Hawaii 1 (16-inch) - 2015/2016
11,1,8,1,1799.99,0.05,1799.94,Trek Remedy 29 Carbon Frameset - 2016
11,2,22,2,269.99,0.1,539.88,Electra Girl's Hawaii 1 (16-inch) - 2015/2016
11,3,16,2,599.99,0.2,1199.78,Electra Townie Original 7D EQ - 2016
12,1,4,2,2899.99,0.1,5799.88,Trek Fuel EX 8 29 - 2016
12,2,11,1,1680.99,0.05,1680.94,Surly Straggler 650b - 2016
13,1,13,1,269.99,0.1,269.89,Electra Cruiser 1 (24-Inch) - 2016
13,2,17,2,429,0.05,857.95,Pure Cycles Vine 8-Speed - 2016
13,3,20,2,599.99,0.1,1199.88,Electra Townie Original 7D EQ - Women's - 2016
13,4,16,2,599.99,0.05,1199.93,Electra Townie Original 7D EQ - 2016
14,1,6,1,469.99,0.07,469.92,Surly Ice Cream Truck Frameset - 2016
15,1,12,2,549.99,0.07,1099.91,Electra Townie Original 21D - 2016
15,2,8,1,1799.99,0.07,1799.92,Trek Remedy 29 Carbon Frameset - 2016
15,3,18,2,449,0.05,897.95,Pure Cycles Western 3-Speed - Women's - 2015/2016
15,4,23,2,299.99,0.2,599.78,Electra Girl's Hawaii 1 (20-inch) - 2015/2016
16,1,8,1,1799.99,0.2,1799.79,Trek Remedy 29 Carbon Frameset - 2016
16,2,21,1,269.99,0.05,269.94,Electra Cruiser 1 (24-Inch) - 2016
16,3,13,2,269.99,0.07,539.91,Electra Cruiser 1 (24-Inch) - 2016
16,4,14,1,269.99,0.07,269.92,Electra Girl's Hawaii 1 (16-inch) - 2015/2016
17,1,8,1,1799.99,0.07,1799.92,Trek Remedy 29 Carbon Frameset - 2016
17,2,23,1,299.99,0.1,299.89,Electra Girl's Hawaii 1 (20-inch) - 2015/2016
17,3,5,1,1320.99,0.1,1320.89,Heller Shagamaw Frame - 2016
17,4,20,2,599.99,0.2,1199.78,Electra Townie Original 7D EQ - Women's - 2016
18,1,2,2,749.99,0.2,1499.78,Ritchey Timberwolf Frameset - 2016
18,2,22,1,269.99,0.05,269.94,Electra Girl's Hawaii 1 (16-inch) - 2015/2016
18,3,7,1,3999.99,0.1,3999.89,Trek Slash 8 27.5 - 2016
18,4,25,2,499.99,0.05,999.93,Electra Townie Original 7D - 2015/2016
18,5,9,2,2999.99,0.1,5999.88,Trek Conduit+ - 2016
19,1,10,1,1549,0.07,1548.93,Surly Straggler - 2016
19,2,9,2,2999.99,0.2,5999.78,Trek Conduit+ - 2016
20,1,9,1,2999.99,0.07,2999.92,Trek Conduit+ - 2016
20,2,10,2,1549,0.07,3097.93,Surly Straggler - 2016
21,1,14,1,269.99,0.05,269.94,Electra Girl's Hawaii 1 (16-inch) - 2015/2016
21,2,17,1,429,0.1,428.9,Pure Cycles Vine 8-Speed - 2016
21,3,10,1,1549,0.07,1548.93,Surly Straggler - 2016
22,1,15,2,529.99,0.2,1059.78,Electra Moto 1 - 2016
22,2,22,1,269.99,0.05,269.94,Electra Girl's Hawaii 1 (16-inch) - 2015/2016
23,1,4,2,2899.99,0.05,5799.93,Trek Fuel EX 8 29 - 2016
23,2,23,2,299.99,0.1,599.88,Electra Girl's Hawaii 1 (20-inch) - 2015/2016
23,3,13,1,269.99,0.2,269.79,Electra Cruiser 1 (24-Inch) - 2016
24,1,3,2,999.99,0.1,1999.88,Surly Wednesday Frameset - 2016
24,2,18,2,449,0.07,897.93,Pure Cycles Western 3-Speed - Women's - 2015/2016
25,1,23,2,299.99,0.2,599.78,Electra Girl's Hawaii 1 (20-inch) - 2015/2016
25,2,10,2,1549,0.2,3097.8,Surly Straggler - 2016
25,3,22,1,269.99,0.2,269.79,Electra Girl's Hawaii 1 (16-inch) - 2015/2016
25,4,14,1,269.99,0.2,269.79,Electra Girl's Hawaii 1 (16-inch) - 2015/2016
25,5,21,1,269.99,0.1,269.89,Electra Cruiser 1 (24-Inch) - 2016
26,1,7,1,3999.99,0.05,3999.94,Trek Slash 8 27.5 - 2016
26,2,2,1,749.99,0.2,749.79,Ritchey Timberwolf Frameset - 2016
26,3,12,1,549.99,0.2,549.79,Electra Townie Original 21D - 2016
26,4,21,2,269.99,0.07,539.91,Electra Cruiser 1 (24-Inch) - 2016
27,1,5,1,1320.99,0.2,1320.79,Heller Shagamaw Frame - 2016
27,2,19,1,449,0.2,448.8,Pure Cycles William 3-Speed - 2016
27,3,26,2,599.99,0.07,1199.91,Electra Townie Original 7D EQ - 2016
27,4,8,1,1799.99,0.07,1799.92,Trek Remedy 29 Carbon Frameset - 2016
28,1,5,1,1320.99,0.05,1320.94,Heller Shagamaw Frame - 2016
28,2,7,2,3999.99,0.2,7999.78,Trek Slash 8 27.5 - 2016
28,3,14,2,269.99,0.1,539.88,Electra Girl's Hawaii 1 (16-inch) - 2015/2016
28,4,6,1,469.99,0.05,469.94,Surly Ice Cream Truck Frameset - 2016
29,1,24,2,549.99,0.05,1099.93,Electra Townie Original 21D - 2016
29,2,6,1,469.99,0.2,469.79,Surly Ice Cream Truck Frameset - 2016
29,3,21,2,269.99,0.1,539.88,Electra Cruiser 1 (24-Inch) - 2016
29,4,8,1,1799.99,0.2,1799.79,Trek Remedy 29 Carbon Frameset - 2016
29,5,14,2,269.99,0.05,539.93,Electra Girl's Hawaii 1 (16-inch) - 2015/2016
30,1,26,1,599.99,0.05,599.94,Electra Townie Original 7D EQ - 2016
30,2,17,1,429,0.07,428.93,Pure Cycles Vine 8-Speed - 2016
30,3,19,1,449,0.1,448.9,Pure Cycles William 3-Speed - 2016
30,4,4,1,2899.99,0.1,2899.89,Trek Fuel EX 8 29 - 2016
30,5,7,2,3999.99,0.1,7999.88,Trek Slash 8 27.5 - 2016
31,1,11,2,1680.99,0.05,3361.93,Surly Straggler 650b - 2016
31,2,9,2,2999.99,0.2,5999.78,Trek Conduit+ - 2016
32,1,8,2,1799.99,0.07,3599.91,Trek Remedy 29 Carbon Frameset - 2016
32,2,12,2,549.99,0.07,1099.91,Electra Townie Original 21D - 2016
32,3,25,2,499.99,0.1,999.88,Electra Townie Original 7D - 2015/2016
33,1,23,2,299.99,0.07,599.91,Electra Girl's Hawaii 1 (20-inch) - 2015/2016
33,2,7,1,3999.99,0.1,3999.89,Trek Slash 8 27.5 - 2016
34,1,8,2,1799.99,0.07,3599.91,Trek Remedy 29 Carbon Frameset - 2016
34,2,10,2,1549,0.1,3097.9,Surly Straggler - 2016
34,3,17,2,429,0.2,857.8,Pure Cycles Vine 8-Speed - 2016
35,1,18,1,449,0.05,448.95,Pure Cycles Western 3-Speed - Women's - 2015/2016
35,2,20,2,599.99,0.05,1199.93,Electra Townie Original 7D EQ - Women's - 2016
35,3,5,1,1320.99,0.2,1320.79,Heller Shagamaw Frame - 2016
35,4,21,2,269.99,0.07,539.91,Electra Cruiser 1 (24-Inch) - 2016
35,5,22,1,269.99,0.07,269.92,Electra Girl's Hawaii 1 (16-inch) - 2015/2016
36,1,9,1,2999.99,0.07,2999.92,Trek Conduit+ - 2016
36,2,5,1,1320.99,0.05,1320.94,Heller Shagamaw Frame - 2016
36,3,3,2,999.99,0.2,1999.78,Surly Wednesday Frameset - 2016
37,1,16,2,599.99,0.05,1199.93,Electra Townie Original 7D EQ - 2016
38,1,7,2,3999.99,0.05,7999.93,Trek Slash 8 27.5 - 2016
38,2,23,1,299.99,0.07,299.92,Electra Girl's Hawaii 1 (20-inch) - 2015/2016
38,3,25,1,499.99,0.2,499.79,Electra Townie Original 7D - 2015/2016
38,4,10,2,1549,0.1,3097.9,Surly Straggler - 2016
38,5,24,1,549.99,0.07,549.92,Electra Townie Original 21D - 2016
39,1,22,2,269.99,0.2,539.78,Electra Girl's Hawaii 1 (16-inch) - 2015/2016
39,2,16,2,599.99,0.2,1199.78,Electra Townie Original 7D EQ - 2016
39,3,3,2,999.99,0.05,1999.93,Surly Wednesday Frameset - 2016
39,4,15,1,529.99,0.1,529.89,Electra Moto 1 - 2016
40,1,17,1,429,0.2,428.8,Pure Cycles Vine 8-Speed - 2016
40,2,8,2,1799.99,0.2,3599.78,Trek Remedy 29 Carbon Frameset - 2016
41,1,5,1,1320.99,0.1,1320.89,Heller Shagamaw Frame - 2016
41,2,19,2,449,0.2,897.8,Pure Cycles William 3-Speed - 2016
41,3,26,2,599.99,0.2,1199.78,Electra Townie Original 7D EQ - 2016
42,1,19,1,449,0.05,448.95,Pure Cycles William 3-Speed - 2016
43,1,13,2,269.99,0.1,539.88,Electra Cruiser 1 (24-Inch) - 2016
43,2,12,2,549.99,0.05,1099.93,Electra Townie Original 21D - 2016
44,1,7,1,3999.99,0.1,3999.89,Trek Slash 8 27.5 - 2016
44,2,16,1,599.99,0.05,599.94,Electra Townie Original 7D EQ - 2016
45,1,4,2,2899.99,0.2,5799.78,Trek Fuel EX 8 29 - 2016
45,2,22,1,269.99,0.07,269.92,Electra Girl's Hawaii 1 (16-inch) - 2015/2016
45,3,21,2,269.99,0.05,539.93,Electra Cruiser 1 (24-Inch) - 2016
46,1,17,1,429,0.1,428.9,Pure Cycles Vine 8-Speed - 2016
47,1,6,1,469.99,0.05,469.94,Surly Ice Cream Truck Frameset - 2016
47,2,15,1,529.99,0.1,529.89,Electra Moto 1 - 2016
47,3,25,2,499.99,0.07,999.91,Electra Townie Original 7D - 2015/2016
47,4,13,1,269.99,0.2,269.79,Electra Cruiser 1 (24-Inch) - 2016
48,1,11,1,1680.99,0.1,1680.89,Surly Straggler 650b - 2016
48,2,4,1,2899.99,0.2,2899.79,Trek Fuel EX 8 29 - 2016
48,3,5,2,1320.99,0.1,2641.88,Heller Shagamaw Frame - 2016
48,4,14,2,269.99,0.07,539.91,Electra Girl's Hawaii 1 (16-inch) - 2015/2016
49,1,13,2,269.99,0.07,539.91,Electra Cruiser 1 (24-Inch) - 2016
50,1,3,1,999.99,0.05,999.94,Surly Wednesday Frameset - 2016
50,2,26,2,599.99,0.07,1199.91,Electra Townie Original 7D EQ - 2016
50,3,13,2,269.99,0.2,539.78,Electra Cruiser 1 (24-Inch) - 2016
51,1,13,1,269.99,0.05,269.94,Electra Cruiser 1 (24-Inch) - 2016
51,2,20,1,599.99,0.05,599.94,Electra Townie Original 7D EQ - Women's - 2016
51,3,26,2,599.99,0.2,1199.78,Electra Townie Original 7D EQ - 2016
52,1,25,1,499.99,0.07,499.92,Electra Townie Original 7D - 2015/2016
53,1,8,2,1799.99,0.2,3599.78,Trek Remedy 29 Carbon Frameset - 2016
53,2,23,2,299.99,0.05,599.93,Electra Girl's Hawaii 1 (20-inch) - 2015/2016
53,3,14,2,269.99,0.2,539.78,Electra Girl's Hawaii 1 (16-inch) - 2015/2016
53,4,25,2,499.99,0.1,999.88,Electra Townie Original 7D - 2015/2016
54,1,26,2,599.99,0.2,1199.78,Electra Townie Original 7D EQ - 2016
54,2,3,1,999.99,0.2,999.79,Surly Wednesday Frameset - 2016
55,1,21,1,269.99,0.05,269.94,Electra Cruiser 1 (24-Inch) - 2016
55,2,25,2,499.99,0.2,999.78,Electra Townie Original 7D - 2015/2016
55,3,15,2,529.99,0.2,1059.78,Electra Moto 1 - 2016
56,1,20,2,599.99,0.07,1199.91,Electra Townie Original 7D EQ - Women's - 2016
57,1,23,2,299.99,0.1,599.88,Electra Girl's Hawaii 1 (20-inch) - 2015/2016
57,2,19,2,449,0.2,897.8,Pure Cycles William 3-Speed - 2016
57,3,13,1,269.99,0.07,269.92,Electra Cruiser 1 (24-Inch) - 2016
58,1,14,2,269.99,0.05,539.93,Electra Girl's Hawaii 1 (16-inch) - 2015/2016
58,2,18,1,449,0.07,448.93,Pure Cycles Western 3-Speed - Women's - 2015/2016
58,3,23,1,299.99,0.1,299.89,Electra Girl's Hawaii 1 (20-inch) - 2015/2016
59,1,21,1,269.99,0.05,269.94,Electra Cruiser 1 (24-Inch) - 2016
59,2,2,1,749.99,0.1,749.89,Ritchey Timberwolf Frameset - 2016
59,3,17,2,429,0.1,857.9,Pure Cycles Vine 8-Speed - 2016
60,1,14,2,269.99,0.05,539.93,Electra Girl's Hawaii 1 (16-inch) - 2015/2016
60,2,4,1,2899.99,0.1,2899.89,Trek Fuel EX 8 29 - 2016
60,3,15,1,529.99,0.07,529.92,Electra Moto 1 - 2016
60,4,22,1,269.99,0.2,269.79,Electra Girl's Hawaii 1 (16-inch) - 2015/2016
61,1,25,1,499.99,0.1,499.89,Electra Townie Original 7D - 2015/2016
61,2,15,2,529.99,0.05,1059.93,Electra Moto 1 - 2016
61,3,5,2,1320.99,0.2,2641.78,Heller Shagamaw Frame - 2016
62,1,14,1,269.99,0.07,269.92,Electra Girl's Hawaii 1 (16-inch) - 2015/2016
62,2,8,2,1799.99,0.1,3599.88,Trek Remedy 29 Carbon Frameset - 2016
62,3,22,2,269.99,0.1,539.88,Electra Girl's Hawaii 1 (16-inch) - 2015/2016
63,1,25,2,499.99,0.1,999.88,Electra Townie Original 7D - 2015/2016
63,2,19,2,449,0.05,897.95,Pure Cycles William 3-Speed - 2016
63,3,3,1,999.99,0.1,999.89,Surly Wednesday Frameset - 2016
64,1,25,2,499.99,0.1,999.88,Electra Townie Original 7D - 2015/2016
64,2,22,2,269.99,0.2,539.78,Electra Girl's Hawaii 1 (16-inch) - 2015/2016
64,3,23,2,299.99,0.2,599.78,Electra Girl's Hawaii 1 (20-inch) - 2015/2016
64,4,24,2,549.99,0.1,1099.88,Electra Townie Original 21D - 2016
65,1,12,1,549.99,0.1,549.89,Electra Townie Original 21D - 2016
66,1,2,1,749.99,0.2,749.79,Ritchey Timberwolf Frameset - 2016
66,2,23,1,299.99,0.07,299.92,Electra Girl's Hawaii 1 (20-inch) - 2015/2016
66,3,12,1,549.99,0.07,549.92,Electra Townie Original 21D - 2016
67,1,23,2,299.99,0.2,599.78,Electra Girl's Hawaii 1 (20-inch) - 2015/2016
67,2,12,2,549.99,0.1,1099.88,Electra Townie Original 21D - 2016
67,3,21,1,269.99,0.2,269.79,Electra Cruiser 1 (24-Inch) - 2016
67,4,5,2,1320.99,0.1,2641.88,Heller Shagamaw Frame - 2016
67,5,19,1,449,0.2,448.8,Pure Cycles William 3-Speed - 2016
68,1,13,2,269.99,0.07,539.91,Electra Cruiser 1 (24-Inch) - 2016
68,2,17,1,429,0.1,428.9,Pure Cycles Vine 8-Speed - 2016
69,1,22,2,269.99,0.1,539.88,Electra Girl's Hawaii 1 (16-inch) - 2015/2016
69,2,5,1,1320.99,0.2,1320.79,Heller Shagamaw Frame - 2016
69,3,10,1,1549,0.05,1548.95,Surly Straggler - 2016
70,1,3,2,999.99,0.05,1999.93,Surly Wednesday Frameset - 2016
70,2,18,1,449,0.2,448.8,Pure Cycles Western 3-Speed - Women's - 2015/2016
70,3,20,1,599.99,0.05,599.94,Electra Townie Original 7D EQ - Women's - 2016
71,1,26,2,599.99,0.05,1199.93,Electra Townie Original 7D EQ - 2016
71,2,24,1,549.99,0.2,549.79,Electra Townie Original 21D - 2016
71,3,18,1,449,0.1,448.9,Pure Cycles Western 3-Speed - Women's - 2015/2016
72,1,17,2,429,0.07,857.93,Pure Cycles Vine 8-Speed - 2016
72,2,12,1,549.99,0.05,549.94,Electra Townie Original 21D - 2016
72,3,13,2,269.99,0.1,539.88,Electra Cruiser 1 (24-Inch) - 2016
73,1,22,1,269.99,0.07,269.92,Electra Girl's Hawaii 1 (16-inch) - 2015/2016
73,2,26,2,599.99,0.05,1199.93,Electra Townie Original 7D EQ - 2016
73,3,3,2,999.99,0.07,1999.91,Surly Wednesday Frameset - 2016
73,4,25,1,499.99,0.07,499.92,Electra Townie Original 7D - 2015/2016
73,5,23,2,299.99,0.2,599.78,Electra Girl's Hawaii 1 (20-inch) - 2015/2016
74,1,16,2,599.99,0.05,1199.93,Electra Townie Original 7D EQ - 2016
74,2,6,1,469.99,0.07,469.92,Surly Ice Cream Truck Frameset - 2016
75,1,3,1,999.99,0.1,999.89,Surly Wednesday Frameset - 2016
75,2,7,2,3999.99,0.07,7999.91,Trek Slash 8 27.5 - 2016
75,3,15,1,529.99,0.2,529.79,Electra Moto 1 - 2016
76,1,12,1,549.99,0.05,549.94,Electra Townie Original 21D - 2016
76,2,11,2,1680.99,0.1,3361.88,Surly Straggler 650b - 2016
76,3,5,1,1320.99,0.07,1320.92,Heller Shagamaw Frame - 2016
77,1,20,1,599.99,0.07,599.92,Electra Townie Original 7D EQ - Women's - 2016
77,2,24,2,549.99,0.1,1099.88,Electra Townie Original 21D - 2016
77,3,26,1,599.99,0.2,599.79,Electra Townie Original 7D EQ - 2016
77,4,25,1,499.99,0.2,499.79,Electra Townie Original 7D - 2015/2016
78,1,17,1,429,0.07,428.93,Pure Cycles Vine 8-Speed - 2016
78,2,19,1,449,0.2,448.8,Pure Cycles William 3-Speed - 2016
78,3,18,2,449,0.1,897.9,Pure Cycles Western 3-Speed - Women's - 2015/2016
78,4,14,2,269.99,0.1,539.88,Electra Girl's Hawaii 1 (16-inch) - 2015/2016
79,1,9,2,2999.99,0.1,5999.88,Trek Conduit+ - 2016
79,2,17,2,429,0.05,857.95,Pure Cycles Vine 8-Speed - 2016
79,3,6,1,469.99,0.1,469.89,Surly Ice Cream Truck Frameset - 2016
79,4,25,2,499.99,0.07,999.91,Electra Townie Original 7D - 2015/2016
80,1,26,1,599.99,0.1,599.89,Electra Townie Original 7D EQ - 2016
80,2,24,1,549.99,0.1,549.89,Electra Townie Original 21D - 2016
80,3,17,1,429,0.2,428.8,Pure Cycles Vine 8-Speed - 2016
81,1,10,2,1549,0.2,3097.8,Surly Straggler - 2016
81,2,23,2,299.99,0.05,599.93,Electra Girl's Hawaii 1 (20-inch) - 2015/2016
81,3,25,2,499.99,0.05,999.93,Electra Townie Original 7D - 2015/2016
82,1,25,2,499.99,0.1,999.88,Electra Townie Original 7D - 2015/2016
82,2,11,2,1680.99,0.2,3361.78,Surly Straggler 650b - 2016
83,1,20,1,599.99,0.2,599.79,Electra Townie Original 7D EQ - Women's - 2016
83,2,3,2,999.99,0.05,1999.93,Surly Wednesday Frameset - 2016
84,1,23,2,299.99,0.07,599.91,Electra Girl's Hawaii 1 (20-inch) - 2015/2016
84,2,15,2,529.99,0.07,1059.91,Electra Moto 1 - 2016
85,1,4,2,2899.99,0.05,5799.93,Trek Fuel EX 8 29 - 2016
85,2,18,1,449,0.07,448.93,Pure Cycles Western 3-Speed - Women's - 2015/2016
86,1,9,2,2999.99,0.1,5999.88,Trek Conduit+ - 2016
86,2,23,2,299.99,0.07,599.91,Electra Girl's Hawaii 1 (20-inch) - 2015/2016
86,3,21,2,269.99,0.2,539.78,Electra Cruiser 1 (24-Inch) - 2016
86,4,15,1,529.99,0.1,529.89,Electra Moto 1 - 2016
87,1,20,2,599.99,0.2,1199.78,Electra Townie Original 7D EQ - Women's - 2016
87,2,23,2,299.99,0.1,599.88,Electra Girl's Hawaii 1 (20-inch) - 2015/2016
88,1,10,1,1549,0.07,1548.93,Surly Straggler - 2016
88,2,8,2,1799.99,0.1,3599.88,Trek Remedy 29 Carbon Frameset - 2016
88,3,7,1,3999.99,0.1,3999.89,Trek Slash 8 27.5 - 2016
89,1,5,1,1320.99,0.05,1320.94,Heller Shagamaw Frame - 2016
89,2,6,2,469.99,0.1,939.88,Surly Ice Cream Truck Frameset - 2016
90,1,3,1,999.99,0.1,999.89,Surly Wednesday Frameset - 2016
90,2,6,1,469.99,0.07,469.92,Surly Ice Cream Truck Frameset - 2016
91,1,11,1,1680.99,0.1,1680.89,Surly Straggler 650b - 2016
91,2,25,1,499.99,0.05,499.94,Electra Townie Original 7D - 2015/2016
91,3,15,2,529.99,0.07,1059.91,Electra Moto 1 - 2016
91,4,13,2,269.99,0.07,539.91,Electra Cruiser 1 (24-Inch) - 2016
92,1,8,1,1799.99,0.1,1799.89,Trek Remedy 29 Carbon Frameset - 2016
93,1,22,2,269.99,0.07,539.91,Electra Girl's Hawaii 1 (16-inch) - 2015/2016
93,2,17,1,429,0.05,428.95,Pure Cycles Vine 8-Speed - 2016
93,3,21,1,269.99,0.1,269.89,Electra Cruiser 1 (24-Inch) - 2016
93,4,2,1,749.99,0.2,749.79,Ritchey Timberwolf Frameset - 2016
93,5,10,2,1549,0.07,3097.93,Surly Straggler - 2016
94,1,12,1,549.99,0.05,549.94,Electra Townie Original 21D - 2016
94,2,4,1,2899.99,0.2,2899.79,Trek Fuel EX 8 29 - 2016
94,3,11,1,1680.99,0.2,1680.79,Surly Straggler 650b - 2016
94,4,21,2,269.99,0.07,539.91,Electra Cruiser 1 (24-Inch) - 2016
95,1,10,2,1549,0.2,3097.8,Surly Straggler - 2016
95,2,19,1,449,0.1,448.9,Pure Cycles William 3-Speed - 2016
95,3,8,2,1799.99,0.2,3599.78,Trek Remedy 29 Carbon Frameset - 2016
95,4,20,2,599.99,0.05,1199.93,Electra Townie Original 7D EQ - Women's - 2016
96,1,26,1,599.99,0.1,599.89,Electra Townie Original 7D EQ - 2016
96,2,23,1,299.99,0.05,299.94,Electra Girl's Hawaii 1 (20-inch) - 2015/2016
97,1,20,2,599.99,0.2,1199.78,Electra Townie Original 7D EQ - Women's - 2016
97,2,2,1,749.99,0.07,749.92,Ritchey Timberwolf Frameset - 2016
97,3,6,2,469.99,0.2,939.78,Surly Ice Cream Truck Frameset - 2016
97,4,19,1,449,0.1,448.9,Pure Cycles William 3-Speed - 2016
98,1,19,1,449,0.07,448.93,Pure Cycles William 3-Speed - 2016
98,2,21,1,269.99,0.1,269.89,Electra Cruiser 1 (24-Inch) - 2016
98,3,2,1,749.99,0.2,749.79,Ritchey Timberwolf Frameset - 2016
98,4,22,2,269.99,0.2,539.78,Electra Girl's Hawaii 1 (16-inch) - 2015/2016
99,1,13,1,269.99,0.2,269.79,Electra Cruiser 1 (24-Inch) - 2016
99,2,21,1,269.99,0.2,269.79,Electra Cruiser 1 (24-Inch) - 2016
99,3,25,2,499.99,0.05,999.93,Electra Townie Original 7D - 2015/2016
99,4,7,2,3999.99,0.07,7999.91,Trek Slash 8 27.5 - 2016
99,5,23,2,299.99,0.2,599.78,Electra Girl's Hawaii 1 (20-inch) - 2015/2016
100,1,12,2,549.99,0.05,1099.93,Electra Townie Original 21D - 2016
100,2,11,2,1680.99,0.1,3361.88,Surly Straggler 650b - 2016
100,3,7,2,3999.99,0.2,7999.78,Trek Slash 8 27.5 - 2016
100,4,16,2,599.99,0.2,1199.78,Electra Townie Original 7D EQ - 2016
100,5,24,2,549.99,0.1,1099.88,Electra Townie Original 21D - 2016
101,1,12,2,549.99,0.2,1099.78,Electra Townie Original 21D - 2016
102,1,15,1,529.99,0.05,529.94,Electra Moto 1 - 2016
102,2,22,1,269.99,0.07,269.92,Electra Girl's Hawaii 1 (16-inch) - 2015/2016
103,1,17,1,429,0.07,428.93,Pure Cycles Vine 8-Speed - 2016
103,2,3,1,999.99,0.05,999.94,Surly Wednesday Frameset - 2016
103,3,18,1,449,0.2,448.8,Pure Cycles Western 3-Speed - Women's - 2015/2016
103,4,15,2,529.99,0.1,1059.88,Electra Moto 1 - 2016
103,5,9,2,2999.99,0.1,5999.88,Trek Conduit+ - 2016
104,1,19,2,449,0.1,897.9,Pure Cycles William 3-Speed - 2016
104,2,26,1,599.99,0.05,599.94,Electra Townie Original 7D EQ - 2016
105,1,11,2,1680.99,0.2,3361.78,Surly Straggler 650b - 2016
105,2,3,1,999.99,0.05,999.94,Surly Wednesday Frameset - 2016
105,3,9,1,2999.99,0.05,2999.94,Trek Conduit+ - 2016
106,1,17,1,429,0.1,428.9,Pure Cycles Vine 8-Speed - 2016
106,2,13,2,269.99,0.1,539.88,Electra Cruiser 1 (24-Inch) - 2016
107,1,19,1,449,0.2,448.8,Pure Cycles William 3-Speed - 2016
107,2,13,2,269.99,0.1,539.88,Electra Cruiser 1 (24-Inch) - 2016
108,1,11,1,1680.99,0.1,1680.89,Surly Straggler 650b - 2016
108,2,22,2,269.99,0.07,539.91,Electra Girl's Hawaii 1 (16-inch) - 2015/2016
108,3,16,2,599.99,0.05,1199.93,Electra Townie Original 7D EQ - 2016
109,1,22,2,269.99,0.1,539.88,Electra Girl's Hawaii 1 (16-inch) - 2015/2016
109,2,6,1,469.99,0.07,469.92,Surly Ice Cream Truck Frameset - 2016
110,1,14,1,269.99,0.1,269.89,Electra Girl's Hawaii 1 (16-inch) - 2015/2016
111,1,14,1,269.99,0.1,269.89,Electra Girl's Hawaii 1 (16-inch) - 2015/2016
111,2,12,2,549.99,0.07,1099.91,Electra Townie Original 21D - 2016
112,1,23,2,299.99,0.2,599.78,Electra Girl's Hawaii 1 (20-inch) - 2015/2016
112,2,25,2,499.99,0.07,999.91,Electra Townie Original 7D - 2015/2016
112,3,24,2,549.99,0.05,1099.93,Electra Townie Original 21D - 2016
112,4,5,1,1320.99,0.2,1320.79,Heller Shagamaw Frame - 2016
113,1,12,2,549.99,0.07,1099.91,Electra Townie Original 21D - 2016
113,2,24,2,549.99,0.1,1099.88,Electra Townie Original 21D - 2016
113,3,6,1,469.99,0.07,469.92,Surly Ice Cream Truck Frameset - 2016
113,4,23,1,299.99,0.2,299.79,Electra Girl's Hawaii 1 (20-inch) - 2015/2016
113,5,5,2,1320.99,0.2,2641.78,Heller Shagamaw Frame - 2016
114,1,12,1,549.99,0.05,549.94,Electra Townie Original 21D - 2016
114,2,2,1,749.99,0.07,749.92,Ritchey Timberwolf Frameset - 2016
114,3,13,2,269.99,0.1,539.88,Electra Cruiser 1 (24-Inch) - 2016
115,1,22,1,269.99,0.2,269.79,Electra Girl's Hawaii 1 (16-inch) - 2015/2016
115,2,19,1,449,0.1,448.9,Pure Cycles William 3-Speed - 2016
116,1,26,1,599.99,0.05,599.94,Electra Townie Original 7D EQ - 2016
117,1,22,2,269.99,0.2,539.78,Electra Girl's Hawaii 1 (16-inch) - 2015/2016
117,2,26,1,599.99,0.05,599.94,Electra Townie Original 7D EQ - 2016
117,3,14,1,269.99,0.2,269.79,Electra Girl's Hawaii 1 (16-inch) - 2015/2016
117,4,19,1,449,0.05,448.95,Pure Cycles William 3-Speed - 2016
118,1,18,1,449,0.07,448.93,Pure Cycles Western 3-Speed - Women's - 2015/2016
118,2,4,1,2899.99,0.07,2899.92,Trek Fuel EX 8 29 - 2016
118,3,6,1,469.99,0.07,469.92,Surly Ice Cream Truck Frameset - 2016
118,4,3,2,999.99,0.1,1999.88,Surly Wednesday Frameset - 2016
118,5,23,2,299.99,0.07,599.91,Electra Girl's Hawaii 1 (20-inch) - 2015/2016
119,1,25,1,499.99,0.05,499.94,Electra Townie Original 7D - 2015/2016
120,1,13,2,269.99,0.05,539.93,Electra Cruiser 1 (24-Inch) - 2016
120,2,6,2,469.99,0.05,939.93,Surly Ice Cream Truck Frameset - 2016
120,3,10,2,1549,0.05,3097.95,Surly Straggler - 2016
120,4,17,1,429,0.05,428.95,Pure Cycles Vine 8-Speed - 2016
120,5,16,2,599.99,0.2,1199.78,Electra Townie Original 7D EQ - 2016
121,1,5,1,1320.99,0.2,1320.79,Heller Shagamaw Frame - 2016
121,2,14,2,269.99,0.1,539.88,Electra Girl's Hawaii 1 (16-inch) - 2015/2016
121,3,4,2,2899.99,0.1,5799.88,Trek Fuel EX 8 29 - 2016
121,4,24,2,549.99,0.07,1099.91,Electra Townie Original 21D - 2016
121,5,2,2,749.99,0.05,1499.93,Ritchey Timberwolf Frameset - 2016
122,1,16,1,599.99,0.1,599.89,Electra Townie Original 7D EQ - 2016
123,1,12,2,549.99,0.1,1099.88,Electra Townie Original 21D - 2016
124,1,16,1,599.99,0.05,599.94,Electra Townie Original 7D EQ - 2016
124,2,4,1,2899.99,0.07,2899.92,Trek Fuel EX 8 29 - 2016
124,3,7,2,3999.99,0.05,7999.93,Trek Slash 8 27.5 - 2016
125,1,17,1,429,0.1,428.9,Pure Cycles Vine 8-Speed - 2016
126,1,9,2,2999.99,0.05,5999.93,Trek Conduit+ - 2016
127,1,17,1,429,0.07,428.93,Pure Cycles Vine 8-Speed - 2016
127,2,20,1,599.99,0.1,599.89,Electra Townie Original 7D EQ - Women's - 2016
127,3,4,2,2899.99,0.07,5799.91,Trek Fuel EX 8 29 - 2016
128,1,24,2,549.99,0.1,1099.88,Electra Townie Original 21D - 2016
128,2,16,2,599.99,0.1,1199.88,Electra Townie Original 7D EQ - 2016
128,3,4,2,2899.99,0.2,5799.78,Trek Fuel EX 8 29 - 2016
128,4,3,2,999.99,0.2,1999.78,Surly Wednesday Frameset - 2016
129,1,18,1,449,0.1,448.9,Pure Cycles Western 3-Speed - Women's - 2015/2016
129,2,9,1,2999.99,0.1,2999.89,Trek Conduit+ - 2016
130,1,26,1,599.99,0.05,599.94,Electra Townie Original 7D EQ - 2016
130,2,5,2,1320.99,0.07,2641.91,Heller Shagamaw Frame - 2016
131,1,22,2,269.99,0.2,539.78,Electra Girl's Hawaii 1 (16-inch) - 2015/2016
131,2,4,2,2899.99,0.07,5799.91,Trek Fuel EX 8 29 - 2016
131,3,24,2,549.99,0.1,1099.88,Electra Townie Original 21D - 2016
132,1,2,2,749.99,0.05,1499.93,Ritchey Timberwolf Frameset - 2016
132,2,20,1,599.99,0.05,599.94,Electra Townie Original 7D EQ - Women's - 2016
132,3,9,1,2999.99,0.1,2999.89,Trek Conduit+ - 2016
133,1,13,2,269.99,0.05,539.93,Electra Cruiser 1 (24-Inch) - 2016
133,2,22,1,269.99,0.2,269.79,Electra Girl's Hawaii 1 (16-inch) - 2015/2016
134,1,19,2,449,0.1,897.9,Pure Cycles William 3-Speed - 2016
134,2,2,2,749.99,0.07,1499.91,Ritchey Timberwolf Frameset - 2016
134,3,18,2,449,0.07,897.93,Pure Cycles Western 3-Speed - Women's - 2015/2016
135,1,5,2,1320.99,0.05,2641.93,Heller Shagamaw Frame - 2016
135,2,18,2,449,0.05,897.95,Pure Cycles Western 3-Speed - Women's - 2015/2016
135,3,25,1,499.99,0.2,499.79,Electra Townie Original 7D - 2015/2016
135,4,2,1,749.99,0.05,749.94,Ritchey Timberwolf Frameset - 2016
136,1,7,2,3999.99,0.2,7999.78,Trek Slash 8 27.5 - 2016
136,2,3,2,999.99,0.05,1999.93,Surly Wednesday Frameset - 2016
137,1,23,1,299.99,0.07,299.92,Electra Girl's Hawaii 1 (20-inch) - 2015/2016
137,2,22,1,269.99,0.1,269.89,Electra Girl's Hawaii 1 (16-inch) - 2015/2016
138,1,16,2,599.99,0.1,1199.88,Electra Townie Original 7D EQ - 2016
138,2,6,1,469.99,0.2,469.79,Surly Ice Cream Truck Frameset - 2016
139,1,19,2,449,0.07,897.93,Pure Cycles William 3-Speed - 2016
139,2,3,1,999.99,0.07,999.92,Surly Wednesday Frameset - 2016
140,1,15,1,529.99,0.2,529.79,Electra Moto 1 - 2016
140,2,21,1,269.99,0.2,269.79,Electra Cruiser 1 (24-Inch) - 2016
140,3,12,2,549.99,0.2,1099.78,Electra Townie Original 21D - 2016
140,4,3,1,999.99,0.05,999.94,Surly Wednesday Frameset - 2016
141,1,18,1,449,0.2,448.8,Pure Cycles Western 3-Speed - Women's - 2015/2016
142,1,16,2,599.99,0.1,1199.88,Electra Townie Original 7D EQ - 2016
142,2,11,2,1680.99,0.1,3361.88,Surly Straggler 650b - 2016
142,3,19,1,449,0.07,448.93,Pure Cycles William 3-Speed - 2016
143,1,6,1,469.99,0.2,469.79,Surly Ice Cream Truck Frameset - 2016
144,1,8,2,1799.99,0.05,3599.93,Trek Remedy 29 Carbon Frameset - 2016
145,1,11,1,1680.99,0.2,1680.79,Surly Straggler 650b - 2016
145,2,9,2,2999.99,0.1,5999.88,Trek Conduit+ - 2016
146,1,3,2,999.99,0.2,1999.78,Surly Wednesday Frameset - 2016
146,2,12,1,549.99,0.1,549.89,Electra Townie Original 21D - 2016
146,3,20,2,599.99,0.1,1199.88,Electra Townie Original 7D EQ - Women's - 2016
146,4,6,2,469.99,0.05,939.93,Surly Ice Cream Truck Frameset - 2016
146,5,2,1,749.99,0.07,749.92,Ritchey Timberwolf Frameset - 2016
147,1,26,2,599.99,0.2,1199.78,Electra Townie Original 7D EQ - 2016
148,1,14,1,269.99,0.05,269.94,Electra Girl's Hawaii 1 (16-inch) - 2015/2016
149,1,12,2,549.99,0.07,1099.91,Electra Townie Original 21D - 2016
149,2,21,2,269.99,0.07,539.91,Electra Cruiser 1 (24-Inch) - 2016
150,1,7,1,3999.99,0.1,3999.89,Trek Slash 8 27.5 - 2016
150,2,3,1,999.99,0.2,999.79,Surly Wednesday Frameset - 2016
150,3,17,1,429,0.07,428.93,Pure Cycles Vine 8-Speed - 2016
150,4,25,2,499.99,0.07,999.91,Electra Townie Original 7D - 2015/2016
151,1,17,1,429,0.1,428.9,Pure Cycles Vine 8-Speed - 2016
151,2,26,1,599.99,0.1,599.89,Electra Townie Original 7D EQ - 2016
152,1,6,2,469.99,0.2,939.78,Surly Ice Cream Truck Frameset - 2016
152,2,22,2,269.99,0.2,539.78,Electra Girl's Hawaii 1 (16-inch) - 2015/2016
152,3,16,2,599.99,0.07,1199.91,Electra Townie Original 7D EQ - 2016
153,1,16,1,599.99,0.07,599.92,Electra Townie Original 7D EQ - 2016
153,2,8,1,1799.99,0.07,1799.92,Trek Remedy 29 Carbon Frameset - 2016
153,3,15,2,529.99,0.05,1059.93,Electra Moto 1 - 2016
154,1,12,1,549.99,0.1,549.89,Electra Townie Original 21D - 2016
155,1,8,1,1799.99,0.1,1799.89,Trek Remedy 29 Carbon Frameset - 2016
156,1,18,2,449,0.2,897.8,Pure Cycles Western 3-Speed - Women's - 2015/2016
156,2,17,2,429,0.05,857.95,Pure Cycles Vine 8-Speed - 2016
156,3,6,1,469.99,0.07,469.92,Surly Ice Cream Truck Frameset - 2016
157,1,4,1,2899.99,0.1,2899.89,Trek Fuel EX 8 29 - 2016
157,2,7,2,3999.99,0.07,7999.91,Trek Slash 8 27.5 - 2016
158,1,24,1,549.99,0.1,549.89,Electra Townie Original 21D - 2016
159,1,13,1,269.99,0.2,269.79,Electra Cruiser 1 (24-Inch) - 2016
160,1,21,1,269.99,0.07,269.92,Electra Cruiser 1 (24-Inch) - 2016
160,2,15,2,529.99,0.07,1059.91,Electra Moto 1 - 2016
160,3,18,2,449,0.1,897.9,Pure Cycles Western 3-Speed - Women's - 2015/2016
160,4,11,1,1680.99,0.05,1680.94,Surly Straggler 650b - 2016
161,1,24,2,549.99,0.07,1099.91,Electra Townie Original 21D - 2016
161,2,22,1,269.99,0.05,269.94,Electra Girl's Hawaii 1 (16-inch) - 2015/2016
161,3,7,2,3999.99,0.05,7999.93,Trek Slash 8 27.5 - 2016
162,1,18,1,449,0.07,448.93,Pure Cycles Western 3-Speed - Women's - 2015/2016
162,2,21,2,269.99,0.07,539.91,Electra Cruiser 1 (24-Inch) - 2016
162,3,3,2,999.99,0.1,1999.88,Surly Wednesday Frameset - 2016
163,1,12,1,549.99,0.1,549.89,Electra Townie Original 21D - 2016
163,2,18,1,449,0.2,448.8,Pure Cycles Western 3-Speed - Women's - 2015/2016
164,1,4,2,2899.99,0.05,5799.93,Trek Fuel EX 8 29 - 2016
164,2,10,2,1549,0.05,3097.95,Surly Straggler - 2016
164,3,14,1,269.99,0.1,269.89,Electra Girl's Hawaii 1 (16-inch) - 2015/2016
165,1,4,2,2899.99,0.05,5799.93,Trek Fuel EX 8 29 - 2016
165,2,23,1,299.99,0.2,299.79,Electra Girl's Hawaii 1 (20-inch) - 2015/2016
165,3,2,1,749.99,0.05,749.94,Ritchey Timberwolf Frameset - 2016
166,1,10,2,1549,0.1,3097.9,Surly Straggler - 2016
166,2,11,1,1680.99,0.2,1680.79,Surly Straggler 650b - 2016
167,1,12,1,549.99,0.05,549.94,Electra Townie Original 21D - 2016
167,2,10,1,1549,0.2,1548.8,Surly Straggler - 2016
167,3,13,2,269.99,0.05,539.93,Electra Cruiser 1 (24-Inch) - 2016
167,4,7,2,3999.99,0.05,7999.93,Trek Slash 8 27.5 - 2016
168,1,6,1,469.99,0.1,469.89,Surly Ice Cream Truck Frameset - 2016
168,2,11,2,1680.99,0.07,3361.91,Surly Straggler 650b - 2016
168,3,12,2,549.99,0.07,1099.91,Electra Townie Original 21D - 2016
168,4,22,2,269.99,0.2,539.78,Electra Girl's Hawaii 1 (16-inch) - 2015/2016
169,1,20,2,599.99,0.1,1199.88,Electra Townie Original 7D EQ - Women's - 2016
169,2,5,1,1320.99,0.05,1320.94,Heller Shagamaw Frame - 2016
169,3,10,1,1549,0.2,1548.8,Surly Straggler - 2016
169,4,11,1,1680.99,0.2,1680.79,Surly Straggler 650b - 2016
169,5,14,2,269.99,0.05,539.93,Electra Girl's Hawaii 1 (16-inch) - 2015/2016
170,1,12,2,549.99,0.1,1099.88,Electra Townie Original 21D - 2016
170,2,24,1,549.99,0.05,549.94,Electra Townie Original 21D - 2016
170,3,7,1,3999.99,0.2,3999.79,Trek Slash 8 27.5 - 2016
170,4,18,2,449,0.05,897.95,Pure Cycles Western 3-Speed - Women's - 2015/2016
171,1,8,1,1799.99,0.05,1799.94,Trek Remedy 29 Carbon Frameset - 2016
172,1,23,1,299.99,0.07,299.92,Electra Girl's Hawaii 1 (20-inch) - 2015/2016
172,2,16,1,599.99,0.2,599.79,Electra Townie Original 7D EQ - 2016
173,1,14,1,269.99,0.05,269.94,Electra Girl's Hawaii 1 (16-inch) - 2015/2016
173,2,16,1,599.99,0.2,599.79,Electra Townie Original 7D EQ - 2016
173,3,20,2,599.99,0.05,1199.93,Electra Townie Original 7D EQ - Women's - 2016
174,1,22,2,269.99,0.2,539.78,Electra Girl's Hawaii 1 (16-inch) - 2015/2016
174,2,19,2,449,0.1,897.9,Pure Cycles William 3-Speed - 2016
175,1,5,1,1320.99,0.1,1320.89,Heller Shagamaw Frame - 2016
175,2,2,2,749.99,0.2,1499.78,Ritchey Timberwolf Frameset - 2016
175,3,21,2,269.99,0.1,539.88,Electra Cruiser 1 (24-Inch) - 2016
175,4,19,1,449,0.07,448.93,Pure Cycles William 3-Speed - 2016
176,1,2,2,749.99,0.07,1499.91,Ritchey Timberwolf Frameset - 2016
176,2,11,2,1680.99,0.2,3361.78,Surly Straggler 650b - 2016
176,3,16,2,599.99,0.05,1199.93,Electra Townie Original 7D EQ - 2016
177,1,20,2,599.99,0.1,1199.88,Electra Townie Original 7D EQ - Women's - 2016
178,1,10,2,1549,0.2,3097.8,Surly Straggler - 2016
178,2,12,1,549.99,0.05,549.94,Electra Townie Original 21D - 2016
178,3,3,1,999.99,0.1,999.89,Surly Wednesday Frameset - 2016
178,4,18,1,449,0.07,448.93,Pure Cycles Western 3-Speed - Women's - 2015/2016
179,1,13,2,269.99,0.05,539.93,Electra Cruiser 1 (24-Inch) - 2016
179,2,26,1,599.99,0.1,599.89,Electra Townie Original 7D EQ - 2016
179,3,18,1,449,0.2,448.8,Pure Cycles Western 3-Speed - Women's - 2015/2016
179,4,12,2,549.99,0.2,1099.78,Electra Townie Original 21D - 2016
179,5,20,2,599.99,0.1,1199.88,Electra Townie Original 7D EQ - Women's - 2016
180,1,16,1,599.99,0.07,599.92,Electra Townie Original 7D EQ - 2016
181,1,10,1,1549,0.05,1548.95,Surly Straggler - 2016
181,2,11,1,1680.99,0.1,1680.89,Surly Straggler 650b - 2016
181,3,15,2,529.99,0.2,1059.78,Electra Moto 1 - 2016
181,4,24,2,549.99,0.05,1099.93,Electra Townie Original 21D - 2016
182,1,25,2,499.99,0.05,999.93,Electra Townie Original 7D - 2015/2016
182,2,24,2,549.99,0.07,1099.91,Electra Townie Original 21D - 2016
183,1,11,2,1680.99,0.2,3361.78,Surly Straggler 650b - 2016
183,2,12,2,549.99,0.05,1099.93,Electra Townie Original 21D - 2016
183,3,19,1,449,0.07,448.93,Pure Cycles William 3-Speed - 2016
183,4,17,1,429,0.07,428.93,Pure Cycles Vine 8-Speed - 2016
184,1,4,1,2899.99,0.2,2899.79,Trek Fuel EX 8 29 - 2016
184,2,5,1,1320.99,0.1,1320.89,Heller Shagamaw Frame - 2016
184,3,14,1,269.99,0.1,269.89,Electra Girl's Hawaii 1 (16-inch) - 2015/2016
185,1,20,1,599.99,0.1,599.89,Electra Townie Original 7D EQ - Women's - 2016
185,2,8,1,1799.99,0.05,1799.94,Trek Remedy 29 Carbon Frameset - 2016
186,1,4,1,2899.99,0.1,2899.89,Trek Fuel EX 8 29 - 2016
186,2,6,1,469.99,0.1,469.89,Surly Ice Cream Truck Frameset - 2016
187,1,5,1,1320.99,0.05,1320.94,Heller Shagamaw Frame - 2016
188,1,7,2,3999.99,0.07,7999.91,Trek Slash 8 27.5 - 2016
189,1,16,2,599.99,0.2,1199.78,Electra Townie Original 7D EQ - 2016
190,1,24,1,549.99,0.05,549.94,Electra Townie Original 21D - 2016
190,2,15,1,529.99,0.2,529.79,Electra Moto 1 - 2016
190,3,3,2,999.99,0.2,1999.78,Surly Wednesday Frameset - 2016
191,1,25,1,499.99,0.05,499.94,Electra Townie Original 7D - 2015/2016
191,2,12,2,549.99,0.2,1099.78,Electra Townie Original 21D - 2016
191,3,3,1,999.99,0.07,999.92,Surly Wednesday Frameset - 2016
191,4,8,2,1799.99,0.05,3599.93,Trek Remedy 29 Carbon Frameset - 2016
191,5,23,1,299.99,0.05,299.94,Electra Girl's Hawaii 1 (20-inch) - 2015/2016
192,1,8,2,1799.99,0.1,3599.88,Trek Remedy 29 Carbon Frameset - 2016
192,2,25,1,499.99,0.07,499.92,Electra Townie Original 7D - 2015/2016
192,3,2,1,749.99,0.05,749.94,Ritchey Timberwolf Frameset - 2016
192,4,24,2,549.99,0.07,1099.91,Electra Townie Original 21D - 2016
192,5,10,2,1549,0.2,3097.8,Surly Straggler - 2016
193,1,12,2,549.99,0.1,1099.88,Electra Townie Original 21D - 2016
194,1,21,2,269.99,0.2,539.78,Electra Cruiser 1 (24-Inch) - 2016
195,1,18,1,449,0.2,448.8,Pure Cycles Western 3-Speed - Women's - 2015/2016
195,2,14,1,269.99,0.05,269.94,Electra Girl's Hawaii 1 (16-inch) - 2015/2016
195,3,5,2,1320.99,0.2,2641.78,Heller Shagamaw Frame - 2016
195,4,4,2,2899.99,0.2,5799.78,Trek Fuel EX 8 29 - 2016
195,5,21,2,269.99,0.1,539.88,Electra Cruiser 1 (24-Inch) - 2016
196,1,6,1,469.99,0.05,469.94,Surly Ice Cream Truck Frameset - 2016
196,2,3,2,999.99,0.07,1999.91,Surly Wednesday Frameset - 2016
196,3,10,2,1549,0.07,3097.93,Surly Straggler - 2016
196,4,12,1,549.99,0.07,549.92,Electra Townie Original 21D - 2016
196,5,20,1,599.99,0.1,599.89,Electra Townie Original 7D EQ - Women's - 2016
197,1,4,2,2899.99,0.2,5799.78,Trek Fuel EX 8 29 - 2016
197,2,2,2,749.99,0.07,1499.91,Ritchey Timberwolf Frameset - 2016
198,1,6,2,469.99,0.05,939.93,Surly Ice Cream Truck Frameset - 2016
198,2,20,2,599.99,0.07,1199.91,Electra Townie Original 7D EQ - Women's - 2016
198,3,8,2,1799.99,0.2,3599.78,Trek Remedy 29 Carbon Frameset - 2016
198,4,13,2,269.99,0.05,539.93,Electra Cruiser 1 (24-Inch) - 2016
198,5,17,1,429,0.05,428.95,Pure Cycles Vine 8-Speed - 2016
199,1,25,2,499.99,0.05,999.93,Electra Townie Original 7D - 2015/2016
199,2,18,2,449,0.07,897.93,Pure Cycles Western 3-Speed - Women's - 2015/2016
199,3,4,1,2899.99,0.2,2899.79,Trek Fuel EX 8 29 - 2016
200,1,23,2,299.99,0.05,599.93,Electra Girl's Hawaii 1 (20-inch) - 2015/2016
200,2,22,2,269.99,0.07,539.91,Electra Girl's Hawaii 1 (16-inch) - 2015/2016
201,1,24,1,549.99,0.05,549.94,Electra Townie Original 21D - 2016
201,2,7,1,3999.99,0.2,3999.79,Trek Slash 8 27.5 - 2016
201,3,14,2,269.99,0.1,539.88,Electra Girl's Hawaii 1 (16-inch) - 2015/2016
201,4,17,1,429,0.05,428.95,Pure Cycles Vine 8-Speed - 2016
202,1,8,1,1799.99,0.07,1799.92,Trek Remedy 29 Carbon Frameset - 2016
202,2,17,1,429,0.05,428.95,Pure Cycles Vine 8-Speed - 2016
202,3,15,2,529.99,0.05,1059.93,Electra Moto 1 - 2016
202,4,25,2,499.99,0.05,999.93,Electra Townie Original 7D - 2015/2016
203,1,26,1,599.99,0.05,599.94,Electra Townie Original 7D EQ - 2016
203,2,3,2,999.99,0.1,1999.88,Surly Wednesday Frameset - 2016
203,3,17,2,429,0.2,857.8,Pure Cycles Vine 8-Speed - 2016
203,4,19,2,449,0.07,897.93,Pure Cycles William 3-Speed - 2016
204,1,6,2,469.99,0.07,939.91,Surly Ice Cream Truck Frameset - 2016
204,2,17,2,429,0.1,857.9,Pure Cycles Vine 8-Speed - 2016
205,1,22,2,269.99,0.05,539.93,Electra Girl's Hawaii 1 (16-inch) - 2015/2016
205,2,24,2,549.99,0.1,1099.88,Electra Townie Original 21D - 2016
206,1,25,1,499.99,0.05,499.94,Electra Townie Original 7D - 2015/2016
206,2,20,1,599.99,0.2,599.79,Electra Townie Original 7D EQ - Women's - 2016
207,1,12,2,549.99,0.2,1099.78,Electra Townie Original 21D - 2016
207,2,5,1,1320.99,0.05,1320.94,Heller Shagamaw Frame - 2016
207,3,11,2,1680.99,0.07,3361.91,Surly Straggler 650b - 2016
207,4,7,2,3999.99,0.1,7999.88,Trek Slash 8 27.5 - 2016
208,1,6,2,469.99,0.05,939.93,Surly Ice Cream Truck Frameset - 2016
208,2,4,2,2899.99,0.07,5799.91,Trek Fuel EX 8 29 - 2016
208,3,3,1,999.99,0.05,999.94,Surly Wednesday Frameset - 2016
208,4,12,1,549.99,0.2,549.79,Electra Townie Original 21D - 2016
208,5,10,2,1549,0.05,3097.95,Surly Straggler - 2016
209,1,13,1,269.99,0.1,269.89,Electra Cruiser 1 (24-Inch) - 2016
210,1,14,1,269.99,0.07,269.92,Electra Girl's Hawaii 1 (16-inch) - 2015/2016
210,2,13,2,269.99,0.2,539.78,Electra Cruiser 1 (24-Inch) - 2016
211,1,10,1,1549,0.07,1548.93,Surly Straggler - 2016
211,2,2,2,749.99,0.07,1499.91,Ritchey Timberwolf Frameset - 2016
212,1,16,2,599.99,0.07,1199.91,Electra Townie Original 7D EQ - 2016
212,2,12,2,549.99,0.2,1099.78,Electra Townie Original 21D - 2016
212,3,19,1,449,0.1,448.9,Pure Cycles William 3-Speed - 2016
212,4,7,1,3999.99,0.2,3999.79,Trek Slash 8 27.5 - 2016
213,1,13,1,269.99,0.1,269.89,Electra Cruiser 1 (24-Inch) - 2016
214,1,21,1,269.99,0.1,269.89,Electra Cruiser 1 (24-Inch) - 2016
215,1,19,1,449,0.07,448.93,Pure Cycles William 3-Speed - 2016
215,2,12,2,549.99,0.1,1099.88,Electra Townie Original 21D - 2016
216,1,22,2,269.99,0.1,539.88,Electra Girl's Hawaii 1 (16-inch) - 2015/2016
216,2,16,2,599.99,0.05,1199.93,Electra Townie Original 7D EQ - 2016
217,1,18,1,449,0.1,448.9,Pure Cycles Western 3-Speed - Women's - 2015/2016
217,2,10,2,1549,0.1,3097.9,Surly Straggler - 2016
217,3,17,1,429,0.07,428.93,Pure Cycles Vine 8-Speed - 2016
218,1,2,2,749.99,0.1,1499.88,Ritchey Timberwolf Frameset - 2016
218,2,13,1,269.99,0.07,269.92,Electra Cruiser 1 (24-Inch) - 2016
218,3,12,1,549.99,0.05,549.94,Electra Townie Original 21D - 2016
219,1,26,1,599.99,0.05,599.94,Electra Townie Original 7D EQ - 2016
219,2,5,1,1320.99,0.2,1320.79,Heller Shagamaw Frame - 2016
220,1,6,2,469.99,0.05,939.93,Surly Ice Cream Truck Frameset - 2016
220,2,25,1,499.99,0.07,499.92,Electra Townie Original 7D - 2015/2016
220,3,22,2,269.99,0.1,539.88,Electra Girl's Hawaii 1 (16-inch) - 2015/2016
220,4,3,2,999.99,0.2,1999.78,Surly Wednesday Frameset - 2016
221,1,11,2,1680.99,0.07,3361.91,Surly Straggler 650b - 2016
222,1,10,1,1549,0.1,1548.9,Surly Straggler - 2016
222,2,2,2,749.99,0.1,1499.88,Ritchey Timberwolf Frameset - 2016
223,1,7,2,3999.99,0.05,7999.93,Trek Slash 8 27.5 - 2016
223,2,5,1,1320.99,0.2,1320.79,Heller Shagamaw Frame - 2016
223,3,21,2,269.99,0.1,539.88,Electra Cruiser 1 (24-Inch) - 2016
223,4,20,1,599.99,0.05,599.94,Electra Townie Original 7D EQ - Women's - 2016
223,5,15,1,529.99,0.05,529.94,Electra Moto 1 - 2016
224,1,6,1,469.99,0.07,469.92,Surly Ice Cream Truck Frameset - 2016
224,2,11,2,1680.99,0.1,3361.88,Surly Straggler 650b - 2016
224,3,10,2,1549,0.2,3097.8,Surly Straggler - 2016
224,4,25,1,499.99,0.05,499.94,Electra Townie Original 7D - 2015/2016
225,1,21,1,269.99,0.1,269.89,Electra Cruiser 1 (24-Inch) - 2016
225,2,9,1,2999.99,0.1,2999.89,Trek Conduit+ - 2016
226,1,2,1,749.99,0.05,749.94,Ritchey Timberwolf Frameset - 2016
227,1,3,2,999.99,0.05,1999.93,Surly Wednesday Frameset - 2016
227,2,15,2,529.99,0.1,1059.88,Electra Moto 1 - 2016
228,1,25,1,499.99,0.2,499.79,Electra Townie Original 7D - 2015/2016
228,2,2,2,749.99,0.07,1499.91,Ritchey Timberwolf Frameset - 2016
228,3,23,2,299.99,0.1,599.88,Electra Girl's Hawaii 1 (20-inch) - 2015/2016
228,4,4,1,2899.99,0.2,2899.79,Trek Fuel EX 8 29 - 2016
228,5,22,1,269.99,0.05,269.94,Electra Girl's Hawaii 1 (16-inch) - 2015/2016
229,1,25,2,499.99,0.2,999.78,Electra Townie Original 7D - 2015/2016
229,2,5,2,1320.99,0.1,2641.88,Heller Shagamaw Frame - 2016
229,3,8,1,1799.99,0.2,1799.79,Trek Remedy 29 Carbon Frameset - 2016
230,1,11,2,1680.99,0.07,3361.91,Surly Straggler 650b - 2016
231,1,8,2,1799.99,0.07,3599.91,Trek Remedy 29 Carbon Frameset - 2016
231,2,14,2,269.99,0.2,539.78,Electra Girl's Hawaii 1 (16-inch) - 2015/2016
231,3,5,2,1320.99,0.2,2641.78,Heller Shagamaw Frame - 2016
232,1,18,1,449,0.07,448.93,Pure Cycles Western 3-Speed - Women's - 2015/2016
232,2,11,2,1680.99,0.05,3361.93,Surly Straggler 650b - 2016
232,3,26,2,599.99,0.07,1199.91,Electra Townie Original 7D EQ - 2016
232,4,8,2,1799.99,0.1,3599.88,Trek Remedy 29 Carbon Frameset - 2016
233,1,14,1,269.99,0.1,269.89,Electra Girl's Hawaii 1 (16-inch) - 2015/2016
233,2,16,2,599.99,0.1,1199.88,Electra Townie Original 7D EQ - 2016
233,3,12,1,549.99,0.2,549.79,Electra Townie Original 21D - 2016
233,4,15,2,529.99,0.07,1059.91,Electra Moto 1 - 2016
234,1,11,2,1680.99,0.2,3361.78,Surly Straggler 650b - 2016
234,2,17,2,429,0.05,857.95,Pure Cycles Vine 8-Speed - 2016
234,3,12,1,549.99,0.1,549.89,Electra Townie Original 21D - 2016
234,4,7,1,3999.99,0.05,3999.94,Trek Slash 8 27.5 - 2016
234,5,23,1,299.99,0.1,299.89,Electra Girl's Hawaii 1 (20-inch) - 2015/2016
235,1,6,1,469.99,0.07,469.92,Surly Ice Cream Truck Frameset - 2016
235,2,13,2,269.99,0.05,539.93,Electra Cruiser 1 (24-Inch) - 2016
235,3,7,2,3999.99,0.05,7999.93,Trek Slash 8 27.5 - 2016
236,1,3,2,999.99,0.07,1999.91,Surly Wednesday Frameset - 2016
236,2,2,2,749.99,0.1,1499.88,Ritchey Timberwolf Frameset - 2016
236,3,4,2,2899.99,0.1,5799.88,Trek Fuel EX 8 29 - 2016
237,1,15,1,529.99,0.2,529.79,Electra Moto 1 - 2016
237,2,24,1,549.99,0.07,549.92,Electra Townie Original 21D - 2016
237,3,20,2,599.99,0.2,1199.78,Electra Townie Original 7D EQ - Women's - 2016
237,4,26,1,599.99,0.05,599.94,Electra Townie Original 7D EQ - 2016
238,1,20,2,599.99,0.2,1199.78,Electra Townie Original 7D EQ - Women's - 2016
238,2,25,1,499.99,0.07,499.92,Electra Townie Original 7D - 2015/2016
238,3,13,2,269.99,0.2,539.78,Electra Cruiser 1 (24-Inch) - 2016
238,4,22,2,269.99,0.05,539.93,Electra Girl's Hawaii 1 (16-inch) - 2015/2016
238,5,7,1,3999.99,0.07,3999.92,Trek Slash 8 27.5 - 2016
239,1,16,2,599.99,0.1,1199.88,Electra Townie Original 7D EQ - 2016
239,2,21,2,269.99,0.05,539.93,Electra Cruiser 1 (24-Inch) - 2016
239,3,18,1,449,0.07,448.93,Pure Cycles Western 3-Speed - Women's - 2015/2016
239,4,4,2,2899.99,0.07,5799.91,Trek Fuel EX 8 29 - 2016
240,1,9,1,2999.99,0.07,2999.92,Trek Conduit+ - 2016
240,2,8,1,1799.99,0.07,1799.92,Trek Remedy 29 Carbon Frameset - 2016
240,3,5,1,1320.99,0.07,1320.92,Heller Shagamaw Frame - 2016
240,4,18,2,449,0.07,897.93,Pure Cycles Western 3-Speed - Women's - 2015/2016
241,1,7,1,3999.99,0.2,3999.79,Trek Slash 8 27.5 - 2016
242,1,3,1,999.99,0.2,999.79,Surly Wednesday Frameset - 2016
243,1,25,2,499.99,0.05,999.93,Electra Townie Original 7D - 2015/2016
243,2,19,2,449,0.07,897.93,Pure Cycles William 3-Speed - 2016
243,3,7,2,3999.99,0.05,7999.93,Trek Slash 8 27.5 - 2016
244,1,19,1,449,0.07,448.93,Pure Cycles William 3-Speed - 2016
244,2,25,1,499.99,0.2,499.79,Electra Townie Original 7D - 2015/2016
244,3,22,1,269.99,0.1,269.89,Electra Girl's Hawaii 1 (16-inch) - 2015/2016
245,1,10,2,1549,0.05,3097.95,Surly Straggler - 2016
245,2,8,1,1799.99,0.1,1799.89,Trek Remedy 29 Carbon Frameset - 2016
246,1,17,2,429,0.2,857.8,Pure Cycles Vine 8-Speed - 2016
247,1,25,1,499.99,0.07,499.92,Electra Townie Original 7D - 2015/2016
247,2,3,1,999.99,0.2,999.79,Surly Wednesday Frameset - 2016
248,1,13,1,269.99,0.1,269.89,Electra Cruiser 1 (24-Inch) - 2016
248,2,26,2,599.99,0.1,1199.88,Electra Townie Original 7D EQ - 2016
248,3,17,1,429,0.1,428.9,Pure Cycles Vine 8-Speed - 2016
248,4,9,1,2999.99,0.2,2999.79,Trek Conduit+ - 2016
249,1,7,2,3999.99,0.05,7999.93,Trek Slash 8 27.5 - 2016
249,2,18,2,449,0.05,897.95,Pure Cycles Western 3-Speed - Women's - 2015/2016
249,3,22,1,269.99,0.1,269.89,Electra Girl's Hawaii 1 (16-inch) - 2015/2016
250,1,17,2,429,0.05,857.95,Pure Cycles Vine 8-Speed - 2016
250,2,11,2,1680.99,0.1,3361.88,Surly Straggler 650b - 2016
251,1,23,2,299.99,0.2,599.78,Electra Girl's Hawaii 1 (20-inch) - 2015/2016
251,2,22,2,269.99,0.05,539.93,Electra Girl's Hawaii 1 (16-inch) - 2015/2016
252,1,11,2,1680.99,0.1,3361.88,Surly Straggler 650b - 2016
252,2,4,1,2899.99,0.07,2899.92,Trek Fuel EX 8 29 - 2016
252,3,19,1,449,0.1,448.9,Pure Cycles William 3-Speed - 2016
253,1,11,2,1680.99,0.07,3361.91,Surly Straggler 650b - 2016
254,1,6,2,469.99,0.07,939.91,Surly Ice Cream Truck Frameset - 2016
254,2,3,1,999.99,0.05,999.94,Surly Wednesday Frameset - 2016
254,3,12,1,549.99,0.05,549.94,Electra Townie Original 21D - 2016
255,1,5,2,1320.99,0.1,2641.88,Heller Shagamaw Frame - 2016
255,2,14,1,269.99,0.2,269.79,Electra Girl's Hawaii 1 (16-inch) - 2015/2016
255,3,2,2,749.99,0.2,1499.78,Ritchey Timberwolf Frameset - 2016
255,4,21,1,269.99,0.07,269.92,Electra Cruiser 1 (24-Inch) - 2016
256,1,11,1,1680.99,0.1,1680.89,Surly Straggler 650b - 2016
256,2,21,1,269.99,0.05,269.94,Electra Cruiser 1 (24-Inch) - 2016
257,1,8,2,1799.99,0.07,3599.91,Trek Remedy 29 Carbon Frameset - 2016
257,2,13,2,269.99,0.2,539.78,Electra Cruiser 1 (24-Inch) - 2016
257,3,10,2,1549,0.1,3097.9,Surly Straggler - 2016
257,4,15,1,529.99,0.1,529.89,Electra Moto 1 - 2016
258,1,8,2,1799.99,0.05,3599.93,Trek Remedy 29 Carbon Frameset - 2016
258,2,4,1,2899.99,0.07,2899.92,Trek Fuel EX 8 29 - 2016
258,3,19,1,449,0.07,448.93,Pure Cycles William 3-Speed - 2016
258,4,18,1,449,0.05,448.95,Pure Cycles Western 3-Speed - Women's - 2015/2016
259,1,26,1,599.99,0.05,599.94,Electra Townie Original 7D EQ - 2016
259,2,6,2,469.99,0.1,939.88,Surly Ice Cream Truck Frameset - 2016
259,3,2,2,749.99,0.2,1499.78,Ritchey Timberwolf Frameset - 2016
259,4,4,1,2899.99,0.1,2899.89,Trek Fuel EX 8 29 - 2016
260,1,23,2,299.99,0.2,599.78,Electra Girl's Hawaii 1 (20-inch) - 2015/2016
260,2,10,1,1549,0.2,1548.8,Surly Straggler - 2016
260,3,24,2,549.99,0.2,1099.78,Electra Townie Original 21D - 2016
261,1,16,2,599.99,0.05,1199.93,Electra Townie Original 7D EQ - 2016
261,2,14,1,269.99,0.1,269.89,Electra Girl's Hawaii 1 (16-inch) - 2015/2016
261,3,17,2,429,0.1,857.9,Pure Cycles Vine 8-Speed - 2016
262,1,2,1,749.99,0.07,749.92,Ritchey Timberwolf Frameset - 2016
262,2,9,2,2999.99,0.05,5999.93,Trek Conduit+ - 2016
263,1,9,1,2999.99,0.07,2999.92,Trek Conduit+ - 2016
263,2,3,1,999.99,0.2,999.79,Surly Wednesday Frameset - 2016
263,3,2,2,749.99,0.05,1499.93,Ritchey Timberwolf Frameset - 2016
264,1,10,1,1549,0.2,1548.8,Surly Straggler - 2016
264,2,24,2,549.99,0.05,1099.93,Electra Townie Original 21D - 2016
264,3,15,2,529.99,0.1,1059.88,Electra Moto 1 - 2016
264,4,3,2,999.99,0.07,1999.91,Surly Wednesday Frameset - 2016
265,1,9,2,2999.99,0.2,5999.78,Trek Conduit+ - 2016
266,1,6,2,469.99,0.07,939.91,Surly Ice Cream Truck Frameset - 2016
266,2,19,1,449,0.2,448.8,Pure Cycles William 3-Speed - 2016
266,3,25,1,499.99,0.05,499.94,Electra Townie Original 7D - 2015/2016
267,1,22,2,269.99,0.2,539.78,Electra Girl's Hawaii 1 (16-inch) - 2015/2016
267,2,23,2,299.99,0.1,599.88,Electra Girl's Hawaii 1 (20-inch) - 2015/2016
267,3,24,1,549.99,0.1,549.89,Electra Townie Original 21D - 2016
267,4,7,2,3999.99,0.07,7999.91,Trek Slash 8 27.5 - 2016
267,5,21,1,269.99,0.05,269.94,Electra Cruiser 1 (24-Inch) - 2016
268,1,7,1,3999.99,0.05,3999.94,Trek Slash 8 27.5 - 2016
268,2,6,2,469.99,0.2,939.78,Surly Ice Cream Truck Frameset - 2016
268,3,9,1,2999.99,0.1,2999.89,Trek Conduit+ - 2016
269,1,5,1,1320.99,0.07,1320.92,Heller Shagamaw Frame - 2016
269,2,23,2,299.99,0.07,599.91,Electra Girl's Hawaii 1 (20-inch) - 2015/2016
269,3,18,1,449,0.05,448.95,Pure Cycles Western 3-Speed - Women's - 2015/2016
269,4,3,1,999.99,0.05,999.94,Surly Wednesday Frameset - 2016
270,1,25,2,499.99,0.2,999.78,Electra Townie Original 7D - 2015/2016
270,2,15,1,529.99,0.1,529.89,Electra Moto 1 - 2016
271,1,11,2,1680.99,0.07,3361.91,Surly Straggler 650b - 2016
271,2,6,2,469.99,0.05,939.93,Surly Ice Cream Truck Frameset - 2016
271,3,13,1,269.99,0.1,269.89,Electra Cruiser 1 (24-Inch) - 2016
271,4,7,2,3999.99,0.1,7999.88,Trek Slash 8 27.5 - 2016
272,1,2,2,749.99,0.07,1499.91,Ritchey Timberwolf Frameset - 2016
272,2,11,1,1680.99,0.07,1680.92,Surly Straggler 650b - 2016
273,1,21,1,269.99,0.1,269.89,Electra Cruiser 1 (24-Inch) - 2016
274,1,11,2,1680.99,0.05,3361.93,Surly Straggler 650b - 2016
274,2,25,2,499.99,0.1,999.88,Electra Townie Original 7D - 2015/2016
274,3,9,2,2999.99,0.07,5999.91,Trek Conduit+ - 2016
275,1,18,1,449,0.05,448.95,Pure Cycles Western 3-Speed - Women's - 2015/2016
275,2,25,1,499.99,0.1,499.89,Electra Townie Original 7D - 2015/2016
275,3,7,2,3999.99,0.05,7999.93,Trek Slash 8 27.5 - 2016
276,1,3,2,999.99,0.2,1999.78,Surly Wednesday Frameset - 2016
276,2,17,1,429,0.05,428.95,Pure Cycles Vine 8-Speed - 2016
276,3,9,2,2999.99,0.07,5999.91,Trek Conduit+ - 2016
277,1,20,2,599.99,0.2,1199.78,Electra Townie Original 7D EQ - Women's - 2016
277,2,6,2,469.99,0.2,939.78,Surly Ice Cream Truck Frameset - 2016
277,3,13,2,269.99,0.1,539.88,Electra Cruiser 1 (24-Inch) - 2016
278,1,16,1,599.99,0.2,599.79,Electra Townie Original 7D EQ - 2016
278,2,19,2,449,0.07,897.93,Pure Cycles William 3-Speed - 2016
278,3,13,1,269.99,0.07,269.92,Electra Cruiser 1 (24-Inch) - 2016
278,4,11,2,1680.99,0.07,3361.91,Surly Straggler 650b - 2016
279,1,25,1,499.99,0.07,499.92,Electra Townie Original 7D - 2015/2016
280,1,25,1,499.99,0.07,499.92,Electra Townie Original 7D - 2015/2016
280,2,26,2,599.99,0.07,1199.91,Electra Townie Original 7D EQ - 2016
280,3,13,1,269.99,0.07,269.92,Electra Cruiser 1 (24-Inch) - 2016
281,1,22,1,269.99,0.07,269.92,Electra Girl's Hawaii 1 (16-inch) - 2015/2016
281,2,14,2,269.99,0.1,539.88,Electra Girl's Hawaii 1 (16-inch) - 2015/2016
281,3,7,2,3999.99,0.07,7999.91,Trek Slash 8 27.5 - 2016
282,1,20,1,599.99,0.07,599.92,Electra Townie Original 7D EQ - Women's - 2016
282,2,7,2,3999.99,0.07,7999.91,Trek Slash 8 27.5 - 2016
282,3,3,2,999.99,0.05,1999.93,Surly Wednesday Frameset - 2016
282,4,16,2,599.99,0.07,1199.91,Electra Townie Original 7D EQ - 2016
283,1,9,1,2999.99,0.05,2999.94,Trek Conduit+ - 2016
283,2,16,2,599.99,0.2,1199.78,Electra Townie Original 7D EQ - 2016
284,1,24,2,549.99,0.2,1099.78,Electra Townie Original 21D - 2016
284,2,20,1,599.99,0.2,599.79,Electra Townie Original 7D EQ - Women's - 2016
285,1,16,2,599.99,0.05,1199.93,Electra Townie Original 7D EQ - 2016
285,2,12,1,549.99,0.05,549.94,Electra Townie Original 21D - 2016
285,3,2,1,749.99,0.1,749.89,Ritchey Timberwolf Frameset - 2016
286,1,26,2,599.99,0.2,1199.78,Electra Townie Original 7D EQ - 2016
286,2,21,2,269.99,0.07,539.91,Electra Cruiser 1 (24-Inch) - 2016
286,3,16,2,599.99,0.1,1199.88,Electra Townie Original 7D EQ - 2016
286,4,7,1,3999.99,0.1,3999.89,Trek Slash 8 27.5 - 2016
287,1,5,1,1320.99,0.2,1320.79,Heller Shagamaw Frame - 2016
287,2,10,1,1549,0.05,1548.95,Surly Straggler - 2016
287,3,2,1,749.99,0.05,749.94,Ritchey Timberwolf Frameset - 2016
287,4,20,1,599.99,0.05,599.94,Electra Townie Original 7D EQ - Women's - 2016
288,1,4,1,2899.99,0.2,2899.79,Trek Fuel EX 8 29 - 2016
288,2,10,1,1549,0.1,1548.9,Surly Straggler - 2016
288,3,7,2,3999.99,0.05,7999.93,Trek Slash 8 27.5 - 2016
289,1,13,1,269.99,0.07,269.92,Electra Cruiser 1 (24-Inch) - 2016
289,2,24,1,549.99,0.2,549.79,Electra Townie Original 21D - 2016
289,3,17,1,429,0.2,428.8,Pure Cycles Vine 8-Speed - 2016
290,1,2,2,749.99,0.07,1499.91,Ritchey Timberwolf Frameset - 2016
290,2,5,2,1320.99,0.07,2641.91,Heller Shagamaw Frame - 2016
290,3,21,1,269.99,0.1,269.89,Electra Cruiser 1 (24-Inch) - 2016
291,1,6,2,469.99,0.05,939.93,Surly Ice Cream Truck Frameset - 2016
291,2,21,2,269.99,0.07,539.91,Electra Cruiser 1 (24-Inch) - 2016
292,1,18,2,449,0.1,897.9,Pure Cycles Western 3-Speed - Women's - 2015/2016
292,2,4,1,2899.99,0.07,2899.92,Trek Fuel EX 8 29 - 2016
292,3,10,2,1549,0.05,3097.95,Surly Straggler - 2016
293,1,19,2,449,0.05,897.95,Pure Cycles William 3-Speed - 2016
293,2,6,1,469.99,0.2,469.79,Surly Ice Cream Truck Frameset - 2016
294,1,18,1,449,0.2,448.8,Pure Cycles Western 3-Speed - Women's - 2015/2016
294,2,14,1,269.99,0.2,269.79,Electra Girl's Hawaii 1 (16-inch) - 2015/2016
294,3,7,2,3999.99,0.05,7999.93,Trek Slash 8 27.5 - 2016
294,4,25,2,499.99,0.2,999.78,Electra Townie Original 7D - 2015/2016
295,1,22,2,269.99,0.07,539.91,Electra Girl's Hawaii 1 (16-inch) - 2015/2016
296,1,25,2,499.99,0.07,999.91,Electra Townie Original 7D - 2015/2016
296,2,12,2,549.99,0.1,1099.88,Electra Townie Original 21D - 2016
296,3,11,2,1680.99,0.1,3361.88,Surly Straggler 650b - 2016
296,4,9,1,2999.99,0.2,2999.79,Trek Conduit+ - 2016
297,1,4,2,2899.99,0.2,5799.78,Trek Fuel EX 8 29 - 2016
298,1,23,1,299.99,0.2,299.79,Electra Girl's Hawaii 1 (20-inch) - 2015/2016
298,2,6,2,469.99,0.05,939.93,Surly Ice Cream Truck Frameset - 2016
298,3,22,1,269.99,0.2,269.79,Electra Girl's Hawaii 1 (16-inch) - 2015/2016
298,4,9,1,2999.99,0.07,2999.92,Trek Conduit+ - 2016
298,5,14,2,269.99,0.1,539.88,Electra Girl's Hawaii 1 (16-inch) - 2015/2016
299,1,11,2,1680.99,0.05,3361.93,Surly Straggler 650b - 2016
299,2,10,2,1549,0.2,3097.8,Surly Straggler - 2016
300,1,16,2,599.99,0.1,1199.88,Electra Townie Original 7D EQ - 2016
300,2,9,2,2999.99,0.1,5999.88,Trek Conduit+ - 2016
300,3,10,1,1549,0.1,1548.9,Surly Straggler - 2016
300,4,11,2,1680.99,0.2,3361.78,Surly Straggler 650b - 2016
301,1,6,1,469.99,0.05,469.94,Surly Ice Cream Truck Frameset - 2016
301,2,22,1,269.99,0.1,269.89,Electra Girl's Hawaii 1 (16-inch) - 2015/2016
302,1,24,2,549.99,0.2,1099.78,Electra Townie Original 21D - 2016
302,2,18,2,449,0.07,897.93,Pure Cycles Western 3-Speed - Women's - 2015/2016
302,3,2,2,749.99,0.2,1499.78,Ritchey Timberwolf Frameset - 2016
303,1,8,2,1799.99,0.05,3599.93,Trek Remedy 29 Carbon Frameset - 2016
303,2,24,2,549.99,0.05,1099.93,Electra Townie Original 21D - 2016
304,1,10,1,1549,0.05,1548.95,Surly Straggler - 2016
304,2,7,2,3999.99,0.1,7999.88,Trek Slash 8 27.5 - 2016
304,3,20,1,599.99,0.1,599.89,Electra Townie Original 7D EQ - Women's - 2016
305,1,10,1,1549,0.07,1548.93,Surly Straggler - 2016
305,2,6,1,469.99,0.1,469.89,Surly Ice Cream Truck Frameset - 2016
305,3,3,2,999.99,0.2,1999.78,Surly Wednesday Frameset - 2016
306,1,10,1,1549,0.2,1548.8,Surly Straggler - 2016
306,2,22,1,269.99,0.07,269.92,Electra Girl's Hawaii 1 (16-inch) - 2015/2016
307,1,15,2,529.99,0.05,1059.93,Electra Moto 1 - 2016
308,1,7,1,3999.99,0.1,3999.89,Trek Slash 8 27.5 - 2016
308,2,18,2,449,0.2,897.8,Pure Cycles Western 3-Speed - Women's - 2015/2016
308,3,14,1,269.99,0.2,269.79,Electra Girl's Hawaii 1 (16-inch) - 2015/2016
309,1,3,1,999.99,0.05,999.94,Surly Wednesday Frameset - 2016
309,2,12,1,549.99,0.05,549.94,Electra Townie Original 21D - 2016
310,1,7,2,3999.99,0.07,7999.91,Trek Slash 8 27.5 - 2016
310,2,14,2,269.99,0.1,539.88,Electra Girl's Hawaii 1 (16-inch) - 2015/2016
310,3,5,2,1320.99,0.2,2641.78,Heller Shagamaw Frame - 2016
310,4,8,1,1799.99,0.2,1799.79,Trek Remedy 29 Carbon Frameset - 2016
311,1,17,2,429,0.05,857.95,Pure Cycles Vine 8-Speed - 2016
311,2,5,2,1320.99,0.2,2641.78,Heller Shagamaw Frame - 2016
312,1,24,2,549.99,0.05,1099.93,Electra Townie Original 21D - 2016
312,2,14,2,269.99,0.07,539.91,Electra Girl's Hawaii 1 (16-inch) - 2015/2016
312,3,16,2,599.99,0.05,1199.93,Electra Townie Original 7D EQ - 2016
313,1,4,1,2899.99,0.07,2899.92,Trek Fuel EX 8 29 - 2016
313,2,10,2,1549,0.07,3097.93,Surly Straggler - 2016
314,1,5,1,1320.99,0.07,1320.92,Heller Shagamaw Frame - 2016
314,2,9,1,2999.99,0.05,2999.94,Trek Conduit+ - 2016
314,3,22,2,269.99,0.2,539.78,Electra Girl's Hawaii 1 (16-inch) - 2015/2016
314,4,7,2,3999.99,0.07,7999.91,Trek Slash 8 27.5 - 2016
315,1,11,1,1680.99,0.2,1680.79,Surly Straggler 650b - 2016
315,2,9,1,2999.99,0.1,2999.89,Trek Conduit+ - 2016
316,1,2,2,749.99,0.2,1499.78,Ritchey Timberwolf Frameset - 2016
316,2,16,2,599.99,0.1,1199.88,Electra Townie Original 7D EQ - 2016
316,3,20,1,599.99,0.1,599.89,Electra Townie Original 7D EQ - Women's - 2016
316,4,19,1,449,0.2,448.8,Pure Cycles William 3-Speed - 2016
316,5,17,1,429,0.05,428.95,Pure Cycles Vine 8-Speed - 2016
317,1,10,1,1549,0.2,1548.8,Surly Straggler - 2016
317,2,22,1,269.99,0.05,269.94,Electra Girl's Hawaii 1 (16-inch) - 2015/2016
317,3,15,1,529.99,0.05,529.94,Electra Moto 1 - 2016
317,4,13,2,269.99,0.2,539.78,Electra Cruiser 1 (24-Inch) - 2016
318,1,13,2,269.99,0.1,539.88,Electra Cruiser 1 (24-Inch) - 2016
318,2,25,2,499.99,0.2,999.78,Electra Townie Original 7D - 2015/2016
318,3,9,1,2999.99,0.05,2999.94,Trek Conduit+ - 2016
319,1,11,1,1680.99,0.07,1680.92,Surly Straggler 650b - 2016
319,2,21,1,269.99,0.2,269.79,Electra Cruiser 1 (24-Inch) - 2016
319,3,15,2,529.99,0.1,1059.88,Electra Moto 1 - 2016
319,4,23,1,299.99,0.05,299.94,Electra Girl's Hawaii 1 (20-inch) - 2015/2016
320,1,2,1,749.99,0.1,749.89,Ritchey Timberwolf Frameset - 2016
321,1,4,2,2899.99,0.2,5799.78,Trek Fuel EX 8 29 - 2016
321,2,12,2,549.99,0.2,1099.78,Electra Townie Original 21D - 2016
321,3,26,1,599.99,0.2,599.79,Electra Townie Original 7D EQ - 2016
321,4,23,2,299.99,0.2,599.78,Electra Girl's Hawaii 1 (20-inch) - 2015/2016
322,1,13,2,269.99,0.2,539.78,Electra Cruiser 1 (24-Inch) - 2016
322,2,21,1,269.99,0.07,269.92,Electra Cruiser 1 (24-Inch) - 2016
323,1,13,2,269.99,0.07,539.91,Electra Cruiser 1 (24-Inch) - 2016
323,2,26,2,599.99,0.1,1199.88,Electra Townie Original 7D EQ - 2016
324,1,2,2,749.99,0.1,1499.88,Ritchey Timberwolf Frameset - 2016
324,2,17,1,429,0.2,428.8,Pure Cycles Vine 8-Speed - 2016
324,3,22,2,269.99,0.2,539.78,Electra Girl's Hawaii 1 (16-inch) - 2015/2016
324,4,19,1,449,0.05,448.95,Pure Cycles William 3-Speed - 2016
324,5,12,1,549.99,0.05,549.94,Electra Townie Original 21D - 2016
325,1,7,1,3999.99,0.05,3999.94,Trek Slash 8 27.5 - 2016
325,2,12,1,549.99,0.2,549.79,Electra Townie Original 21D - 2016
325,3,6,2,469.99,0.2,939.78,Surly Ice Cream Truck Frameset - 2016
326,1,12,1,549.99,0.1,549.89,Electra Townie Original 21D - 2016
326,2,23,1,299.99,0.07,299.92,Electra Girl's Hawaii 1 (20-inch) - 2015/2016
327,1,12,2,549.99,0.07,1099.91,Electra Townie Original 21D - 2016
327,2,13,1,269.99,0.07,269.92,Electra Cruiser 1 (24-Inch) - 2016
327,3,4,1,2899.99,0.05,2899.94,Trek Fuel EX 8 29 - 2016
328,1,6,2,469.99,0.1,939.88,Surly Ice Cream Truck Frameset - 2016
329,1,14,2,269.99,0.07,539.91,Electra Girl's Hawaii 1 (16-inch) - 2015/2016
329,2,8,2,1799.99,0.05,3599.93,Trek Remedy 29 Carbon Frameset - 2016
329,3,23,1,299.99,0.2,299.79,Electra Girl's Hawaii 1 (20-inch) - 2015/2016
329,4,17,1,429,0.07,428.93,Pure Cycles Vine 8-Speed - 2016
329,5,26,2,599.99,0.05,1199.93,Electra Townie Original 7D EQ - 2016
330,1,21,2,269.99,0.05,539.93,Electra Cruiser 1 (24-Inch) - 2016
331,1,17,2,429,0.1,857.9,Pure Cycles Vine 8-Speed - 2016
332,1,18,2,449,0.05,897.95,Pure Cycles Western 3-Speed - Women's - 2015/2016
333,1,18,2,449,0.07,897.93,Pure Cycles Western 3-Speed - Women's - 2015/2016
333,2,8,2,1799.99,0.05,3599.93,Trek Remedy 29 Carbon Frameset - 2016
333,3,3,1,999.99,0.2,999.79,Surly Wednesday Frameset - 2016
334,1,16,2,599.99,0.2,1199.78,Electra Townie Original 7D EQ - 2016
334,2,9,1,2999.99,0.05,2999.94,Trek Conduit+ - 2016
334,3,3,2,999.99,0.05,1999.93,Surly Wednesday Frameset - 2016
335,1,6,1,469.99,0.1,469.89,Surly Ice Cream Truck Frameset - 2016
335,2,2,2,749.99,0.1,1499.88,Ritchey Timberwolf Frameset - 2016
335,3,21,1,269.99,0.07,269.92,Electra Cruiser 1 (24-Inch) - 2016
336,1,4,1,2899.99,0.1,2899.89,Trek Fuel EX 8 29 - 2016
336,2,12,1,549.99,0.2,549.79,Electra Townie Original 21D - 2016
337,1,18,1,449,0.05,448.95,Pure Cycles Western 3-Speed - Women's - 2015/2016
337,2,4,1,2899.99,0.05,2899.94,Trek Fuel EX 8 29 - 2016
338,1,6,2,469.99,0.07,939.91,Surly Ice Cream Truck Frameset - 2016
338,2,10,1,1549,0.07,1548.93,Surly Straggler - 2016
338,3,22,1,269.99,0.1,269.89,Electra Girl's Hawaii 1 (16-inch) - 2015/2016
338,4,11,2,1680.99,0.07,3361.91,Surly Straggler 650b - 2016
338,5,9,1,2999.99,0.05,2999.94,Trek Conduit+ - 2016
339,1,13,1,269.99,0.1,269.89,Electra Cruiser 1 (24-Inch) - 2016
339,2,15,2,529.99,0.05,1059.93,Electra Moto 1 - 2016
340,1,11,1,1680.99,0.05,1680.94,Surly Straggler 650b - 2016
340,2,24,1,549.99,0.05,549.94,Electra Townie Original 21D - 2016
340,3,13,2,269.99,0.1,539.88,Electra Cruiser 1 (24-Inch) - 2016
340,4,12,2,549.99,0.07,1099.91,Electra Townie Original 21D - 2016
340,5,10,2,1549,0.1,3097.9,Surly Straggler - 2016
341,1,23,2,299.99,0.05,599.93,Electra Girl's Hawaii 1 (20-inch) - 2015/2016
342,1,26,1,599.99,0.07,599.92,Electra Townie Original 7D EQ - 2016
342,2,9,1,2999.99,0.2,2999.79,Trek Conduit+ - 2016
342,3,16,2,599.99,0.1,1199.88,Electra Townie Original 7D EQ - 2016
343,1,20,2,599.99,0.2,1199.78,Electra Townie Original 7D EQ - Women's - 2016
343,2,25,1,499.99,0.05,499.94,Electra Townie Original 7D - 2015/2016
343,3,5,2,1320.99,0.05,2641.93,Heller Shagamaw Frame - 2016
343,4,10,1,1549,0.1,1548.9,Surly Straggler - 2016
344,1,22,1,269.99,0.05,269.94,Electra Girl's Hawaii 1 (16-inch) - 2015/2016
344,2,18,2,449,0.07,897.93,Pure Cycles Western 3-Speed - Women's - 2015/2016
344,3,14,1,269.99,0.2,269.79,Electra Girl's Hawaii 1 (16-inch) - 2015/2016
345,1,18,2,449,0.1,897.9,Pure Cycles Western 3-Speed - Women's - 2015/2016
345,2,24,2,549.99,0.07,1099.91,Electra Townie Original 21D - 2016
346,1,13,1,269.99,0.07,269.92,Electra Cruiser 1 (24-Inch) - 2016
346,2,23,1,299.99,0.2,299.79,Electra Girl's Hawaii 1 (20-inch) - 2015/2016
346,3,21,1,269.99,0.1,269.89,Electra Cruiser 1 (24-Inch) - 2016
346,4,15,1,529.99,0.05,529.94,Electra Moto 1 - 2016
346,5,18,2,449,0.05,897.95,Pure Cycles Western 3-Speed - Women's - 2015/2016
347,1,23,1,299.99,0.07,299.92,Electra Girl's Hawaii 1 (20-inch) - 2015/2016
348,1,5,2,1320.99,0.05,2641.93,Heller Shagamaw Frame - 2016
348,2,15,2,529.99,0.07,1059.91,Electra Moto 1 - 2016
349,1,20,2,599.99,0.2,1199.78,Electra Townie Original 7D EQ - Women's - 2016
350,1,6,2,469.99,0.05,939.93,Surly Ice Cream Truck Frameset - 2016
350,2,20,1,599.99,0.07,599.92,Electra Townie Original 7D EQ - Women's - 2016
350,3,3,1,999.99,0.07,999.92,Surly Wednesday Frameset - 2016
351,1,4,2,2899.99,0.05,5799.93,Trek Fuel EX 8 29 - 2016
351,2,24,2,549.99,0.1,1099.88,Electra Townie Original 21D - 2016
351,3,20,1,599.99,0.2,599.79,Electra Townie Original 7D EQ - Women's - 2016
351,4,22,2,269.99,0.07,539.91,Electra Girl's Hawaii 1 (16-inch) - 2015/2016
352,1,11,1,1680.99,0.2,1680.79,Surly Straggler 650b - 2016
352,2,14,1,269.99,0.2,269.79,Electra Girl's Hawaii 1 (16-inch) - 2015/2016
353,1,2,2,749.99,0.2,1499.78,Ritchey Timberwolf Frameset - 2016
354,1,21,1,269.99,0.2,269.79,Electra Cruiser 1 (24-Inch) - 2016
354,2,19,1,449,0.05,448.95,Pure Cycles William 3-Speed - 2016
355,1,16,1,599.99,0.1,599.89,Electra Townie Original 7D EQ - 2016
355,2,14,2,269.99,0.07,539.91,Electra Girl's Hawaii 1 (16-inch) - 2015/2016
356,1,23,2,299.99,0.05,599.93,Electra Girl's Hawaii 1 (20-inch) - 2015/2016
356,2,4,1,2899.99,0.05,2899.94,Trek Fuel EX 8 29 - 2016
356,3,13,1,269.99,0.05,269.94,Electra Cruiser 1 (24-Inch) - 2016
357,1,17,2,429,0.05,857.95,Pure Cycles Vine 8-Speed - 2016
357,2,21,2,269.99,0.07,539.91,Electra Cruiser 1 (24-Inch) - 2016
357,3,24,1,549.99,0.07,549.92,Electra Townie Original 21D - 2016
357,4,9,1,2999.99,0.05,2999.94,Trek Conduit+ - 2016
358,1,21,2,269.99,0.1,539.88,Electra Cruiser 1 (24-Inch) - 2016
358,2,6,2,469.99,0.07,939.91,Surly Ice Cream Truck Frameset - 2016
358,3,8,2,1799.99,0.05,3599.93,Trek Remedy 29 Carbon Frameset - 2016
358,4,18,2,449,0.1,897.9,Pure Cycles Western 3-Speed - Women's - 2015/2016
359,1,15,2,529.99,0.07,1059.91,Electra Moto 1 - 2016
359,2,9,2,2999.99,0.07,5999.91,Trek Conduit+ - 2016
359,3,7,2,3999.99,0.2,7999.78,Trek Slash 8 27.5 - 2016
360,1,26,1,599.99,0.05,599.94,Electra Townie Original 7D EQ - 2016
360,2,7,2,3999.99,0.2,7999.78,Trek Slash 8 27.5 - 2016
360,3,13,2,269.99,0.05,539.93,Electra Cruiser 1 (24-Inch) - 2016
360,4,25,1,499.99,0.1,499.89,Electra Townie Original 7D - 2015/2016
361,1,24,2,549.99,0.05,1099.93,Electra Townie Original 21D - 2016
361,2,6,2,469.99,0.1,939.88,Surly Ice Cream Truck Frameset - 2016
361,3,11,1,1680.99,0.1,1680.89,Surly Straggler 650b - 2016
362,1,2,1,749.99,0.07,749.92,Ritchey Timberwolf Frameset - 2016
363,1,21,2,269.99,0.1,539.88,Electra Cruiser 1 (24-Inch) - 2016
363,2,14,1,269.99,0.07,269.92,Electra Girl's Hawaii 1 (16-inch) - 2015/2016
363,3,15,1,529.99,0.1,529.89,Electra Moto 1 - 2016
363,4,20,1,599.99,0.2,599.79,Electra Townie Original 7D EQ - Women's - 2016
364,1,25,2,499.99,0.05,999.93,Electra Townie Original 7D - 2015/2016
365,1,24,2,549.99,0.07,1099.91,Electra Townie Original 21D - 2016
366,1,21,1,269.99,0.1,269.89,Electra Cruiser 1 (24-Inch) - 2016
366,2,4,1,2899.99,0.07,2899.92,Trek Fuel EX 8 29 - 2016
366,3,16,2,599.99,0.2,1199.78,Electra Townie Original 7D EQ - 2016
367,1,26,2,599.99,0.1,1199.88,Electra Townie Original 7D EQ - 2016
367,2,14,1,269.99,0.05,269.94,Electra Girl's Hawaii 1 (16-inch) - 2015/2016
367,3,10,2,1549,0.05,3097.95,Surly Straggler - 2016
368,1,5,1,1320.99,0.2,1320.79,Heller Shagamaw Frame - 2016
368,2,10,2,1549,0.2,3097.8,Surly Straggler - 2016
368,3,21,2,269.99,0.1,539.88,Electra Cruiser 1 (24-Inch) - 2016
368,4,19,1,449,0.05,448.95,Pure Cycles William 3-Speed - 2016
369,1,10,2,1549,0.07,3097.93,Surly Straggler - 2016
370,1,25,2,499.99,0.05,999.93,Electra Townie Original 7D - 2015/2016
370,2,4,2,2899.99,0.1,5799.88,Trek Fuel EX 8 29 - 2016
371,1,14,1,269.99,0.2,269.79,Electra Girl's Hawaii 1 (16-inch) - 2015/2016
371,2,12,1,549.99,0.2,549.79,Electra Townie Original 21D - 2016
372,1,11,1,1680.99,0.05,1680.94,Surly Straggler 650b - 2016
372,2,14,2,269.99,0.1,539.88,Electra Girl's Hawaii 1 (16-inch) - 2015/2016
372,3,5,1,1320.99,0.1,1320.89,Heller Shagamaw Frame - 2016
373,1,8,2,1799.99,0.05,3599.93,Trek Remedy 29 Carbon Frameset - 2016
373,2,22,1,269.99,0.1,269.89,Electra Girl's Hawaii 1 (16-inch) - 2015/2016
373,3,19,2,449,0.2,897.8,Pure Cycles William 3-Speed - 2016
373,4,12,1,549.99,0.1,549.89,Electra Townie Original 21D - 2016
373,5,13,1,269.99,0.1,269.89,Electra Cruiser 1 (24-Inch) - 2016
374,1,10,1,1549,0.1,1548.9,Surly Straggler - 2016
374,2,7,1,3999.99,0.07,3999.92,Trek Slash 8 27.5 - 2016
375,1,21,2,269.99,0.05,539.93,Electra Cruiser 1 (24-Inch) - 2016
375,2,2,2,749.99,0.05,1499.93,Ritchey Timberwolf Frameset - 2016
375,3,4,2,2899.99,0.07,5799.91,Trek Fuel EX 8 29 - 2016
375,4,12,2,549.99,0.05,1099.93,Electra Townie Original 21D - 2016
376,1,2,2,749.99,0.07,1499.91,Ritchey Timberwolf Frameset - 2016
376,2,23,2,299.99,0.1,599.88,Electra Girl's Hawaii 1 (20-inch) - 2015/2016
377,1,8,1,1799.99,0.05,1799.94,Trek Remedy 29 Carbon Frameset - 2016
377,2,14,1,269.99,0.07,269.92,Electra Girl's Hawaii 1 (16-inch) - 2015/2016
378,1,26,2,599.99,0.05,1199.93,Electra Townie Original 7D EQ - 2016
379,1,9,1,2999.99,0.07,2999.92,Trek Conduit+ - 2016
379,2,16,1,599.99,0.2,599.79,Electra Townie Original 7D EQ - 2016
380,1,16,1,599.99,0.05,599.94,Electra Townie Original 7D EQ - 2016
380,2,11,2,1680.99,0.05,3361.93,Surly Straggler 650b - 2016
381,1,21,2,269.99,0.07,539.91,Electra Cruiser 1 (24-Inch) - 2016
382,1,8,1,1799.99,0.1,1799.89,Trek Remedy 29 Carbon Frameset - 2016
382,2,9,1,2999.99,0.1,2999.89,Trek Conduit+ - 2016
382,3,13,1,269.99,0.07,269.92,Electra Cruiser 1 (24-Inch) - 2016
383,1,19,1,449,0.07,448.93,Pure Cycles William 3-Speed - 2016
383,2,22,2,269.99,0.05,539.93,Electra Girl's Hawaii 1 (16-inch) - 2015/2016
383,3,13,1,269.99,0.1,269.89,Electra Cruiser 1 (24-Inch) - 2016
383,4,21,2,269.99,0.05,539.93,Electra Cruiser 1 (24-Inch) - 2016
383,5,14,1,269.99,0.1,269.89,Electra Girl's Hawaii 1 (16-inch) - 2015/2016
384,1,20,1,599.99,0.1,599.89,Electra Townie Original 7D EQ - Women's - 2016
384,2,21,2,269.99,0.2,539.78,Electra Cruiser 1 (24-Inch) - 2016
384,3,8,1,1799.99,0.05,1799.94,Trek Remedy 29 Carbon Frameset - 2016
384,4,15,1,529.99,0.1,529.89,Electra Moto 1 - 2016
384,5,4,1,2899.99,0.2,2899.79,Trek Fuel EX 8 29 - 2016
385,1,21,1,269.99,0.07,269.92,Electra Cruiser 1 (24-Inch) - 2016
385,2,7,2,3999.99,0.2,7999.78,Trek Slash 8 27.5 - 2016
385,3,26,2,599.99,0.05,1199.93,Electra Townie Original 7D EQ - 2016
386,1,8,1,1799.99,0.2,1799.79,Trek Remedy 29 Carbon Frameset - 2016
386,2,3,2,999.99,0.05,1999.93,Surly Wednesday Frameset - 2016
386,3,16,2,599.99,0.2,1199.78,Electra Townie Original 7D EQ - 2016
387,1,18,1,449,0.2,448.8,Pure Cycles Western 3-Speed - Women's - 2015/2016
388,1,19,2,449,0.2,897.8,Pure Cycles William 3-Speed - 2016
388,2,13,2,269.99,0.07,539.91,Electra Cruiser 1 (24-Inch) - 2016
388,3,2,1,749.99,0.07,749.92,Ritchey Timberwolf Frameset - 2016
388,4,11,1,1680.99,0.1,1680.89,Surly Straggler 650b - 2016
389,1,2,1,749.99,0.07,749.92,Ritchey Timberwolf Frameset - 2016
389,2,15,2,529.99,0.07,1059.91,Electra Moto 1 - 2016
389,3,10,2,1549,0.05,3097.95,Surly Straggler - 2016
389,4,5,1,1320.99,0.05,1320.94,Heller Shagamaw Frame - 2016
389,5,9,1,2999.99,0.2,2999.79,Trek Conduit+ - 2016
390,1,23,1,299.99,0.05,299.94,Electra Girl's Hawaii 1 (20-inch) - 2015/2016
390,2,7,2,3999.99,0.07,7999.91,Trek Slash 8 27.5 - 2016
390,3,9,1,2999.99,0.05,2999.94,Trek Conduit+ - 2016
391,1,8,1,1799.99,0.07,1799.92,Trek Remedy 29 Carbon Frameset - 2016
391,2,5,2,1320.99,0.2,2641.78,Heller Shagamaw Frame - 2016
391,3,24,2,549.99,0.07,1099.91,Electra Townie Original 21D - 2016
392,1,14,2,269.99,0.1,539.88,Electra Girl's Hawaii 1 (16-inch) - 2015/2016
392,2,3,2,999.99,0.05,1999.93,Surly Wednesday Frameset - 2016
393,1,6,2,469.99,0.2,939.78,Surly Ice Cream Truck Frameset - 2016
394,1,23,1,299.99,0.05,299.94,Electra Girl's Hawaii 1 (20-inch) - 2015/2016
394,2,16,1,599.99,0.2,599.79,Electra Townie Original 7D EQ - 2016
394,3,14,2,269.99,0.2,539.78,Electra Girl's Hawaii 1 (16-inch) - 2015/2016
395,1,14,1,269.99,0.05,269.94,Electra Girl's Hawaii 1 (16-inch) - 2015/2016
396,1,12,1,549.99,0.1,549.89,Electra Townie Original 21D - 2016
396,2,25,2,499.99,0.05,999.93,Electra Townie Original 7D - 2015/2016
396,3,5,1,1320.99,0.2,1320.79,Heller Shagamaw Frame - 2016
397,1,7,1,3999.99,0.05,3999.94,Trek Slash 8 27.5 - 2016
398,1,8,2,1799.99,0.05,3599.93,Trek Remedy 29 Carbon Frameset - 2016
398,2,18,2,449,0.05,897.95,Pure Cycles Western 3-Speed - Women's - 2015/2016
398,3,25,1,499.99,0.2,499.79,Electra Townie Original 7D - 2015/2016
398,4,17,1,429,0.05,428.95,Pure Cycles Vine 8-Speed - 2016
399,1,25,1,499.99,0.05,499.94,Electra Townie Original 7D - 2015/2016
399,2,11,2,1680.99,0.05,3361.93,Surly Straggler 650b - 2016
399,3,14,1,269.99,0.1,269.89,Electra Girl's Hawaii 1 (16-inch) - 2015/2016
400,1,24,2,549.99,0.07,1099.91,Electra Townie Original 21D - 2016
400,2,9,1,2999.99,0.2,2999.79,Trek Conduit+ - 2016
400,3,3,2,999.99,0.2,1999.78,Surly Wednesday Frameset - 2016
401,1,23,1,299.99,0.2,299.79,Electra Girl's Hawaii 1 (20-inch) - 2015/2016
401,2,10,2,1549,0.2,3097.8,Surly Straggler - 2016
402,1,6,2,469.99,0.07,939.91,Surly Ice Cream Truck Frameset - 2016
402,2,5,1,1320.99,0.07,1320.92,Heller Shagamaw Frame - 2016
402,3,26,1,599.99,0.05,599.94,Electra Townie Original 7D EQ - 2016
403,1,12,2,549.99,0.1,1099.88,Electra Townie Original 21D - 2016
403,2,7,2,3999.99,0.2,7999.78,Trek Slash 8 27.5 - 2016
403,3,22,2,269.99,0.05,539.93,Electra Girl's Hawaii 1 (16-inch) - 2015/2016
403,4,24,1,549.99,0.2,549.79,Electra Townie Original 21D - 2016
404,1,9,1,2999.99,0.07,2999.92,Trek Conduit+ - 2016
404,2,25,2,499.99,0.05,999.93,Electra Townie Original 7D - 2015/2016
404,3,16,2,599.99,0.2,1199.78,Electra Townie Original 7D EQ - 2016
405,1,3,2,999.99,0.2,1999.78,Surly Wednesday Frameset - 2016
405,2,10,2,1549,0.1,3097.9,Surly Straggler - 2016
405,3,14,2,269.99,0.07,539.91,Electra Girl's Hawaii 1 (16-inch) - 2015/2016
406,1,4,1,2899.99,0.2,2899.79,Trek Fuel EX 8 29 - 2016
407,1,20,1,599.99,0.2,599.79,Electra Townie Original 7D EQ - Women's - 2016
407,2,5,1,1320.99,0.05,1320.94,Heller Shagamaw Frame - 2016
408,1,18,1,449,0.2,448.8,Pure Cycles Western 3-Speed - Women's - 2015/2016
408,2,3,1,999.99,0.07,999.92,Surly Wednesday Frameset - 2016
408,3,2,2,749.99,0.07,1499.91,Ritchey Timberwolf Frameset - 2016
408,4,17,2,429,0.2,857.8,Pure Cycles Vine 8-Speed - 2016
409,1,15,1,529.99,0.07,529.92,Electra Moto 1 - 2016
409,2,16,2,599.99,0.2,1199.78,Electra Townie Original 7D EQ - 2016
409,3,21,1,269.99,0.05,269.94,Electra Cruiser 1 (24-Inch) - 2016
410,1,25,1,499.99,0.1,499.89,Electra Townie Original 7D - 2015/2016
410,2,9,2,2999.99,0.05,5999.93,Trek Conduit+ - 2016
410,3,24,2,549.99,0.1,1099.88,Electra Townie Original 21D - 2016
411,1,2,1,749.99,0.07,749.92,Ritchey Timberwolf Frameset - 2016
411,2,26,2,599.99,0.05,1199.93,Electra Townie Original 7D EQ - 2016
412,1,7,1,3999.99,0.1,3999.89,Trek Slash 8 27.5 - 2016
412,2,24,1,549.99,0.07,549.92,Electra Townie Original 21D - 2016
412,3,17,1,429,0.1,428.9,Pure Cycles Vine 8-Speed - 2016
413,1,8,2,1799.99,0.05,3599.93,Trek Remedy 29 Carbon Frameset - 2016
413,2,25,1,499.99,0.1,499.89,Electra Townie Original 7D - 2015/2016
413,3,9,1,2999.99,0.07,2999.92,Trek Conduit+ - 2016
414,1,4,2,2899.99,0.1,5799.88,Trek Fuel EX 8 29 - 2016
415,1,3,1,999.99,0.07,999.92,Surly Wednesday Frameset - 2016
415,2,23,2,299.99,0.2,599.78,Electra Girl's Hawaii 1 (20-inch) - 2015/2016
415,3,5,1,1320.99,0.2,1320.79,Heller Shagamaw Frame - 2016
415,4,6,2,469.99,0.05,939.93,Surly Ice Cream Truck Frameset - 2016
416,1,22,1,269.99,0.07,269.92,Electra Girl's Hawaii 1 (16-inch) - 2015/2016
416,2,14,1,269.99,0.07,269.92,Electra Girl's Hawaii 1 (16-inch) - 2015/2016
416,3,24,1,549.99,0.1,549.89,Electra Townie Original 21D - 2016
417,1,26,2,599.99,0.07,1199.91,Electra Townie Original 7D EQ - 2016
417,2,6,2,469.99,0.07,939.91,Surly Ice Cream Truck Frameset - 2016
418,1,12,1,549.99,0.05,549.94,Electra Townie Original 21D - 2016
418,2,20,1,599.99,0.05,599.94,Electra Townie Original 7D EQ - Women's - 2016
419,1,9,1,2999.99,0.05,2999.94,Trek Conduit+ - 2016
420,1,17,2,429,0.2,857.8,Pure Cycles Vine 8-Speed - 2016
420,2,15,2,529.99,0.1,1059.88,Electra Moto 1 - 2016
420,3,3,2,999.99,0.05,1999.93,Surly Wednesday Frameset - 2016
421,1,6,2,469.99,0.07,939.91,Surly Ice Cream Truck Frameset - 2016
421,2,3,2,999.99,0.2,1999.78,Surly Wednesday Frameset - 2016
421,3,20,2,599.99,0.2,1199.78,Electra Townie Original 7D EQ - Women's - 2016
421,4,4,1,2899.99,0.07,2899.92,Trek Fuel EX 8 29 - 2016
421,5,23,2,299.99,0.2,599.78,Electra Girl's Hawaii 1 (20-inch) - 2015/2016
422,1,20,2,599.99,0.05,1199.93,Electra Townie Original 7D EQ - Women's - 2016
423,1,8,2,1799.99,0.05,3599.93,Trek Remedy 29 Carbon Frameset - 2016
423,2,17,1,429,0.2,428.8,Pure Cycles Vine 8-Speed - 2016
423,3,23,2,299.99,0.07,599.91,Electra Girl's Hawaii 1 (20-inch) - 2015/2016
423,4,2,1,749.99,0.2,749.79,Ritchey Timberwolf Frameset - 2016
424,1,22,1,269.99,0.1,269.89,Electra Girl's Hawaii 1 (16-inch) - 2015/2016
424,2,6,1,469.99,0.05,469.94,Surly Ice Cream Truck Frameset - 2016
425,1,6,1,469.99,0.1,469.89,Surly Ice Cream Truck Frameset - 2016
425,2,21,2,269.99,0.07,539.91,Electra Cruiser 1 (24-Inch) - 2016
425,3,19,1,449,0.05,448.95,Pure Cycles William 3-Speed - 2016
426,1,10,1,1549,0.1,1548.9,Surly Straggler - 2016
426,2,23,2,299.99,0.05,599.93,Electra Girl's Hawaii 1 (20-inch) - 2015/2016
427,1,12,2,549.99,0.07,1099.91,Electra Townie Original 21D - 2016
427,2,15,2,529.99,0.1,1059.88,Electra Moto 1 - 2016
427,3,26,2,599.99,0.07,1199.91,Electra Townie Original 7D EQ - 2016
428,1,5,2,1320.99,0.2,2641.78,Heller Shagamaw Frame - 2016
428,2,14,1,269.99,0.2,269.79,Electra Girl's Hawaii 1 (16-inch) - 2015/2016
429,1,11,1,1680.99,0.2,1680.79,Surly Straggler 650b - 2016
429,2,4,2,2899.99,0.1,5799.88,Trek Fuel EX 8 29 - 2016
429,3,5,2,1320.99,0.05,2641.93,Heller Shagamaw Frame - 2016
429,4,6,1,469.99,0.07,469.92,Surly Ice Cream Truck Frameset - 2016
429,5,2,1,749.99,0.1,749.89,Ritchey Timberwolf Frameset - 2016
430,1,22,2,269.99,0.1,539.88,Electra Girl's Hawaii 1 (16-inch) - 2015/2016
430,2,11,1,1680.99,0.07,1680.92,Surly Straggler 650b - 2016
430,3,4,2,2899.99,0.2,5799.78,Trek Fuel EX 8 29 - 2016
430,4,13,2,269.99,0.2,539.78,Electra Cruiser 1 (24-Inch) - 2016
430,5,8,1,1799.99,0.2,1799.79,Trek Remedy 29 Carbon Frameset - 2016
431,1,14,2,269.99,0.2,539.78,Electra Girl's Hawaii 1 (16-inch) - 2015/2016
431,2,6,1,469.99,0.1,469.89,Surly Ice Cream Truck Frameset - 2016
431,3,18,1,449,0.2,448.8,Pure Cycles Western 3-Speed - Women's - 2015/2016
431,4,13,2,269.99,0.07,539.91,Electra Cruiser 1 (24-Inch) - 2016
431,5,19,1,449,0.07,448.93,Pure Cycles William 3-Speed - 2016
432,1,10,2,1549,0.2,3097.8,Surly Straggler - 2016
432,2,7,2,3999.99,0.05,7999.93,Trek Slash 8 27.5 - 2016
433,1,6,1,469.99,0.1,469.89,Surly Ice Cream Truck Frameset - 2016
433,2,10,1,1549,0.2,1548.8,Surly Straggler - 2016
433,3,24,1,549.99,0.1,549.89,Electra Townie Original 21D - 2016
433,4,4,1,2899.99,0.2,2899.79,Trek Fuel EX 8 29 - 2016
434,1,21,1,269.99,0.05,269.94,Electra Cruiser 1 (24-Inch) - 2016
434,2,20,1,599.99,0.1,599.89,Electra Townie Original 7D EQ - Women's - 2016
434,3,9,1,2999.99,0.2,2999.79,Trek Conduit+ - 2016
434,4,11,2,1680.99,0.07,3361.91,Surly Straggler 650b - 2016
434,5,18,2,449,0.05,897.95,Pure Cycles Western 3-Speed - Women's - 2015/2016
435,1,22,1,269.99,0.05,269.94,Electra Girl's Hawaii 1 (16-inch) - 2015/2016
435,2,9,1,2999.99,0.05,2999.94,Trek Conduit+ - 2016
435,3,18,1,449,0.05,448.95,Pure Cycles Western 3-Speed - Women's - 2015/2016
436,1,3,1,999.99,0.05,999.94,Surly Wednesday Frameset - 2016
436,2,23,1,299.99,0.2,299.79,Electra Girl's Hawaii 1 (20-inch) - 2015/2016
437,1,3,1,999.99,0.05,999.94,Surly Wednesday Frameset - 2016
437,2,10,1,1549,0.05,1548.95,Surly Straggler - 2016
437,3,8,2,1799.99,0.05,3599.93,Trek Remedy 29 Carbon Frameset - 2016
438,1,4,1,2899.99,0.07,2899.92,Trek Fuel EX 8 29 - 2016
438,2,22,1,269.99,0.1,269.89,Electra Girl's Hawaii 1 (16-inch) - 2015/2016
438,3,8,2,1799.99,0.05,3599.93,Trek Remedy 29 Carbon Frameset - 2016
438,4,13,2,269.99,0.05,539.93,Electra Cruiser 1 (24-Inch) - 2016
439,1,6,2,469.99,0.07,939.91,Surly Ice Cream Truck Frameset - 2016
439,2,7,2,3999.99,0.05,7999.93,Trek Slash 8 27.5 - 2016
440,1,19,2,449,0.07,897.93,Pure Cycles William 3-Speed - 2016
440,2,4,2,2899.99,0.07,5799.91,Trek Fuel EX 8 29 - 2016
441,1,12,1,549.99,0.07,549.92,Electra Townie Original 21D - 2016
441,2,15,1,529.99,0.1,529.89,Electra Moto 1 - 2016
442,1,16,2,599.99,0.07,1199.91,Electra Townie Original 7D EQ - 2016
442,2,26,2,599.99,0.2,1199.78,Electra Townie Original 7D EQ - 2016
442,3,6,2,469.99,0.2,939.78,Surly Ice Cream Truck Frameset - 2016
443,1,5,1,1320.99,0.05,1320.94,Heller Shagamaw Frame - 2016
443,2,26,1,599.99,0.2,599.79,Electra Townie Original 7D EQ - 2016
444,1,22,1,269.99,0.07,269.92,Electra Girl's Hawaii 1 (16-inch) - 2015/2016
444,2,15,2,529.99,0.07,1059.91,Electra Moto 1 - 2016
444,3,20,2,599.99,0.05,1199.93,Electra Townie Original 7D EQ - Women's - 2016
444,4,16,1,599.99,0.1,599.89,Electra Townie Original 7D EQ - 2016
444,5,10,2,1549,0.2,3097.8,Surly Straggler - 2016
445,1,7,1,3999.99,0.2,3999.79,Trek Slash 8 27.5 - 2016
445,2,16,1,599.99,0.07,599.92,Electra Townie Original 7D EQ - 2016
445,3,23,1,299.99,0.2,299.79,Electra Girl's Hawaii 1 (20-inch) - 2015/2016
446,1,22,1,269.99,0.2,269.79,Electra Girl's Hawaii 1 (16-inch) - 2015/2016
446,2,16,2,599.99,0.07,1199.91,Electra Townie Original 7D EQ - 2016
447,1,4,2,2899.99,0.05,5799.93,Trek Fuel EX 8 29 - 2016
447,2,3,1,999.99,0.1,999.89,Surly Wednesday Frameset - 2016
447,3,8,1,1799.99,0.07,1799.92,Trek Remedy 29 Carbon Frameset - 2016
448,1,13,2,269.99,0.05,539.93,Electra Cruiser 1 (24-Inch) - 2016
448,2,6,2,469.99,0.05,939.93,Surly Ice Cream Truck Frameset - 2016
449,1,17,2,429,0.05,857.95,Pure Cycles Vine 8-Speed - 2016
449,2,2,1,749.99,0.05,749.94,Ritchey Timberwolf Frameset - 2016
449,3,7,2,3999.99,0.07,7999.91,Trek Slash 8 27.5 - 2016
449,4,26,2,599.99,0.2,1199.78,Electra Townie Original 7D EQ - 2016
450,1,24,1,549.99,0.05,549.94,Electra Townie Original 21D - 2016
450,2,12,1,549.99,0.07,549.92,Electra Townie Original 21D - 2016
450,3,5,1,1320.99,0.1,1320.89,Heller Shagamaw Frame - 2016
451,1,14,2,269.99,0.05,539.93,Electra Girl's Hawaii 1 (16-inch) - 2015/2016
452,1,11,1,1680.99,0.05,1680.94,Surly Straggler 650b - 2016
452,2,16,1,599.99,0.05,599.94,Electra Townie Original 7D EQ - 2016
452,3,7,2,3999.99,0.1,7999.88,Trek Slash 8 27.5 - 2016
452,4,8,1,1799.99,0.1,1799.89,Trek Remedy 29 Carbon Frameset - 2016
453,1,23,1,299.99,0.05,299.94,Electra Girl's Hawaii 1 (20-inch) - 2015/2016
453,2,20,2,599.99,0.2,1199.78,Electra Townie Original 7D EQ - Women's - 2016
453,3,4,1,2899.99,0.2,2899.79,Trek Fuel EX 8 29 - 2016
454,1,25,2,499.99,0.07,999.91,Electra Townie Original 7D - 2015/2016
454,2,13,2,269.99,0.05,539.93,Electra Cruiser 1 (24-Inch) - 2016
454,3,24,2,549.99,0.1,1099.88,Electra Townie Original 21D - 2016
455,1,9,1,2999.99,0.05,2999.94,Trek Conduit+ - 2016
456,1,17,2,429,0.07,857.93,Pure Cycles Vine 8-Speed - 2016
456,2,23,1,299.99,0.07,299.92,Electra Girl's Hawaii 1 (20-inch) - 2015/2016
457,1,24,2,549.99,0.07,1099.91,Electra Townie Original 21D - 2016
457,2,2,1,749.99,0.05,749.94,Ritchey Timberwolf Frameset - 2016
457,3,7,2,3999.99,0.1,7999.88,Trek Slash 8 27.5 - 2016
457,4,17,1,429,0.2,428.8,Pure Cycles Vine 8-Speed - 2016
458,1,2,1,749.99,0.2,749.79,Ritchey Timberwolf Frameset - 2016
458,2,21,2,269.99,0.07,539.91,Electra Cruiser 1 (24-Inch) - 2016
458,3,11,1,1680.99,0.1,1680.89,Surly Straggler 650b - 2016
458,4,24,1,549.99,0.2,549.79,Electra Townie Original 21D - 2016
458,5,3,2,999.99,0.2,1999.78,Surly Wednesday Frameset - 2016
459,1,11,1,1680.99,0.2,1680.79,Surly Straggler 650b - 2016
460,1,19,1,449,0.05,448.95,Pure Cycles William 3-Speed - 2016
460,2,18,2,449,0.07,897.93,Pure Cycles Western 3-Speed - Women's - 2015/2016
460,3,4,1,2899.99,0.2,2899.79,Trek Fuel EX 8 29 - 2016
460,4,22,2,269.99,0.1,539.88,Electra Girl's Hawaii 1 (16-inch) - 2015/2016
461,1,16,1,599.99,0.07,599.92,Electra Townie Original 7D EQ - 2016
461,2,4,1,2899.99,0.2,2899.79,Trek Fuel EX 8 29 - 2016
461,3,8,2,1799.99,0.05,3599.93,Trek Remedy 29 Carbon Frameset - 2016
461,4,24,1,549.99,0.1,549.89,Electra Townie Original 21D - 2016
461,5,18,2,449,0.1,897.9,Pure Cycles Western 3-Speed - Women's - 2015/2016
462,1,12,2,549.99,0.1,1099.88,Electra Townie Original 21D - 2016
463,1,13,2,269.99,0.07,539.91,Electra Cruiser 1 (24-Inch) - 2016
464,1,7,1,3999.99,0.1,3999.89,Trek Slash 8 27.5 - 2016
465,1,6,2,469.99,0.1,939.88,Surly Ice Cream Truck Frameset - 2016
465,2,25,2,499.99,0.1,999.88,Electra Townie Original 7D - 2015/2016
466,1,19,2,449,0.2,897.8,Pure Cycles William 3-Speed - 2016
466,2,6,1,469.99,0.2,469.79,Surly Ice Cream Truck Frameset - 2016
466,3,7,2,3999.99,0.05,7999.93,Trek Slash 8 27.5 - 2016
466,4,15,1,529.99,0.1,529.89,Electra Moto 1 - 2016
466,5,5,1,1320.99,0.1,1320.89,Heller Shagamaw Frame - 2016
467,1,19,1,449,0.07,448.93,Pure Cycles William 3-Speed - 2016
467,2,10,1,1549,0.07,1548.93,Surly Straggler - 2016
467,3,22,2,269.99,0.1,539.88,Electra Girl's Hawaii 1 (16-inch) - 2015/2016
467,4,17,2,429,0.07,857.93,Pure Cycles Vine 8-Speed - 2016
467,5,11,1,1680.99,0.1,1680.89,Surly Straggler 650b - 2016
468,1,19,1,449,0.1,448.9,Pure Cycles William 3-Speed - 2016
468,2,9,2,2999.99,0.05,5999.93,Trek Conduit+ - 2016
468,3,10,2,1549,0.05,3097.95,Surly Straggler - 2016
468,4,25,1,499.99,0.1,499.89,Electra Townie Original 7D - 2015/2016
469,1,8,2,1799.99,0.1,3599.88,Trek Remedy 29 Carbon Frameset - 2016
469,2,4,1,2899.99,0.07,2899.92,Trek Fuel EX 8 29 - 2016
469,3,15,2,529.99,0.2,1059.78,Electra Moto 1 - 2016
470,1,18,1,449,0.05,448.95,Pure Cycles Western 3-Speed - Women's - 2015/2016
470,2,13,1,269.99,0.05,269.94,Electra Cruiser 1 (24-Inch) - 2016
470,3,8,2,1799.99,0.2,3599.78,Trek Remedy 29 Carbon Frameset - 2016
471,1,14,1,269.99,0.2,269.79,Electra Girl's Hawaii 1 (16-inch) - 2015/2016
471,2,13,2,269.99,0.05,539.93,Electra Cruiser 1 (24-Inch) - 2016
472,1,15,1,529.99,0.1,529.89,Electra Moto 1 - 2016
472,2,21,2,269.99,0.1,539.88,Electra Cruiser 1 (24-Inch) - 2016
473,1,26,1,599.99,0.07,599.92,Electra Townie Original 7D EQ - 2016
474,1,19,2,449,0.05,897.95,Pure Cycles William 3-Speed - 2016
474,2,11,1,1680.99,0.2,1680.79,Surly Straggler 650b - 2016
475,1,17,2,429,0.07,857.93,Pure Cycles Vine 8-Speed - 2016
475,2,26,2,599.99,0.2,1199.78,Electra Townie Original 7D EQ - 2016
475,3,25,1,499.99,0.2,499.79,Electra Townie Original 7D - 2015/2016
476,1,22,2,269.99,0.07,539.91,Electra Girl's Hawaii 1 (16-inch) - 2015/2016
476,2,4,2,2899.99,0.2,5799.78,Trek Fuel EX 8 29 - 2016
476,3,11,2,1680.99,0.07,3361.91,Surly Straggler 650b - 2016
476,4,20,2,599.99,0.05,1199.93,Electra Townie Original 7D EQ - Women's - 2016
477,1,6,1,469.99,0.1,469.89,Surly Ice Cream Truck Frameset - 2016
477,2,10,1,1549,0.05,1548.95,Surly Straggler - 2016
478,1,21,2,269.99,0.07,539.91,Electra Cruiser 1 (24-Inch) - 2016
479,1,26,1,599.99,0.07,599.92,Electra Townie Original 7D EQ - 2016
479,2,12,1,549.99,0.05,549.94,Electra Townie Original 21D - 2016
479,3,21,1,269.99,0.2,269.79,Electra Cruiser 1 (24-Inch) - 2016
479,4,7,1,3999.99,0.05,3999.94,Trek Slash 8 27.5 - 2016
479,5,10,1,1549,0.2,1548.8,Surly Straggler - 2016
480,1,4,1,2899.99,0.05,2899.94,Trek Fuel EX 8 29 - 2016
480,2,15,1,529.99,0.05,529.94,Electra Moto 1 - 2016
480,3,23,2,299.99,0.07,599.91,Electra Girl's Hawaii 1 (20-inch) - 2015/2016
481,1,13,2,269.99,0.2,539.78,Electra Cruiser 1 (24-Inch) - 2016
481,2,16,2,599.99,0.07,1199.91,Electra Townie Original 7D EQ - 2016
481,3,9,2,2999.99,0.1,5999.88,Trek Conduit+ - 2016
482,1,13,1,269.99,0.2,269.79,Electra Cruiser 1 (24-Inch) - 2016
482,2,14,1,269.99,0.1,269.89,Electra Girl's Hawaii 1 (16-inch) - 2015/2016
483,1,17,1,429,0.07,428.93,Pure Cycles Vine 8-Speed - 2016
484,1,8,2,1799.99,0.1,3599.88,Trek Remedy 29 Carbon Frameset - 2016
484,2,24,1,549.99,0.05,549.94,Electra Townie Original 21D - 2016
484,3,9,2,2999.99,0.05,5999.93,Trek Conduit+ - 2016
484,4,6,1,469.99,0.2,469.79,Surly Ice Cream Truck Frameset - 2016
485,1,13,1,269.99,0.1,269.89,Electra Cruiser 1 (24-Inch) - 2016
485,2,26,2,599.99,0.05,1199.93,Electra Townie Original 7D EQ - 2016
486,1,9,1,2999.99,0.07,2999.92,Trek Conduit+ - 2016
486,2,23,2,299.99,0.05,599.93,Electra Girl's Hawaii 1 (20-inch) - 2015/2016
487,1,6,1,469.99,0.2,469.79,Surly Ice Cream Truck Frameset - 2016
488,1,13,2,269.99,0.07,539.91,Electra Cruiser 1 (24-Inch) - 2016
488,2,23,2,299.99,0.05,599.93,Electra Girl's Hawaii 1 (20-inch) - 2015/2016
488,3,22,1,269.99,0.05,269.94,Electra Girl's Hawaii 1 (16-inch) - 2015/2016
489,1,8,2,1799.99,0.1,3599.88,Trek Remedy 29 Carbon Frameset - 2016
490,1,12,1,549.99,0.1,549.89,Electra Townie Original 21D - 2016
490,2,23,1,299.99,0.05,299.94,Electra Girl's Hawaii 1 (20-inch) - 2015/2016
490,3,14,1,269.99,0.1,269.89,Electra Girl's Hawaii 1 (16-inch) - 2015/2016
490,4,13,2,269.99,0.07,539.91,Electra Cruiser 1 (24-Inch) - 2016
491,1,9,2,2999.99,0.2,5999.78,Trek Conduit+ - 2016
491,2,21,2,269.99,0.05,539.93,Electra Cruiser 1 (24-Inch) - 2016
491,3,15,2,529.99,0.05,1059.93,Electra Moto 1 - 2016
492,1,6,1,469.99,0.1,469.89,Surly Ice Cream Truck Frameset - 2016
492,2,22,2,269.99,0.1,539.88,Electra Girl's Hawaii 1 (16-inch) - 2015/2016
492,3,26,1,599.99,0.05,599.94,Electra Townie Original 7D EQ - 2016
493,1,15,1,529.99,0.05,529.94,Electra Moto 1 - 2016
493,2,18,2,449,0.05,897.95,Pure Cycles Western 3-Speed - Women's - 2015/2016
493,3,26,1,599.99,0.05,599.94,Electra Townie Original 7D EQ - 2016
494,1,23,1,299.99,0.1,299.89,Electra Girl's Hawaii 1 (20-inch) - 2015/2016
495,1,22,1,269.99,0.2,269.79,Electra Girl's Hawaii 1 (16-inch) - 2015/2016
495,2,9,1,2999.99,0.05,2999.94,Trek Conduit+ - 2016
496,1,23,1,299.99,0.2,299.79,Electra Girl's Hawaii 1 (20-inch) - 2015/2016
496,2,13,1,269.99,0.1,269.89,Electra Cruiser 1 (24-Inch) - 2016
496,3,21,2,269.99,0.2,539.78,Electra Cruiser 1 (24-Inch) - 2016
497,1,25,2,499.99,0.07,999.91,Electra Townie Original 7D - 2015/2016
498,1,24,1,549.99,0.07,549.92,Electra Townie Original 21D - 2016
498,2,21,1,269.99,0.1,269.89,Electra Cruiser 1 (24-Inch) - 2016
498,3,10,1,1549,0.07,1548.93,Surly Straggler - 2016
499,1,11,1,1680.99,0.2,1680.79,Surly Straggler 650b - 2016
499,2,15,1,529.99,0.07,529.92,Electra Moto 1 - 2016
499,3,14,2,269.99,0.2,539.78,Electra Girl's Hawaii 1 (16-inch) - 2015/2016
499,4,20,2,599.99,0.1,1199.88,Electra Townie Original 7D EQ - Women's - 2016
500,1,12,2,549.99,0.05,1099.93,Electra Townie Original 21D - 2016
500,2,14,1,269.99,0.2,269.79,Electra Girl's Hawaii 1 (16-inch) - 2015/2016
501,1,19,2,449,0.05,897.95,Pure Cycles William 3-Speed - 2016
501,2,8,1,1799.99,0.07,1799.92,Trek Remedy 29 Carbon Frameset - 2016
501,3,14,1,269.99,0.1,269.89,Electra Girl's Hawaii 1 (16-inch) - 2015/2016
501,4,23,2,299.99,0.07,599.91,Electra Girl's Hawaii 1 (20-inch) - 2015/2016
502,1,13,1,269.99,0.05,269.94,Electra Cruiser 1 (24-Inch) - 2016
503,1,13,2,269.99,0.07,539.91,Electra Cruiser 1 (24-Inch) - 2016
503,2,10,1,1549,0.05,1548.95,Surly Straggler - 2016
504,1,24,2,549.99,0.1,1099.88,Electra Townie Original 21D - 2016
504,2,2,2,749.99,0.05,1499.93,Ritchey Timberwolf Frameset - 2016
505,1,26,1,599.99,0.2,599.79,Electra Townie Original 7D EQ - 2016
506,1,25,1,499.99,0.1,499.89,Electra Townie Original 7D - 2015/2016
506,2,7,1,3999.99,0.07,3999.92,Trek Slash 8 27.5 - 2016
507,1,11,2,1680.99,0.05,3361.93,Surly Straggler 650b - 2016
507,2,13,2,269.99,0.07,539.91,Electra Cruiser 1 (24-Inch) - 2016
507,3,20,2,599.99,0.1,1199.88,Electra Townie Original 7D EQ - Women's - 2016
508,1,8,1,1799.99,0.05,1799.94,Trek Remedy 29 Carbon Frameset - 2016
508,2,2,2,749.99,0.05,1499.93,Ritchey Timberwolf Frameset - 2016
508,3,10,2,1549,0.05,3097.95,Surly Straggler - 2016
508,4,25,1,499.99,0.07,499.92,Electra Townie Original 7D - 2015/2016
509,1,23,2,299.99,0.2,599.78,Electra Girl's Hawaii 1 (20-inch) - 2015/2016
509,2,4,2,2899.99,0.05,5799.93,Trek Fuel EX 8 29 - 2016
510,1,17,1,429,0.1,428.9,Pure Cycles Vine 8-Speed - 2016
511,1,22,2,269.99,0.05,539.93,Electra Girl's Hawaii 1 (16-inch) - 2015/2016
511,2,13,1,269.99,0.1,269.89,Electra Cruiser 1 (24-Inch) - 2016
512,1,21,1,269.99,0.07,269.92,Electra Cruiser 1 (24-Inch) - 2016
513,1,7,1,3999.99,0.07,3999.92,Trek Slash 8 27.5 - 2016
513,2,13,1,269.99,0.2,269.79,Electra Cruiser 1 (24-Inch) - 2016
513,3,23,1,299.99,0.07,299.92,Electra Girl's Hawaii 1 (20-inch) - 2015/2016
514,1,18,2,449,0.2,897.8,Pure Cycles Western 3-Speed - Women's - 2015/2016
514,2,17,2,429,0.07,857.93,Pure Cycles Vine 8-Speed - 2016
515,1,8,1,1799.99,0.07,1799.92,Trek Remedy 29 Carbon Frameset - 2016
515,2,5,1,1320.99,0.1,1320.89,Heller Shagamaw Frame - 2016
515,3,25,2,499.99,0.07,999.91,Electra Townie Original 7D - 2015/2016
515,4,6,2,469.99,0.2,939.78,Surly Ice Cream Truck Frameset - 2016
516,1,7,1,3999.99,0.05,3999.94,Trek Slash 8 27.5 - 2016
516,2,5,2,1320.99,0.1,2641.88,Heller Shagamaw Frame - 2016
517,1,21,2,269.99,0.07,539.91,Electra Cruiser 1 (24-Inch) - 2016
518,1,16,2,599.99,0.2,1199.78,Electra Townie Original 7D EQ - 2016
518,2,5,2,1320.99,0.05,2641.93,Heller Shagamaw Frame - 2016
518,3,25,2,499.99,0.05,999.93,Electra Townie Original 7D - 2015/2016
518,4,15,2,529.99,0.2,1059.78,Electra Moto 1 - 2016
518,5,11,2,1680.99,0.07,3361.91,Surly Straggler 650b - 2016
519,1,6,1,469.99,0.07,469.92,Surly Ice Cream Truck Frameset - 2016
519,2,16,1,599.99,0.1,599.89,Electra Townie Original 7D EQ - 2016
519,3,23,2,299.99,0.05,599.93,Electra Girl's Hawaii 1 (20-inch) - 2015/2016
519,4,18,2,449,0.2,897.8,Pure Cycles Western 3-Speed - Women's - 2015/2016
519,5,7,1,3999.99,0.05,3999.94,Trek Slash 8 27.5 - 2016
520,1,26,1,599.99,0.1,599.89,Electra Townie Original 7D EQ - 2016
520,2,24,1,549.99,0.2,549.79,Electra Townie Original 21D - 2016
520,3,10,1,1549,0.07,1548.93,Surly Straggler - 2016
521,1,5,1,1320.99,0.2,1320.79,Heller Shagamaw Frame - 2016
521,2,14,1,269.99,0.2,269.79,Electra Girl's Hawaii 1 (16-inch) - 2015/2016
522,1,4,2,2899.99,0.07,5799.91,Trek Fuel EX 8 29 - 2016
522,2,22,2,269.99,0.07,539.91,Electra Girl's Hawaii 1 (16-inch) - 2015/2016
522,3,21,1,269.99,0.05,269.94,Electra Cruiser 1 (24-Inch) - 2016
523,1,12,1,549.99,0.2,549.79,Electra Townie Original 21D - 2016
523,2,20,1,599.99,0.05,599.94,Electra Townie Original 7D EQ - Women's - 2016
523,3,5,2,1320.99,0.1,2641.88,Heller Shagamaw Frame - 2016
523,4,16,2,599.99,0.07,1199.91,Electra Townie Original 7D EQ - 2016
524,1,11,1,1680.99,0.07,1680.92,Surly Straggler 650b - 2016
524,2,2,1,749.99,0.05,749.94,Ritchey Timberwolf Frameset - 2016
524,3,9,1,2999.99,0.2,2999.79,Trek Conduit+ - 2016
524,4,3,2,999.99,0.07,1999.91,Surly Wednesday Frameset - 2016
524,5,26,1,599.99,0.05,599.94,Electra Townie Original 7D EQ - 2016
525,1,9,2,2999.99,0.07,5999.91,Trek Conduit+ - 2016
525,2,6,2,469.99,0.07,939.91,Surly Ice Cream Truck Frameset - 2016
525,3,10,1,1549,0.1,1548.9,Surly Straggler - 2016
526,1,3,2,999.99,0.1,1999.88,Surly Wednesday Frameset - 2016
526,2,8,1,1799.99,0.1,1799.89,Trek Remedy 29 Carbon Frameset - 2016
526,3,21,1,269.99,0.05,269.94,Electra Cruiser 1 (24-Inch) - 2016
526,4,15,1,529.99,0.07,529.92,Electra Moto 1 - 2016
527,1,18,2,449,0.07,897.93,Pure Cycles Western 3-Speed - Women's - 2015/2016
527,2,4,1,2899.99,0.2,2899.79,Trek Fuel EX 8 29 - 2016
527,3,19,1,449,0.1,448.9,Pure Cycles William 3-Speed - 2016
527,4,9,2,2999.99,0.2,5999.78,Trek Conduit+ - 2016
528,1,21,2,269.99,0.05,539.93,Electra Cruiser 1 (24-Inch) - 2016
529,1,12,2,549.99,0.07,1099.91,Electra Townie Original 21D - 2016
530,1,2,2,749.99,0.05,1499.93,Ritchey Timberwolf Frameset - 2016
530,2,4,1,2899.99,0.07,2899.92,Trek Fuel EX 8 29 - 2016
530,3,6,2,469.99,0.2,939.78,Surly Ice Cream Truck Frameset - 2016
531,1,6,1,469.99,0.2,469.79,Surly Ice Cream Truck Frameset - 2016
531,2,12,2,549.99,0.2,1099.78,Electra Townie Original 21D - 2016
531,3,25,1,499.99,0.07,499.92,Electra Townie Original 7D - 2015/2016
532,1,17,2,429,0.07,857.93,Pure Cycles Vine 8-Speed - 2016
532,2,16,2,599.99,0.2,1199.78,Electra Townie Original 7D EQ - 2016
532,3,12,1,549.99,0.1,549.89,Electra Townie Original 21D - 2016
533,1,4,1,2899.99,0.2,2899.79,Trek Fuel EX 8 29 - 2016
533,2,12,2,549.99,0.1,1099.88,Electra Townie Original 21D - 2016
533,3,10,1,1549,0.2,1548.8,Surly Straggler - 2016
533,4,25,1,499.99,0.05,499.94,Electra Townie Original 7D - 2015/2016
534,1,21,2,269.99,0.05,539.93,Electra Cruiser 1 (24-Inch) - 2016
534,2,9,2,2999.99,0.05,5999.93,Trek Conduit+ - 2016
534,3,2,1,749.99,0.07,749.92,Ritchey Timberwolf Frameset - 2016
534,4,24,2,549.99,0.1,1099.88,Electra Townie Original 21D - 2016
535,1,24,1,549.99,0.05,549.94,Electra Townie Original 21D - 2016
535,2,15,1,529.99,0.1,529.89,Electra Moto 1 - 2016
535,3,22,2,269.99,0.1,539.88,Electra Girl's Hawaii 1 (16-inch) - 2015/2016
536,1,22,1,269.99,0.1,269.89,Electra Girl's Hawaii 1 (16-inch) - 2015/2016
536,2,2,1,749.99,0.1,749.89,Ritchey Timberwolf Frameset - 2016
536,3,12,2,549.99,0.05,1099.93,Electra Townie Original 21D - 2016
536,4,14,1,269.99,0.07,269.92,Electra Girl's Hawaii 1 (16-inch) - 2015/2016
537,1,10,1,1549,0.05,1548.95,Surly Straggler - 2016
537,2,26,1,599.99,0.05,599.94,Electra Townie Original 7D EQ - 2016
537,3,17,2,429,0.1,857.9,Pure Cycles Vine 8-Speed - 2016
537,4,25,2,499.99,0.2,999.78,Electra Townie Original 7D - 2015/2016
538,1,2,2,749.99,0.2,1499.78,Ritchey Timberwolf Frameset - 2016
539,1,9,2,2999.99,0.1,5999.88,Trek Conduit+ - 2016
539,2,23,1,299.99,0.05,299.94,Electra Girl's Hawaii 1 (20-inch) - 2015/2016
539,3,21,2,269.99,0.07,539.91,Electra Cruiser 1 (24-Inch) - 2016
540,1,19,1,449,0.1,448.9,Pure Cycles William 3-Speed - 2016
540,2,26,2,599.99,0.1,1199.88,Electra Townie Original 7D EQ - 2016
540,3,23,2,299.99,0.07,599.91,Electra Girl's Hawaii 1 (20-inch) - 2015/2016
541,1,22,2,269.99,0.05,539.93,Electra Girl's Hawaii 1 (16-inch) - 2015/2016
542,1,16,2,599.99,0.2,1199.78,Electra Townie Original 7D EQ - 2016
542,2,9,1,2999.99,0.1,2999.89,Trek Conduit+ - 2016
542,3,20,1,599.99,0.1,599.89,Electra Townie Original 7D EQ - Women's - 2016
542,4,19,2,449,0.2,897.8,Pure Cycles William 3-Speed - 2016
543,1,25,1,499.99,0.2,499.79,Electra Townie Original 7D - 2015/2016
543,2,18,1,449,0.2,448.8,Pure Cycles Western 3-Speed - Women's - 2015/2016
543,3,26,2,599.99,0.05,1199.93,Electra Townie Original 7D EQ - 2016
544,1,12,1,549.99,0.05,549.94,Electra Townie Original 21D - 2016
544,2,17,1,429,0.1,428.9,Pure Cycles Vine 8-Speed - 2016
544,3,21,1,269.99,0.05,269.94,Electra Cruiser 1 (24-Inch) - 2016
545,1,25,2,499.99,0.2,999.78,Electra Townie Original 7D - 2015/2016
545,2,6,1,469.99,0.07,469.92,Surly Ice Cream Truck Frameset - 2016
545,3,24,1,549.99,0.2,549.79,Electra Townie Original 21D - 2016
545,4,20,2,599.99,0.07,1199.91,Electra Townie Original 7D EQ - Women's - 2016
546,1,17,2,429,0.05,857.95,Pure Cycles Vine 8-Speed - 2016
546,2,8,1,1799.99,0.1,1799.89,Trek Remedy 29 Carbon Frameset - 2016
546,3,18,2,449,0.07,897.93,Pure Cycles Western 3-Speed - Women's - 2015/2016
547,1,11,2,1680.99,0.05,3361.93,Surly Straggler 650b - 2016
547,2,9,1,2999.99,0.2,2999.79,Trek Conduit+ - 2016
547,3,5,1,1320.99,0.1,1320.89,Heller Shagamaw Frame - 2016
548,1,8,1,1799.99,0.1,1799.89,Trek Remedy 29 Carbon Frameset - 2016
548,2,11,2,1680.99,0.07,3361.91,Surly Straggler 650b - 2016
549,1,15,1,529.99,0.07,529.92,Electra Moto 1 - 2016
549,2,16,1,599.99,0.05,599.94,Electra Townie Original 7D EQ - 2016
549,3,3,1,999.99,0.07,999.92,Surly Wednesday Frameset - 2016
549,4,7,1,3999.99,0.05,3999.94,Trek Slash 8 27.5 - 2016
549,5,13,2,269.99,0.1,539.88,Electra Cruiser 1 (24-Inch) - 2016
550,1,4,1,2899.99,0.05,2899.94,Trek Fuel EX 8 29 - 2016
551,1,16,1,599.99,0.05,599.94,Electra Townie Original 7D EQ - 2016
551,2,26,1,599.99,0.07,599.92,Electra Townie Original 7D EQ - 2016
551,3,11,2,1680.99,0.2,3361.78,Surly Straggler 650b - 2016
551,4,15,2,529.99,0.2,1059.78,Electra Moto 1 - 2016
552,1,23,1,299.99,0.2,299.79,Electra Girl's Hawaii 1 (20-inch) - 2015/2016
552,2,2,1,749.99,0.2,749.79,Ritchey Timberwolf Frameset - 2016
552,3,24,1,549.99,0.2,549.79,Electra Townie Original 21D - 2016
552,4,18,1,449,0.1,448.9,Pure Cycles Western 3-Speed - Women's - 2015/2016
552,5,19,2,449,0.2,897.8,Pure Cycles William 3-Speed - 2016
553,1,24,1,549.99,0.1,549.89,Electra Townie Original 21D - 2016
553,2,18,2,449,0.07,897.93,Pure Cycles Western 3-Speed - Women's - 2015/2016
553,3,12,1,549.99,0.07,549.92,Electra Townie Original 21D - 2016
554,1,3,2,999.99,0.07,1999.91,Surly Wednesday Frameset - 2016
554,2,22,1,269.99,0.05,269.94,Electra Girl's Hawaii 1 (16-inch) - 2015/2016
554,3,4,2,2899.99,0.2,5799.78,Trek Fuel EX 8 29 - 2016
555,1,8,1,1799.99,0.2,1799.79,Trek Remedy 29 Carbon Frameset - 2016
555,2,7,1,3999.99,0.1,3999.89,Trek Slash 8 27.5 - 2016
555,3,20,2,599.99,0.07,1199.91,Electra Townie Original 7D EQ - Women's - 2016
556,1,16,1,599.99,0.1,599.89,Electra Townie Original 7D EQ - 2016
556,2,4,2,2899.99,0.2,5799.78,Trek Fuel EX 8 29 - 2016
557,1,9,2,2999.99,0.1,5999.88,Trek Conduit+ - 2016
557,2,10,1,1549,0.1,1548.9,Surly Straggler - 2016
558,1,7,1,3999.99,0.07,3999.92,Trek Slash 8 27.5 - 2016
558,2,16,1,599.99,0.07,599.92,Electra Townie Original 7D EQ - 2016
558,3,9,1,2999.99,0.1,2999.89,Trek Conduit+ - 2016
558,4,21,2,269.99,0.05,539.93,Electra Cruiser 1 (24-Inch) - 2016
558,5,10,2,1549,0.07,3097.93,Surly Straggler - 2016
559,1,15,2,529.99,0.1,1059.88,Electra Moto 1 - 2016
559,2,6,1,469.99,0.1,469.89,Surly Ice Cream Truck Frameset - 2016
559,3,7,2,3999.99,0.07,7999.91,Trek Slash 8 27.5 - 2016
560,1,16,1,599.99,0.05,599.94,Electra Townie Original 7D EQ - 2016
560,2,26,2,599.99,0.1,1199.88,Electra Townie Original 7D EQ - 2016
561,1,15,2,529.99,0.05,1059.93,Electra Moto 1 - 2016
561,2,18,1,449,0.05,448.95,Pure Cycles Western 3-Speed - Women's - 2015/2016
561,3,5,1,1320.99,0.05,1320.94,Heller Shagamaw Frame - 2016
561,4,17,2,429,0.07,857.93,Pure Cycles Vine 8-Speed - 2016
562,1,25,2,499.99,0.07,999.91,Electra Townie Original 7D - 2015/2016
562,2,26,1,599.99,0.05,599.94,Electra Townie Original 7D EQ - 2016
563,1,6,2,469.99,0.1,939.88,Surly Ice Cream Truck Frameset - 2016
563,2,19,1,449,0.05,448.95,Pure Cycles William 3-Speed - 2016
563,3,13,2,269.99,0.1,539.88,Electra Cruiser 1 (24-Inch) - 2016
564,1,4,1,2899.99,0.2,2899.79,Trek Fuel EX 8 29 - 2016
564,2,15,1,529.99,0.2,529.79,Electra Moto 1 - 2016
565,1,18,1,449,0.2,448.8,Pure Cycles Western 3-Speed - Women's - 2015/2016
565,2,25,2,499.99,0.1,999.88,Electra Townie Original 7D - 2015/2016
565,3,9,1,2999.99,0.05,2999.94,Trek Conduit+ - 2016
565,4,17,1,429,0.1,428.9,Pure Cycles Vine 8-Speed - 2016
566,1,24,2,549.99,0.07,1099.91,Electra Townie Original 21D - 2016
566,2,7,2,3999.99,0.2,7999.78,Trek Slash 8 27.5 - 2016
566,3,8,1,1799.99,0.1,1799.89,Trek Remedy 29 Carbon Frameset - 2016
566,4,21,2,269.99,0.2,539.78,Electra Cruiser 1 (24-Inch) - 2016
567,1,9,1,2999.99,0.2,2999.79,Trek Conduit+ - 2016
567,2,5,1,1320.99,0.07,1320.92,Heller Shagamaw Frame - 2016
568,1,5,1,1320.99,0.05,1320.94,Heller Shagamaw Frame - 2016
568,2,10,1,1549,0.05,1548.95,Surly Straggler - 2016
569,1,16,1,599.99,0.05,599.94,Electra Townie Original 7D EQ - 2016
569,2,24,2,549.99,0.1,1099.88,Electra Townie Original 21D - 2016
570,1,18,1,449,0.07,448.93,Pure Cycles Western 3-Speed - Women's - 2015/2016
570,2,24,2,549.99,0.1,1099.88,Electra Townie Original 21D - 2016
570,3,3,2,999.99,0.2,1999.78,Surly Wednesday Frameset - 2016
570,4,11,1,1680.99,0.1,1680.89,Surly Straggler 650b - 2016
570,5,16,1,599.99,0.05,599.94,Electra Townie Original 7D EQ - 2016
571,1,4,1,2899.99,0.05,2899.94,Trek Fuel EX 8 29 - 2016
571,2,9,1,2999.99,0.1,2999.89,Trek Conduit+ - 2016
572,1,3,1,999.99,0.05,999.94,Surly Wednesday Frameset - 2016
572,2,13,2,269.99,0.1,539.88,Electra Cruiser 1 (24-Inch) - 2016
572,3,11,2,1680.99,0.2,3361.78,Surly Straggler 650b - 2016
573,1,2,1,749.99,0.2,749.79,Ritchey Timberwolf Frameset - 2016
574,1,26,1,599.99,0.05,599.94,Electra Townie Original 7D EQ - 2016
574,2,13,2,269.99,0.1,539.88,Electra Cruiser 1 (24-Inch) - 2016
574,3,12,2,549.99,0.1,1099.88,Electra Townie Original 21D - 2016
574,4,23,2,299.99,0.1,599.88,Electra Girl's Hawaii 1 (20-inch) - 2015/2016
574,5,11,2,1680.99,0.05,3361.93,Surly Straggler 650b - 2016
575,1,4,2,2899.99,0.07,5799.91,Trek Fuel EX 8 29 - 2016
575,2,12,1,549.99,0.2,549.79,Electra Townie Original 21D - 2016
576,1,9,1,2999.99,0.1,2999.89,Trek Conduit+ - 2016
577,1,3,2,999.99,0.2,1999.78,Surly Wednesday Frameset - 2016
578,1,21,1,269.99,0.07,269.92,Electra Cruiser 1 (24-Inch) - 2016
578,2,25,2,499.99,0.2,999.78,Electra Townie Original 7D - 2015/2016
578,3,18,2,449,0.05,897.95,Pure Cycles Western 3-Speed - Women's - 2015/2016
578,4,8,2,1799.99,0.2,3599.78,Trek Remedy 29 Carbon Frameset - 2016
579,1,7,2,3999.99,0.05,7999.93,Trek Slash 8 27.5 - 2016
579,2,6,1,469.99,0.2,469.79,Surly Ice Cream Truck Frameset - 2016
580,1,16,2,599.99,0.2,1199.78,Electra Townie Original 7D EQ - 2016
580,2,15,1,529.99,0.07,529.92,Electra Moto 1 - 2016
580,3,21,2,269.99,0.2,539.78,Electra Cruiser 1 (24-Inch) - 2016
580,4,9,2,2999.99,0.07,5999.91,Trek Conduit+ - 2016
580,5,19,1,449,0.2,448.8,Pure Cycles William 3-Speed - 2016
581,1,8,2,1799.99,0.07,3599.91,Trek Remedy 29 Carbon Frameset - 2016
582,1,10,2,1549,0.2,3097.8,Surly Straggler - 2016
582,2,17,2,429,0.07,857.93,Pure Cycles Vine 8-Speed - 2016
583,1,15,2,529.99,0.2,1059.78,Electra Moto 1 - 2016
584,1,19,1,449,0.07,448.93,Pure Cycles William 3-Speed - 2016
584,2,23,1,299.99,0.07,299.92,Electra Girl's Hawaii 1 (20-inch) - 2015/2016
584,3,15,1,529.99,0.1,529.89,Electra Moto 1 - 2016
584,4,22,1,269.99,0.05,269.94,Electra Girl's Hawaii 1 (16-inch) - 2015/2016
584,5,8,2,1799.99,0.07,3599.91,Trek Remedy 29 Carbon Frameset - 2016
585,1,10,1,1549,0.2,1548.8,Surly Straggler - 2016
585,2,18,2,449,0.2,897.8,Pure Cycles Western 3-Speed - Women's - 2015/2016
585,3,15,1,529.99,0.05,529.94,Electra Moto 1 - 2016
585,4,12,2,549.99,0.07,1099.91,Electra Townie Original 21D - 2016
586,1,11,2,1680.99,0.1,3361.88,Surly Straggler 650b - 2016
586,2,23,2,299.99,0.2,599.78,Electra Girl's Hawaii 1 (20-inch) - 2015/2016
587,1,24,1,549.99,0.05,549.94,Electra Townie Original 21D - 2016
587,2,23,1,299.99,0.05,299.94,Electra Girl's Hawaii 1 (20-inch) - 2015/2016
587,3,18,1,449,0.05,448.95,Pure Cycles Western 3-Speed - Women's - 2015/2016
587,4,21,1,269.99,0.2,269.79,Electra Cruiser 1 (24-Inch) - 2016
588,1,10,2,1549,0.07,3097.93,Surly Straggler - 2016
588,2,23,1,299.99,0.2,299.79,Electra Girl's Hawaii 1 (20-inch) - 2015/2016
589,1,15,2,529.99,0.05,1059.93,Electra Moto 1 - 2016
590,1,2,2,749.99,0.1,1499.88,Ritchey Timberwolf Frameset - 2016
590,2,20,1,599.99,0.07,599.92,Electra Townie Original 7D EQ - Women's - 2016
590,3,8,2,1799.99,0.05,3599.93,Trek Remedy 29 Carbon Frameset - 2016
590,4,5,2,1320.99,0.1,2641.88,Heller Shagamaw Frame - 2016
590,5,24,1,549.99,0.1,549.89,Electra Townie Original 21D - 2016
591,1,16,2,599.99,0.05,1199.93,Electra Townie Original 7D EQ - 2016
591,2,25,2,499.99,0.05,999.93,Electra Townie Original 7D - 2015/2016
591,3,2,2,749.99,0.1,1499.88,Ritchey Timberwolf Frameset - 2016
592,1,21,2,269.99,0.1,539.88,Electra Cruiser 1 (24-Inch) - 2016
592,2,16,1,599.99,0.05,599.94,Electra Townie Original 7D EQ - 2016
592,3,18,2,449,0.07,897.93,Pure Cycles Western 3-Speed - Women's - 2015/2016
593,1,3,2,999.99,0.1,1999.88,Surly Wednesday Frameset - 2016
593,2,25,1,499.99,0.07,499.92,Electra Townie Original 7D - 2015/2016
594,1,26,1,599.99,0.1,599.89,Electra Townie Original 7D EQ - 2016
594,2,21,2,269.99,0.05,539.93,Electra Cruiser 1 (24-Inch) - 2016
595,1,4,1,2899.99,0.07,2899.92,Trek Fuel EX 8 29 - 2016
595,2,19,2,449,0.07,897.93,Pure Cycles William 3-Speed - 2016
595,3,3,1,999.99,0.07,999.92,Surly Wednesday Frameset - 2016
595,4,10,1,1549,0.07,1548.93,Surly Straggler - 2016
595,5,26,2,599.99,0.05,1199.93,Electra Townie Original 7D EQ - 2016
596,1,5,1,1320.99,0.05,1320.94,Heller Shagamaw Frame - 2016
596,2,23,2,299.99,0.1,599.88,Electra Girl's Hawaii 1 (20-inch) - 2015/2016
596,3,9,1,2999.99,0.05,2999.94,Trek Conduit+ - 2016
597,1,17,2,429,0.2,857.8,Pure Cycles Vine 8-Speed - 2016
597,2,8,1,1799.99,0.07,1799.92,Trek Remedy 29 Carbon Frameset - 2016
598,1,4,2,2899.99,0.05,5799.93,Trek Fuel EX 8 29 - 2016
598,2,16,2,599.99,0.07,1199.91,Electra Townie Original 7D EQ - 2016
598,3,14,1,269.99,0.1,269.89,Electra Girl's Hawaii 1 (16-inch) - 2015/2016
599,1,9,2,2999.99,0.05,5999.93,Trek Conduit+ - 2016
599,2,22,2,269.99,0.2,539.78,Electra Girl's Hawaii 1 (16-inch) - 2015/2016
599,3,23,1,299.99,0.07,299.92,Electra Girl's Hawaii 1 (20-inch) - 2015/2016
599,4,10,2,1549,0.1,3097.9,Surly Straggler - 2016
600,1,26,2,599.99,0.07,1199.91,Electra Townie Original 7D EQ - 2016
600,2,4,1,2899.99,0.2,2899.79,Trek Fuel EX 8 29 - 2016
600,3,18,2,449,0.07,897.93,Pure Cycles Western 3-Speed - Women's - 2015/2016
601,1,12,2,549.99,0.2,1099.78,Electra Townie Original 21D - 2016
602,1,15,2,529.99,0.05,1059.93,Electra Moto 1 - 2016
602,2,5,2,1320.99,0.07,2641.91,Heller Shagamaw Frame - 2016
603,1,12,1,549.99,0.07,549.92,Electra Townie Original 21D - 2016
603,2,4,1,2899.99,0.1,2899.89,Trek Fuel EX 8 29 - 2016
604,1,10,2,1549,0.07,3097.93,Surly Straggler - 2016
604,2,9,2,2999.99,0.2,5999.78,Trek Conduit+ - 2016
605,1,19,1,449,0.07,448.93,Pure Cycles William 3-Speed - 2016
605,2,25,2,499.99,0.05,999.93,Electra Townie Original 7D - 2015/2016
605,3,13,2,269.99,0.2,539.78,Electra Cruiser 1 (24-Inch) - 2016
605,4,11,1,1680.99,0.2,1680.79,Surly Straggler 650b - 2016
606,1,6,2,469.99,0.2,939.78,Surly Ice Cream Truck Frameset - 2016
606,2,18,2,449,0.05,897.95,Pure Cycles Western 3-Speed - Women's - 2015/2016
607,1,11,2,1680.99,0.2,3361.78,Surly Straggler 650b - 2016
607,2,26,2,599.99,0.2,1199.78,Electra Townie Original 7D EQ - 2016
607,3,14,1,269.99,0.07,269.92,Electra Girl's Hawaii 1 (16-inch) - 2015/2016
608,1,4,2,2899.99,0.2,5799.78,Trek Fuel EX 8 29 - 2016
608,2,7,2,3999.99,0.1,7999.88,Trek Slash 8 27.5 - 2016
608,3,24,1,549.99,0.1,549.89,Electra Townie Original 21D - 2016
609,1,10,1,1549,0.07,1548.93,Surly Straggler - 2016
609,2,7,1,3999.99,0.1,3999.89,Trek Slash 8 27.5 - 2016
609,3,22,2,269.99,0.1,539.88,Electra Girl's Hawaii 1 (16-inch) - 2015/2016
609,4,5,1,1320.99,0.1,1320.89,Heller Shagamaw Frame - 2016
610,1,26,1,599.99,0.1,599.89,Electra Townie Original 7D EQ - 2016
610,2,24,1,549.99,0.07,549.92,Electra Townie Original 21D - 2016
610,3,18,2,449,0.07,897.93,Pure Cycles Western 3-Speed - Women's - 2015/2016
610,4,3,1,999.99,0.07,999.92,Surly Wednesday Frameset - 2016
610,5,8,1,1799.99,0.1,1799.89,Trek Remedy 29 Carbon Frameset - 2016
611,1,16,2,599.99,0.07,1199.91,Electra Townie Original 7D EQ - 2016
612,1,13,1,269.99,0.1,269.89,Electra Cruiser 1 (24-Inch) - 2016
612,2,14,1,269.99,0.1,269.89,Electra Girl's Hawaii 1 (16-inch) - 2015/2016
612,3,17,1,429,0.07,428.93,Pure Cycles Vine 8-Speed - 2016
612,4,20,1,599.99,0.2,599.79,Electra Townie Original 7D EQ - Women's - 2016
613,1,9,2,2999.99,0.1,5999.88,Trek Conduit+ - 2016
613,2,18,2,449,0.05,897.95,Pure Cycles Western 3-Speed - Women's - 2015/2016
613,3,12,1,549.99,0.07,549.92,Electra Townie Original 21D - 2016
614,1,18,1,449,0.1,448.9,Pure Cycles Western 3-Speed - Women's - 2015/2016
614,2,21,1,269.99,0.05,269.94,Electra Cruiser 1 (24-Inch) - 2016
615,1,11,1,1680.99,0.07,1680.92,Surly Straggler 650b - 2016
615,2,23,1,299.99,0.05,299.94,Electra Girl's Hawaii 1 (20-inch) - 2015/2016
615,3,6,2,469.99,0.1,939.88,Surly Ice Cream Truck Frameset - 2016
615,4,19,2,449,0.1,897.9,Pure Cycles William 3-Speed - 2016
616,1,24,1,549.99,0.2,549.79,Electra Townie Original 21D - 2016
616,2,16,2,599.99,0.2,1199.78,Electra Townie Original 7D EQ - 2016
617,1,15,2,529.99,0.2,1059.78,Electra Moto 1 - 2016
617,2,11,2,1680.99,0.07,3361.91,Surly Straggler 650b - 2016
618,1,17,2,429,0.1,857.9,Pure Cycles Vine 8-Speed - 2016
618,2,11,1,1680.99,0.07,1680.92,Surly Straggler 650b - 2016
619,1,25,1,499.99,0.07,499.92,Electra Townie Original 7D - 2015/2016
620,1,5,2,1320.99,0.2,2641.78,Heller Shagamaw Frame - 2016
621,1,17,2,429,0.07,857.93,Pure Cycles Vine 8-Speed - 2016
622,1,9,2,2999.99,0.07,5999.91,Trek Conduit+ - 2016
622,2,18,1,449,0.1,448.9,Pure Cycles Western 3-Speed - Women's - 2015/2016
622,3,10,1,1549,0.2,1548.8,Surly Straggler - 2016
622,4,25,1,499.99,0.07,499.92,Electra Townie Original 7D - 2015/2016
623,1,8,1,1799.99,0.07,1799.92,Trek Remedy 29 Carbon Frameset - 2016
624,1,21,2,269.99,0.05,539.93,Electra Cruiser 1 (24-Inch) - 2016
624,2,16,1,599.99,0.07,599.92,Electra Townie Original 7D EQ - 2016
624,3,22,1,269.99,0.07,269.92,Electra Girl's Hawaii 1 (16-inch) - 2015/2016
624,4,14,2,269.99,0.2,539.78,Electra Girl's Hawaii 1 (16-inch) - 2015/2016
625,1,17,1,429,0.07,428.93,Pure Cycles Vine 8-Speed - 2016
625,2,11,2,1680.99,0.2,3361.78,Surly Straggler 650b - 2016
625,3,26,1,599.99,0.07,599.92,Electra Townie Original 7D EQ - 2016
625,4,23,2,299.99,0.1,599.88,Electra Girl's Hawaii 1 (20-inch) - 2015/2016
626,1,15,1,529.99,0.2,529.79,Electra Moto 1 - 2016
627,1,19,1,449,0.07,448.93,Pure Cycles William 3-Speed - 2016
627,2,9,2,2999.99,0.2,5999.78,Trek Conduit+ - 2016
627,3,26,1,599.99,0.07,599.92,Electra Townie Original 7D EQ - 2016
628,1,15,2,529.99,0.1,1059.88,Electra Moto 1 - 2016
629,1,19,1,449,0.05,448.95,Pure Cycles William 3-Speed - 2016
629,2,5,2,1320.99,0.05,2641.93,Heller Shagamaw Frame - 2016
629,3,23,2,299.99,0.1,599.88,Electra Girl's Hawaii 1 (20-inch) - 2015/2016
629,4,14,2,269.99,0.05,539.93,Electra Girl's Hawaii 1 (16-inch) - 2015/2016
629,5,6,2,469.99,0.1,939.88,Surly Ice Cream Truck Frameset - 2016
630,1,5,1,1320.99,0.05,1320.94,Heller Shagamaw Frame - 2016
630,2,25,1,499.99,0.1,499.89,Electra Townie Original 7D - 2015/2016
630,3,18,2,449,0.1,897.9,Pure Cycles Western 3-Speed - Women's - 2015/2016
630,4,21,2,269.99,0.07,539.91,Electra Cruiser 1 (24-Inch) - 2016
631,1,24,2,549.99,0.07,1099.91,Electra Townie Original 21D - 2016
631,2,15,2,529.99,0.07,1059.91,Electra Moto 1 - 2016
632,1,25,1,499.99,0.2,499.79,Electra Townie Original 7D - 2015/2016
632,2,11,2,1680.99,0.1,3361.88,Surly Straggler 650b - 2016
632,3,15,1,529.99,0.07,529.92,Electra Moto 1 - 2016
632,4,6,1,469.99,0.05,469.94,Surly Ice Cream Truck Frameset - 2016
632,5,22,2,269.99,0.1,539.88,Electra Girl's Hawaii 1 (16-inch) - 2015/2016
633,1,12,2,549.99,0.05,1099.93,Electra Townie Original 21D - 2016
633,2,13,2,269.99,0.2,539.78,Electra Cruiser 1 (24-Inch) - 2016
633,3,5,2,1320.99,0.2,2641.78,Heller Shagamaw Frame - 2016
633,4,10,2,1549,0.2,3097.8,Surly Straggler - 2016
634,1,4,2,2899.99,0.05,5799.93,Trek Fuel EX 8 29 - 2016
634,2,12,1,549.99,0.1,549.89,Electra Townie Original 21D - 2016
635,1,4,1,2899.99,0.05,2899.94,Trek Fuel EX 8 29 - 2016
636,1,85,2,329.99,0.2,659.78,Haro Downtown 16 - 2017
637,1,9,1,2999.99,0.1,2999.89,Trek Conduit+ - 2016
637,2,106,2,449.99,0.1,899.88,Sun Bicycles Cruz 3 - 2017
638,1,103,1,551.99,0.05,551.94,Sun Bicycles Streamway 3 - 2017
638,2,56,1,5499.99,0.2,5499.79,Trek Domane SLR 6 Disc - 2017
638,3,53,2,749.99,0.05,1499.93,Surly Ogre Frameset - 2017
639,1,15,1,529.99,0.07,529.92,Electra Moto 1 - 2016
639,2,73,1,749.99,0.05,749.94,Sun Bicycles Brickell Tandem 7 - 2017
639,3,72,1,619.99,0.05,619.94,Sun Bicycles Biscayne Tandem 7 - 2017
639,4,61,2,4999.99,0.1,9999.88,Trek Powerfly 8 FS Plus - 2017
640,1,106,2,449.99,0.05,899.93,Sun Bicycles Cruz 3 - 2017
640,2,32,1,469.99,0.07,469.92,Trek Farley Alloy Frameset - 2017
640,3,30,1,999.99,0.07,999.92,Surly Ice Cream Truck Frameset - 2017
640,4,76,2,299.99,0.07,599.91,"Electra Girl's Hawaii 1 16"" - 2017"
640,5,109,2,416.99,0.2,833.78,Sun Bicycles Cruz 7 - Women's - 2017
641,1,15,1,529.99,0.05,529.94,Electra Moto 1 - 2016
641,2,62,1,3499.99,0.2,3499.79,Trek Boone 7 - 2017
641,3,64,1,489.99,0.2,489.79,Electra Townie Original 7D - 2017
642,1,68,2,449.99,0.07,899.91,Sun Bicycles Cruz 3 - 2017
643,1,53,1,749.99,0.05,749.94,Surly Ogre Frameset - 2017
644,1,9,1,2999.99,0.07,2999.92,Trek Conduit+ - 2016
645,1,99,1,299.99,0.07,299.92,Electra Sugar Skulls 1 (20-inch) - Girl's - 2017
645,2,42,2,2299.99,0.05,4599.93,Trek Fuel EX 5 27.5 Plus - 2017
645,3,6,1,469.99,0.05,469.94,Surly Ice Cream Truck Frameset - 2016
645,4,47,2,5299.99,0.07,10599.91,Trek Remedy 9.8 - 2017
645,5,21,2,269.99,0.07,539.91,Electra Cruiser 1 (24-Inch) - 2016
646,1,15,2,529.99,0.2,1059.78,Electra Moto 1 - 2016
646,2,4,1,2899.99,0.07,2899.92,Trek Fuel EX 8 29 - 2016
646,3,95,1,299.99,0.05,299.94,"Electra Girl's Hawaii 1 16"" - 2017"
646,4,12,1,549.99,0.2,549.79,Electra Townie Original 21D - 2016
647,1,25,2,499.99,0.07,999.91,Electra Townie Original 7D - 2015/2016
647,2,13,1,269.99,0.1,269.89,Electra Cruiser 1 (24-Inch) - 2016
648,1,24,1,549.99,0.07,549.92,Electra Townie Original 21D - 2016
649,1,97,2,349.99,0.1,699.88,Electra Savannah 3i (20-inch) - Girl's - 2017
649,2,90,1,209.99,0.07,209.92,Trek Precaliber 16 Girls - 2017
649,3,11,2,1680.99,0.1,3361.88,Surly Straggler 650b - 2016
649,4,78,1,647.99,0.05,647.94,Sun Bicycles Biscayne Tandem CB - 2017
650,1,3,1,999.99,0.2,999.79,Surly Wednesday Frameset - 2016
651,1,79,1,402.99,0.1,402.89,Sun Bicycles Boardwalk (24-inch Wheels) - 2017
651,2,85,1,329.99,0.05,329.94,Haro Downtown 16 - 2017
651,3,102,2,489.99,0.05,979.93,Electra Townie Original 7D - 2017
651,4,94,2,249.99,0.05,499.93,Haro Shredder Pro 20 - 2017
652,1,102,1,489.99,0.1,489.89,Electra Townie Original 7D - 2017
652,2,62,2,3499.99,0.2,6999.78,Trek Boone 7 - 2017
652,3,67,2,250.99,0.2,501.78,Sun Bicycles Revolutions 24 - Girl's - 2017
652,4,23,1,299.99,0.1,299.89,Electra Girl's Hawaii 1 (20-inch) - 2015/2016
652,5,74,1,439.99,0.05,439.94,Electra Cruiser Lux 1 - 2017
653,1,6,1,469.99,0.07,469.92,Surly Ice Cream Truck Frameset - 2016
653,2,43,1,5299.99,0.1,5299.89,Trek Fuel EX 9.8 27.5 Plus - 2017
653,3,2,2,749.99,0.1,1499.88,Ritchey Timberwolf Frameset - 2016
653,4,80,1,761.99,0.2,761.79,Sun Bicycles Brickell Tandem CB - 2017
653,5,88,2,189.99,0.07,379.91,Trek Precaliber 12 Girls - 2017
654,1,9,1,2999.99,0.1,2999.89,Trek Conduit+ - 2016
654,2,95,1,299.99,0.1,299.89,"Electra Girl's Hawaii 1 16"" - 2017"
654,3,110,2,470.99,0.07,941.91,Sun Bicycles Drifter 7 - 2017
654,4,97,2,349.99,0.07,699.91,Electra Savannah 3i (20-inch) - Girl's - 2017
655,1,67,1,250.99,0.1,250.89,Sun Bicycles Revolutions 24 - Girl's - 2017
656,1,83,1,149.99,0.1,149.89,Trek Boy's Kickster - 2015/2017
656,2,22,1,269.99,0.07,269.92,Electra Girl's Hawaii 1 (16-inch) - 2015/2016
656,3,33,2,469.99,0.05,939.93,Surly Wednesday Frameset - 2017
657,1,52,1,875.99,0.05,875.94,Surly Steamroller - 2017
657,2,54,2,3199.99,0.05,6399.93,Trek Domane SL Disc Frameset - 2017
658,1,49,2,3499.99,0.2,6999.78,Trek Domane SL 6 - 2017
658,2,29,1,999.99,0.05,999.94,Trek X-Caliber 8 - 2017
658,3,9,1,2999.99,0.05,2999.94,Trek Conduit+ - 2016
659,1,42,2,2299.99,0.05,4599.93,Trek Fuel EX 5 27.5 Plus - 2017
659,2,39,2,1499.99,0.07,2999.91,Trek Stache 5 - 2017
659,3,70,1,659.99,0.05,659.94,Electra Amsterdam Original 3i - 2015/2017
659,4,61,2,4999.99,0.07,9999.91,Trek Powerfly 8 FS Plus - 2017
660,1,30,1,999.99,0.2,999.79,Surly Ice Cream Truck Frameset - 2017
660,2,59,2,2599.99,0.07,5199.91,Trek Domane S 5 Disc - 2017
660,3,47,2,5299.99,0.05,10599.93,Trek Remedy 9.8 - 2017
660,4,29,2,999.99,0.2,1999.78,Trek X-Caliber 8 - 2017
661,1,63,2,3499.99,0.07,6999.91,Trek Boone Race Shop Limited - 2017
661,2,22,2,269.99,0.05,539.93,Electra Girl's Hawaii 1 (16-inch) - 2015/2016
662,1,55,2,2699.99,0.1,5399.88,Trek Domane S 6 - 2017
662,2,95,2,299.99,0.2,599.78,"Electra Girl's Hawaii 1 16"" - 2017"
662,3,102,2,489.99,0.07,979.91,Electra Townie Original 7D - 2017
662,4,22,1,269.99,0.07,269.92,Electra Girl's Hawaii 1 (16-inch) - 2015/2016
662,5,106,2,449.99,0.07,899.91,Sun Bicycles Cruz 3 - 2017
663,1,41,2,1469.99,0.05,2939.93,Haro Shift R3 - 2017
663,2,17,2,429,0.2,857.8,Pure Cycles Vine 8-Speed - 2016
663,3,94,1,249.99,0.05,249.94,Haro Shredder Pro 20 - 2017
663,4,71,1,416.99,0.07,416.92,Sun Bicycles Atlas X-Type - 2017
663,5,106,1,449.99,0.2,449.79,Sun Bicycles Cruz 3 - 2017
664,1,52,2,875.99,0.07,1751.91,Surly Steamroller - 2017
664,2,5,1,1320.99,0.07,1320.92,Heller Shagamaw Frame - 2016
664,3,50,1,5999.99,0.2,5999.79,Trek Silque SLR 7 Women's - 2017
664,4,101,2,339.99,0.2,679.78,Electra Townie 7D (20-inch) - Boys' - 2017
664,5,47,1,5299.99,0.07,5299.92,Trek Remedy 9.8 - 2017
665,1,58,1,4999.99,0.07,4999.92,Trek Madone 9.2 - 2017
665,2,42,2,2299.99,0.2,4599.78,Trek Fuel EX 5 27.5 Plus - 2017
665,3,25,2,499.99,0.05,999.93,Electra Townie Original 7D - 2015/2016
666,1,98,2,489.99,0.2,979.78,Electra Straight 8 3i (20-inch) - Boy's - 2017
666,2,39,1,1499.99,0.05,1499.94,Trek Stache 5 - 2017
667,1,79,1,402.99,0.2,402.79,Sun Bicycles Boardwalk (24-inch Wheels) - 2017
667,2,84,1,109.99,0.1,109.89,Sun Bicycles Lil Kitt'n - 2017
667,3,3,1,999.99,0.2,999.79,Surly Wednesday Frameset - 2016
667,4,99,1,299.99,0.1,299.89,Electra Sugar Skulls 1 (20-inch) - Girl's - 2017
667,5,85,1,329.99,0.05,329.94,Haro Downtown 16 - 2017
668,1,48,2,1499.99,0.05,2999.93,Trek Emonda S 4 - 2017
668,2,19,2,449,0.1,897.9,Pure Cycles William 3-Speed - 2016
669,1,16,2,599.99,0.07,1199.91,Electra Townie Original 7D EQ - 2016
669,2,72,1,619.99,0.07,619.92,Sun Bicycles Biscayne Tandem 7 - 2017
670,1,108,1,449.99,0.1,449.89,Sun Bicycles Cruz 3 - Women's - 2017
670,2,28,1,2499.99,0.07,2499.92,Surly Karate Monkey 27.5+ Frameset - 2017
670,3,104,2,481.99,0.2,963.78,Sun Bicycles Streamway - 2017
670,4,45,2,869.99,0.05,1739.93,Haro SR 1.2 - 2017
671,1,30,1,999.99,0.05,999.94,Surly Ice Cream Truck Frameset - 2017
671,2,69,1,416.99,0.05,416.94,Sun Bicycles Cruz 7 - 2017
671,3,55,1,2699.99,0.2,2699.79,Trek Domane S 6 - 2017
671,4,4,1,2899.99,0.07,2899.92,Trek Fuel EX 8 29 - 2016
671,5,109,2,416.99,0.07,833.91,Sun Bicycles Cruz 7 - Women's - 2017
672,1,51,2,6499.99,0.07,12999.91,Trek Silque SLR 8 Women's - 2017
672,2,96,2,349.99,0.2,699.78,Electra Moto 3i (20-inch) - Boy's - 2017
672,3,48,2,1499.99,0.07,2999.91,Trek Emonda S 4 - 2017
673,1,66,1,250.99,0.2,250.79,Sun Bicycles Revolutions 24 - 2017
673,2,38,1,549.99,0.2,549.79,Haro Flightline Two 26 Plus - 2017
673,3,5,1,1320.99,0.07,1320.92,Heller Shagamaw Frame - 2016
673,4,13,1,269.99,0.1,269.89,Electra Cruiser 1 (24-Inch) - 2016
674,1,26,2,599.99,0.2,1199.78,Electra Townie Original 7D EQ - 2016
675,1,17,1,429,0.05,428.95,Pure Cycles Vine 8-Speed - 2016
675,2,89,2,209.99,0.05,419.93,Trek Precaliber 16 Boys - 2017
675,3,19,1,449,0.07,448.93,Pure Cycles William 3-Speed - 2016
675,4,32,1,469.99,0.2,469.79,Trek Farley Alloy Frameset - 2017
676,1,70,1,659.99,0.2,659.79,Electra Amsterdam Original 3i - 2015/2017
676,2,104,2,481.99,0.07,963.91,Sun Bicycles Streamway - 2017
676,3,24,1,549.99,0.1,549.89,Electra Townie Original 21D - 2016
676,4,29,1,999.99,0.2,999.79,Trek X-Caliber 8 - 2017
677,1,75,1,599.99,0.07,599.92,Electra Cruiser Lux Fat Tire 1 Ladies - 2017
677,2,7,2,3999.99,0.07,7999.91,Trek Slash 8 27.5 - 2016
677,3,105,2,533.99,0.07,1067.91,Sun Bicycles Streamway 7 - 2017
677,4,91,2,349.99,0.05,699.93,Trek Precaliber 24 (21-Speed) - Girls - 2017
677,5,54,2,3199.99,0.1,6399.88,Trek Domane SL Disc Frameset - 2017
678,1,52,2,875.99,0.05,1751.93,Surly Steamroller - 2017
678,2,37,2,379.99,0.07,759.91,Haro Flightline One ST - 2017
679,1,15,2,529.99,0.2,1059.78,Electra Moto 1 - 2016
679,2,83,2,149.99,0.05,299.93,Trek Boy's Kickster - 2015/2017
680,1,81,2,1099.99,0.05,2199.93,Electra Amsterdam Fashion 7i Ladies' - 2017
680,2,7,1,3999.99,0.2,3999.79,Trek Slash 8 27.5 - 2016
680,3,50,1,5999.99,0.07,5999.92,Trek Silque SLR 7 Women's - 2017
681,1,82,1,659.99,0.05,659.94,Electra Amsterdam Original 3i Ladies' - 2017
681,2,63,1,3499.99,0.07,3499.92,Trek Boone Race Shop Limited - 2017
681,3,61,1,4999.99,0.2,4999.79,Trek Powerfly 8 FS Plus - 2017
681,4,6,2,469.99,0.05,939.93,Surly Ice Cream Truck Frameset - 2016
681,5,30,1,999.99,0.07,999.92,Surly Ice Cream Truck Frameset - 2017
682,1,39,1,1499.99,0.2,1499.79,Trek Stache 5 - 2017
682,2,60,2,1559.99,0.2,3119.78,Sun Bicycles ElectroLite - 2017
682,3,99,1,299.99,0.2,299.79,Electra Sugar Skulls 1 (20-inch) - Girl's - 2017
683,1,2,2,749.99,0.1,1499.88,Ritchey Timberwolf Frameset - 2016
684,1,56,1,5499.99,0.07,5499.92,Trek Domane SLR 6 Disc - 2017
684,2,33,1,469.99,0.1,469.89,Surly Wednesday Frameset - 2017
685,1,59,1,2599.99,0.05,2599.94,Trek Domane S 5 Disc - 2017
685,2,48,2,1499.99,0.05,2999.93,Trek Emonda S 4 - 2017
685,3,107,1,416.99,0.05,416.94,Sun Bicycles Cruz 7 - 2017
685,4,98,2,489.99,0.2,979.78,Electra Straight 8 3i (20-inch) - Boy's - 2017
685,5,56,2,5499.99,0.05,10999.93,Trek Domane SLR 6 Disc - 2017
686,1,16,1,599.99,0.2,599.79,Electra Townie Original 7D EQ - 2016
686,2,30,1,999.99,0.1,999.89,Surly Ice Cream Truck Frameset - 2017
686,3,88,2,189.99,0.2,379.78,Trek Precaliber 12 Girls - 2017
686,4,19,2,449,0.2,897.8,Pure Cycles William 3-Speed - 2016
686,5,104,1,481.99,0.2,481.79,Sun Bicycles Streamway - 2017
687,1,48,2,1499.99,0.05,2999.93,Trek Emonda S 4 - 2017
687,2,95,1,299.99,0.07,299.92,"Electra Girl's Hawaii 1 16"" - 2017"
687,3,5,2,1320.99,0.2,2641.78,Heller Shagamaw Frame - 2016
687,4,83,1,149.99,0.07,149.92,Trek Boy's Kickster - 2015/2017
688,1,8,1,1799.99,0.1,1799.89,Trek Remedy 29 Carbon Frameset - 2016
688,2,88,1,189.99,0.05,189.94,Trek Precaliber 12 Girls - 2017
689,1,33,2,469.99,0.1,939.88,Surly Wednesday Frameset - 2017
690,1,84,1,109.99,0.2,109.79,Sun Bicycles Lil Kitt'n - 2017
690,2,11,2,1680.99,0.07,3361.91,Surly Straggler 650b - 2016
690,3,85,1,329.99,0.05,329.94,Haro Downtown 16 - 2017
690,4,109,2,416.99,0.2,833.78,Sun Bicycles Cruz 7 - Women's - 2017
691,1,23,2,299.99,0.05,599.93,Electra Girl's Hawaii 1 (20-inch) - 2015/2016
691,2,5,2,1320.99,0.1,2641.88,Heller Shagamaw Frame - 2016
691,3,55,2,2699.99,0.2,5399.78,Trek Domane S 6 - 2017
691,4,20,1,599.99,0.2,599.79,Electra Townie Original 7D EQ - Women's - 2016
692,1,59,1,2599.99,0.2,2599.79,Trek Domane S 5 Disc - 2017
692,2,75,1,599.99,0.07,599.92,Electra Cruiser Lux Fat Tire 1 Ladies - 2017
692,3,15,2,529.99,0.07,1059.91,Electra Moto 1 - 2016
692,4,56,2,5499.99,0.1,10999.88,Trek Domane SLR 6 Disc - 2017
693,1,104,2,481.99,0.2,963.78,Sun Bicycles Streamway - 2017
693,2,13,1,269.99,0.2,269.79,Electra Cruiser 1 (24-Inch) - 2016
693,3,5,2,1320.99,0.05,2641.93,Heller Shagamaw Frame - 2016
693,4,31,1,1632.99,0.07,1632.92,Surly Wednesday - 2017
694,1,48,1,1499.99,0.2,1499.79,Trek Emonda S 4 - 2017
694,2,39,1,1499.99,0.05,1499.94,Trek Stache 5 - 2017
694,3,55,2,2699.99,0.1,5399.88,Trek Domane S 6 - 2017
694,4,103,2,551.99,0.2,1103.78,Sun Bicycles Streamway 3 - 2017
694,5,45,2,869.99,0.1,1739.88,Haro SR 1.2 - 2017
695,1,82,2,659.99,0.1,1319.88,Electra Amsterdam Original 3i Ladies' - 2017
695,2,57,2,1999.99,0.2,3999.78,Trek Emonda S 5 - 2017
696,1,88,2,189.99,0.07,379.91,Trek Precaliber 12 Girls - 2017
696,2,7,1,3999.99,0.1,3999.89,Trek Slash 8 27.5 - 2016
696,3,45,1,869.99,0.07,869.92,Haro SR 1.2 - 2017
697,1,5,2,1320.99,0.05,2641.93,Heller Shagamaw Frame - 2016
698,1,96,1,349.99,0.07,349.92,Electra Moto 3i (20-inch) - Boy's - 2017
698,2,12,1,549.99,0.07,549.92,Electra Townie Original 21D - 2016
698,3,40,2,4999.99,0.05,9999.93,Trek Fuel EX 9.8 29 - 2017
699,1,106,2,449.99,0.1,899.88,Sun Bicycles Cruz 3 - 2017
699,2,48,1,1499.99,0.07,1499.92,Trek Emonda S 4 - 2017
699,3,31,1,1632.99,0.2,1632.79,Surly Wednesday - 2017
699,4,24,2,549.99,0.1,1099.88,Electra Townie Original 21D - 2016
699,5,82,2,659.99,0.2,1319.78,Electra Amsterdam Original 3i Ladies' - 2017
700,1,7,2,3999.99,0.05,7999.93,Trek Slash 8 27.5 - 2016
700,2,63,1,3499.99,0.2,3499.79,Trek Boone Race Shop Limited - 2017
701,1,84,1,109.99,0.05,109.94,Sun Bicycles Lil Kitt'n - 2017
702,1,25,2,499.99,0.05,999.93,Electra Townie Original 7D - 2015/2016
702,2,104,1,481.99,0.1,481.89,Sun Bicycles Streamway - 2017
702,3,3,2,999.99,0.07,1999.91,Surly Wednesday Frameset - 2016
703,1,45,2,869.99,0.2,1739.78,Haro SR 1.2 - 2017
703,2,66,2,250.99,0.05,501.93,Sun Bicycles Revolutions 24 - 2017
703,3,72,1,619.99,0.2,619.79,Sun Bicycles Biscayne Tandem 7 - 2017
703,4,4,2,2899.99,0.2,5799.78,Trek Fuel EX 8 29 - 2016
704,1,10,2,1549,0.05,3097.95,Surly Straggler - 2016
704,2,62,1,3499.99,0.2,3499.79,Trek Boone 7 - 2017
704,3,100,2,489.99,0.07,979.91,Electra Townie 3i EQ (20-inch) - Boys' - 2017
705,1,61,1,4999.99,0.1,4999.89,Trek Powerfly 8 FS Plus - 2017
706,1,27,1,999.99,0.1,999.89,Surly Big Dummy Frameset - 2017
706,2,23,2,299.99,0.05,599.93,Electra Girl's Hawaii 1 (20-inch) - 2015/2016
706,3,60,1,1559.99,0.2,1559.79,Sun Bicycles ElectroLite - 2017
707,1,106,2,449.99,0.05,899.93,Sun Bicycles Cruz 3 - 2017
707,2,100,1,489.99,0.07,489.92,Electra Townie 3i EQ (20-inch) - Boys' - 2017
707,3,11,2,1680.99,0.1,3361.88,Surly Straggler 650b - 2016
707,4,26,2,599.99,0.1,1199.88,Electra Townie Original 7D EQ - 2016
708,1,6,1,469.99,0.07,469.92,Surly Ice Cream Truck Frameset - 2016
708,2,47,1,5299.99,0.1,5299.89,Trek Remedy 9.8 - 2017
708,3,34,2,469.99,0.2,939.78,Trek Session DH 27.5 Carbon Frameset - 2017
709,1,55,2,2699.99,0.05,5399.93,Trek Domane S 6 - 2017
709,2,101,2,339.99,0.07,679.91,Electra Townie 7D (20-inch) - Boys' - 2017
709,3,48,1,1499.99,0.07,1499.92,Trek Emonda S 4 - 2017
710,1,42,1,2299.99,0.05,2299.94,Trek Fuel EX 5 27.5 Plus - 2017
710,2,60,2,1559.99,0.2,3119.78,Sun Bicycles ElectroLite - 2017
710,3,39,2,1499.99,0.2,2999.78,Trek Stache 5 - 2017
710,4,57,1,1999.99,0.2,1999.79,Trek Emonda S 5 - 2017
710,5,28,1,2499.99,0.05,2499.94,Surly Karate Monkey 27.5+ Frameset - 2017
711,1,5,2,1320.99,0.05,2641.93,Heller Shagamaw Frame - 2016
711,2,95,2,299.99,0.2,599.78,"Electra Girl's Hawaii 1 16"" - 2017"
711,3,72,2,619.99,0.05,1239.93,Sun Bicycles Biscayne Tandem 7 - 2017
712,1,44,2,539.99,0.2,1079.78,Haro SR 1.1 - 2017
712,2,74,2,439.99,0.1,879.88,Electra Cruiser Lux 1 - 2017
712,3,35,1,832.99,0.2,832.79,Sun Bicycles Spider 3i - 2017
712,4,76,1,299.99,0.2,299.79,"Electra Girl's Hawaii 1 16"" - 2017"
712,5,4,2,2899.99,0.05,5799.93,Trek Fuel EX 8 29 - 2016
713,1,93,2,209.99,0.2,419.78,Haro Shredder 20 Girls - 2017
713,2,97,2,349.99,0.1,699.88,Electra Savannah 3i (20-inch) - Girl's - 2017
713,3,53,1,749.99,0.07,749.92,Surly Ogre Frameset - 2017
713,4,108,2,449.99,0.07,899.91,Sun Bicycles Cruz 3 - Women's - 2017
714,1,92,2,209.99,0.2,419.78,Haro Shredder 20 - 2017
715,1,61,2,4999.99,0.1,9999.88,Trek Powerfly 8 FS Plus - 2017
715,2,50,1,5999.99,0.2,5999.79,Trek Silque SLR 7 Women's - 2017
716,1,111,2,470.99,0.1,941.88,Sun Bicycles Drifter 7 - Women's - 2017
716,2,93,2,209.99,0.07,419.91,Haro Shredder 20 Girls - 2017
716,3,79,1,402.99,0.1,402.89,Sun Bicycles Boardwalk (24-inch Wheels) - 2017
716,4,4,2,2899.99,0.05,5799.93,Trek Fuel EX 8 29 - 2016
717,1,56,2,5499.99,0.05,10999.93,Trek Domane SLR 6 Disc - 2017
717,2,93,1,209.99,0.2,209.79,Haro Shredder 20 Girls - 2017
718,1,92,2,209.99,0.07,419.91,Haro Shredder 20 - 2017
718,2,40,2,4999.99,0.07,9999.91,Trek Fuel EX 9.8 29 - 2017
718,3,64,2,489.99,0.1,979.88,Electra Townie Original 7D - 2017
719,1,100,1,489.99,0.2,489.79,Electra Townie 3i EQ (20-inch) - Boys' - 2017
720,1,111,1,470.99,0.07,470.92,Sun Bicycles Drifter 7 - Women's - 2017
720,2,6,1,469.99,0.1,469.89,Surly Ice Cream Truck Frameset - 2016
721,1,45,2,869.99,0.07,1739.91,Haro SR 1.2 - 2017
721,2,102,1,489.99,0.1,489.89,Electra Townie Original 7D - 2017
721,3,73,2,749.99,0.05,1499.93,Sun Bicycles Brickell Tandem 7 - 2017
721,4,33,1,469.99,0.2,469.79,Surly Wednesday Frameset - 2017
722,1,22,2,269.99,0.07,539.91,Electra Girl's Hawaii 1 (16-inch) - 2015/2016
722,2,3,1,999.99,0.05,999.94,Surly Wednesday Frameset - 2016
722,3,104,2,481.99,0.1,963.88,Sun Bicycles Streamway - 2017
723,1,24,2,549.99,0.07,1099.91,Electra Townie Original 21D - 2016
723,2,16,1,599.99,0.05,599.94,Electra Townie Original 7D EQ - 2016
723,3,108,1,449.99,0.07,449.92,Sun Bicycles Cruz 3 - Women's - 2017
724,1,23,1,299.99,0.05,299.94,Electra Girl's Hawaii 1 (20-inch) - 2015/2016
724,2,75,1,599.99,0.2,599.79,Electra Cruiser Lux Fat Tire 1 Ladies - 2017
724,3,102,1,489.99,0.05,489.94,Electra Townie Original 7D - 2017
724,4,55,1,2699.99,0.2,2699.79,Trek Domane S 6 - 2017
725,1,90,1,209.99,0.1,209.89,Trek Precaliber 16 Girls - 2017
725,2,91,1,349.99,0.05,349.94,Trek Precaliber 24 (21-Speed) - Girls - 2017
725,3,77,2,799.99,0.07,1599.91,Electra Glam Punk 3i Ladies' - 2017
725,4,62,2,3499.99,0.1,6999.88,Trek Boone 7 - 2017
726,1,64,1,489.99,0.2,489.79,Electra Townie Original 7D - 2017
727,1,78,1,647.99,0.07,647.92,Sun Bicycles Biscayne Tandem CB - 2017
727,2,82,2,659.99,0.05,1319.93,Electra Amsterdam Original 3i Ladies' - 2017
728,1,70,1,659.99,0.05,659.94,Electra Amsterdam Original 3i - 2015/2017
728,2,56,1,5499.99,0.1,5499.89,Trek Domane SLR 6 Disc - 2017
728,3,91,1,349.99,0.1,349.89,Trek Precaliber 24 (21-Speed) - Girls - 2017
728,4,58,1,4999.99,0.07,4999.92,Trek Madone 9.2 - 2017
729,1,101,2,339.99,0.1,679.88,Electra Townie 7D (20-inch) - Boys' - 2017
730,1,59,2,2599.99,0.05,5199.93,Trek Domane S 5 Disc - 2017
730,2,79,1,402.99,0.1,402.89,Sun Bicycles Boardwalk (24-inch Wheels) - 2017
730,3,96,2,349.99,0.07,699.91,Electra Moto 3i (20-inch) - Boy's - 2017
730,4,13,1,269.99,0.1,269.89,Electra Cruiser 1 (24-Inch) - 2016
731,1,91,1,349.99,0.05,349.94,Trek Precaliber 24 (21-Speed) - Girls - 2017
731,2,49,1,3499.99,0.2,3499.79,Trek Domane SL 6 - 2017
731,3,67,2,250.99,0.2,501.78,Sun Bicycles Revolutions 24 - Girl's - 2017
731,4,29,1,999.99,0.2,999.79,Trek X-Caliber 8 - 2017
732,1,47,1,5299.99,0.07,5299.92,Trek Remedy 9.8 - 2017
732,2,4,2,2899.99,0.07,5799.91,Trek Fuel EX 8 29 - 2016
733,1,84,1,109.99,0.05,109.94,Sun Bicycles Lil Kitt'n - 2017
733,2,55,1,2699.99,0.2,2699.79,Trek Domane S 6 - 2017
733,3,102,2,489.99,0.1,979.88,Electra Townie Original 7D - 2017
734,1,26,1,599.99,0.2,599.79,Electra Townie Original 7D EQ - 2016
734,2,3,1,999.99,0.05,999.94,Surly Wednesday Frameset - 2016
734,3,84,2,109.99,0.2,219.78,Sun Bicycles Lil Kitt'n - 2017
734,4,65,2,346.99,0.1,693.88,Sun Bicycles Lil Bolt Type-R - 2017
735,1,71,2,416.99,0.1,833.88,Sun Bicycles Atlas X-Type - 2017
735,2,10,2,1549,0.07,3097.93,Surly Straggler - 2016
736,1,56,2,5499.99,0.05,10999.93,Trek Domane SLR 6 Disc - 2017
736,2,17,1,429,0.1,428.9,Pure Cycles Vine 8-Speed - 2016
736,3,62,2,3499.99,0.2,6999.78,Trek Boone 7 - 2017
737,1,52,1,875.99,0.05,875.94,Surly Steamroller - 2017
737,2,19,2,449,0.07,897.93,Pure Cycles William 3-Speed - 2016
737,3,77,2,799.99,0.07,1599.91,Electra Glam Punk 3i Ladies' - 2017
737,4,34,1,469.99,0.2,469.79,Trek Session DH 27.5 Carbon Frameset - 2017
738,1,82,2,659.99,0.07,1319.91,Electra Amsterdam Original 3i Ladies' - 2017
738,2,38,2,549.99,0.2,1099.78,Haro Flightline Two 26 Plus - 2017
738,3,25,1,499.99,0.1,499.89,Electra Townie Original 7D - 2015/2016
738,4,63,1,3499.99,0.07,3499.92,Trek Boone Race Shop Limited - 2017
739,1,3,1,999.99,0.2,999.79,Surly Wednesday Frameset - 2016
740,1,81,1,1099.99,0.05,1099.94,Electra Amsterdam Fashion 7i Ladies' - 2017
740,2,94,2,249.99,0.2,499.78,Haro Shredder Pro 20 - 2017
740,3,11,1,1680.99,0.2,1680.79,Surly Straggler 650b - 2016
740,4,19,1,449,0.2,448.8,Pure Cycles William 3-Speed - 2016
740,5,12,2,549.99,0.07,1099.91,Electra Townie Original 21D - 2016
741,1,58,1,4999.99,0.05,4999.94,Trek Madone 9.2 - 2017
741,2,76,1,299.99,0.07,299.92,"Electra Girl's Hawaii 1 16"" - 2017"
741,3,21,2,269.99,0.07,539.91,Electra Cruiser 1 (24-Inch) - 2016
741,4,56,2,5499.99,0.05,10999.93,Trek Domane SLR 6 Disc - 2017
742,1,107,2,416.99,0.05,833.93,Sun Bicycles Cruz 7 - 2017
742,2,45,1,869.99,0.07,869.92,Haro SR 1.2 - 2017
743,1,80,1,761.99,0.05,761.94,Sun Bicycles Brickell Tandem CB - 2017
744,1,33,2,469.99,0.2,939.78,Surly Wednesday Frameset - 2017
745,1,95,2,299.99,0.05,599.93,"Electra Girl's Hawaii 1 16"" - 2017"
745,2,22,2,269.99,0.2,539.78,Electra Girl's Hawaii 1 (16-inch) - 2015/2016
745,3,78,1,647.99,0.1,647.89,Sun Bicycles Biscayne Tandem CB - 2017
746,1,99,1,299.99,0.1,299.89,Electra Sugar Skulls 1 (20-inch) - Girl's - 2017
747,1,110,1,470.99,0.07,470.92,Sun Bicycles Drifter 7 - 2017
747,2,86,1,149.99,0.2,149.79,Trek Girl's Kickster - 2017
747,3,33,2,469.99,0.1,939.88,Surly Wednesday Frameset - 2017
747,4,81,1,1099.99,0.07,1099.92,Electra Amsterdam Fashion 7i Ladies' - 2017
748,1,16,2,599.99,0.1,1199.88,Electra Townie Original 7D EQ - 2016
748,2,83,2,149.99,0.05,299.93,Trek Boy's Kickster - 2015/2017
748,3,41,1,1469.99,0.07,1469.92,Haro Shift R3 - 2017
748,4,35,2,832.99,0.2,1665.78,Sun Bicycles Spider 3i - 2017
749,1,9,1,2999.99,0.2,2999.79,Trek Conduit+ - 2016
749,2,28,1,2499.99,0.05,2499.94,Surly Karate Monkey 27.5+ Frameset - 2017
749,3,79,1,402.99,0.2,402.79,Sun Bicycles Boardwalk (24-inch Wheels) - 2017
749,4,24,1,549.99,0.05,549.94,Electra Townie Original 21D - 2016
749,5,40,1,4999.99,0.07,4999.92,Trek Fuel EX 9.8 29 - 2017
750,1,72,1,619.99,0.05,619.94,Sun Bicycles Biscayne Tandem 7 - 2017
750,2,78,2,647.99,0.1,1295.88,Sun Bicycles Biscayne Tandem CB - 2017
751,1,45,2,869.99,0.05,1739.93,Haro SR 1.2 - 2017
752,1,12,2,549.99,0.05,1099.93,Electra Townie Original 21D - 2016
752,2,31,2,1632.99,0.05,3265.93,Surly Wednesday - 2017
753,1,105,2,533.99,0.07,1067.91,Sun Bicycles Streamway 7 - 2017
753,2,7,2,3999.99,0.2,7999.78,Trek Slash 8 27.5 - 2016
753,3,36,2,832.99,0.1,1665.88,Surly Troll Frameset - 2017
753,4,95,1,299.99,0.07,299.92,"Electra Girl's Hawaii 1 16"" - 2017"
753,5,66,1,250.99,0.2,250.79,Sun Bicycles Revolutions 24 - 2017
754,1,74,2,439.99,0.07,879.91,Electra Cruiser Lux 1 - 2017
754,2,12,2,549.99,0.07,1099.91,Electra Townie Original 21D - 2016
754,3,3,1,999.99,0.05,999.94,Surly Wednesday Frameset - 2016
754,4,67,2,250.99,0.05,501.93,Sun Bicycles Revolutions 24 - Girl's - 2017
754,5,7,1,3999.99,0.2,3999.79,Trek Slash 8 27.5 - 2016
755,1,80,2,761.99,0.07,1523.91,Sun Bicycles Brickell Tandem CB - 2017
755,2,43,2,5299.99,0.05,10599.93,Trek Fuel EX 9.8 27.5 Plus - 2017
755,3,57,2,1999.99,0.1,3999.88,Trek Emonda S 5 - 2017
756,1,64,1,489.99,0.1,489.89,Electra Townie Original 7D - 2017
756,2,17,2,429,0.05,857.95,Pure Cycles Vine 8-Speed - 2016
757,1,95,1,299.99,0.1,299.89,"Electra Girl's Hawaii 1 16"" - 2017"
758,1,22,2,269.99,0.07,539.91,Electra Girl's Hawaii 1 (16-inch) - 2015/2016
758,2,99,1,299.99,0.1,299.89,Electra Sugar Skulls 1 (20-inch) - Girl's - 2017
758,3,27,1,999.99,0.07,999.92,Surly Big Dummy Frameset - 2017
758,4,65,2,346.99,0.07,693.91,Sun Bicycles Lil Bolt Type-R - 2017
758,5,109,1,416.99,0.2,416.79,Sun Bicycles Cruz 7 - Women's - 2017
759,1,93,2,209.99,0.05,419.93,Haro Shredder 20 Girls - 2017
759,2,78,1,647.99,0.07,647.92,Sun Bicycles Biscayne Tandem CB - 2017
760,1,21,2,269.99,0.07,539.91,Electra Cruiser 1 (24-Inch) - 2016
760,2,29,2,999.99,0.07,1999.91,Trek X-Caliber 8 - 2017
761,1,43,1,5299.99,0.07,5299.92,Trek Fuel EX 9.8 27.5 Plus - 2017
761,2,52,2,875.99,0.2,1751.78,Surly Steamroller - 2017
762,1,102,2,489.99,0.05,979.93,Electra Townie Original 7D - 2017
763,1,90,1,209.99,0.07,209.92,Trek Precaliber 16 Girls - 2017
763,2,103,1,551.99,0.1,551.89,Sun Bicycles Streamway 3 - 2017
764,1,55,1,2699.99,0.07,2699.92,Trek Domane S 6 - 2017
764,2,95,2,299.99,0.05,599.93,"Electra Girl's Hawaii 1 16"" - 2017"
764,3,81,2,1099.99,0.07,2199.91,Electra Amsterdam Fashion 7i Ladies' - 2017
765,1,28,2,2499.99,0.2,4999.78,Surly Karate Monkey 27.5+ Frameset - 2017
765,2,12,1,549.99,0.07,549.92,Electra Townie Original 21D - 2016
765,3,25,1,499.99,0.2,499.79,Electra Townie Original 7D - 2015/2016
765,4,53,1,749.99,0.2,749.79,Surly Ogre Frameset - 2017
765,5,65,1,346.99,0.05,346.94,Sun Bicycles Lil Bolt Type-R - 2017
766,1,111,1,470.99,0.2,470.79,Sun Bicycles Drifter 7 - Women's - 2017
767,1,63,1,3499.99,0.1,3499.89,Trek Boone Race Shop Limited - 2017
767,2,29,1,999.99,0.07,999.92,Trek X-Caliber 8 - 2017
767,3,41,2,1469.99,0.05,2939.93,Haro Shift R3 - 2017
767,4,77,2,799.99,0.05,1599.93,Electra Glam Punk 3i Ladies' - 2017
768,1,31,1,1632.99,0.2,1632.79,Surly Wednesday - 2017
768,2,76,1,299.99,0.2,299.79,"Electra Girl's Hawaii 1 16"" - 2017"
769,1,8,1,1799.99,0.1,1799.89,Trek Remedy 29 Carbon Frameset - 2016
769,2,6,2,469.99,0.05,939.93,Surly Ice Cream Truck Frameset - 2016
769,3,36,2,832.99,0.07,1665.91,Surly Troll Frameset - 2017
770,1,110,1,470.99,0.05,470.94,Sun Bicycles Drifter 7 - 2017
770,2,42,1,2299.99,0.2,2299.79,Trek Fuel EX 5 27.5 Plus - 2017
770,3,103,1,551.99,0.2,551.79,Sun Bicycles Streamway 3 - 2017
770,4,11,2,1680.99,0.05,3361.93,Surly Straggler 650b - 2016
771,1,13,2,269.99,0.2,539.78,Electra Cruiser 1 (24-Inch) - 2016
771,2,88,1,189.99,0.2,189.79,Trek Precaliber 12 Girls - 2017
772,1,103,1,551.99,0.07,551.92,Sun Bicycles Streamway 3 - 2017
773,1,92,1,209.99,0.1,209.89,Haro Shredder 20 - 2017
773,2,14,1,269.99,0.05,269.94,Electra Girl's Hawaii 1 (16-inch) - 2015/2016
773,3,17,2,429,0.2,857.8,Pure Cycles Vine 8-Speed - 2016
773,4,33,2,469.99,0.07,939.91,Surly Wednesday Frameset - 2017
774,1,65,1,346.99,0.05,346.94,Sun Bicycles Lil Bolt Type-R - 2017
774,2,36,2,832.99,0.05,1665.93,Surly Troll Frameset - 2017
774,3,20,1,599.99,0.2,599.79,Electra Townie Original 7D EQ - Women's - 2016
774,4,73,1,749.99,0.05,749.94,Sun Bicycles Brickell Tandem 7 - 2017
774,5,58,2,4999.99,0.1,9999.88,Trek Madone 9.2 - 2017
775,1,39,1,1499.99,0.07,1499.92,Trek Stache 5 - 2017
776,1,28,1,2499.99,0.2,2499.79,Surly Karate Monkey 27.5+ Frameset - 2017
776,2,42,2,2299.99,0.2,4599.78,Trek Fuel EX 5 27.5 Plus - 2017
776,3,71,1,416.99,0.1,416.89,Sun Bicycles Atlas X-Type - 2017
776,4,35,1,832.99,0.1,832.89,Sun Bicycles Spider 3i - 2017
777,1,5,1,1320.99,0.2,1320.79,Heller Shagamaw Frame - 2016
777,2,7,2,3999.99,0.2,7999.78,Trek Slash 8 27.5 - 2016
777,3,2,1,749.99,0.2,749.79,Ritchey Timberwolf Frameset - 2016
778,1,64,1,489.99,0.1,489.89,Electra Townie Original 7D - 2017
778,2,85,1,329.99,0.05,329.94,Haro Downtown 16 - 2017
779,1,101,1,339.99,0.05,339.94,Electra Townie 7D (20-inch) - Boys' - 2017
779,2,90,2,209.99,0.2,419.78,Trek Precaliber 16 Girls - 2017
779,3,47,1,5299.99,0.2,5299.79,Trek Remedy 9.8 - 2017
779,4,8,1,1799.99,0.2,1799.79,Trek Remedy 29 Carbon Frameset - 2016
779,5,85,1,329.99,0.2,329.79,Haro Downtown 16 - 2017
780,1,32,1,469.99,0.1,469.89,Trek Farley Alloy Frameset - 2017
781,1,109,2,416.99,0.05,833.93,Sun Bicycles Cruz 7 - Women's - 2017
781,2,7,2,3999.99,0.2,7999.78,Trek Slash 8 27.5 - 2016
781,3,57,2,1999.99,0.1,3999.88,Trek Emonda S 5 - 2017
782,1,20,2,599.99,0.07,1199.91,Electra Townie Original 7D EQ - Women's - 2016
782,2,57,1,1999.99,0.07,1999.92,Trek Emonda S 5 - 2017
782,3,99,1,299.99,0.07,299.92,Electra Sugar Skulls 1 (20-inch) - Girl's - 2017
782,4,16,2,599.99,0.2,1199.78,Electra Townie Original 7D EQ - 2016
783,1,92,1,209.99,0.2,209.79,Haro Shredder 20 - 2017
783,2,22,2,269.99,0.05,539.93,Electra Girl's Hawaii 1 (16-inch) - 2015/2016
783,3,94,1,249.99,0.05,249.94,Haro Shredder Pro 20 - 2017
783,4,29,1,999.99,0.1,999.89,Trek X-Caliber 8 - 2017
784,1,22,1,269.99,0.07,269.92,Electra Girl's Hawaii 1 (16-inch) - 2015/2016
784,2,72,2,619.99,0.1,1239.88,Sun Bicycles Biscayne Tandem 7 - 2017
784,3,16,1,599.99,0.2,599.79,Electra Townie Original 7D EQ - 2016
785,1,59,2,2599.99,0.2,5199.78,Trek Domane S 5 Disc - 2017
785,2,40,1,4999.99,0.07,4999.92,Trek Fuel EX 9.8 29 - 2017
785,3,25,1,499.99,0.07,499.92,Electra Townie Original 7D - 2015/2016
786,1,80,1,761.99,0.05,761.94,Sun Bicycles Brickell Tandem CB - 2017
787,1,51,2,6499.99,0.07,12999.91,Trek Silque SLR 8 Women's - 2017
787,2,66,2,250.99,0.1,501.88,Sun Bicycles Revolutions 24 - 2017
788,1,48,1,1499.99,0.2,1499.79,Trek Emonda S 4 - 2017
788,2,19,1,449,0.1,448.9,Pure Cycles William 3-Speed - 2016
788,3,13,1,269.99,0.05,269.94,Electra Cruiser 1 (24-Inch) - 2016
789,1,100,2,489.99,0.2,979.78,Electra Townie 3i EQ (20-inch) - Boys' - 2017
789,2,93,2,209.99,0.07,419.91,Haro Shredder 20 Girls - 2017
790,1,62,2,3499.99,0.07,6999.91,Trek Boone 7 - 2017
790,2,91,1,349.99,0.1,349.89,Trek Precaliber 24 (21-Speed) - Girls - 2017
791,1,54,1,3199.99,0.2,3199.79,Trek Domane SL Disc Frameset - 2017
791,2,25,2,499.99,0.07,999.91,Electra Townie Original 7D - 2015/2016
792,1,16,2,599.99,0.2,1199.78,Electra Townie Original 7D EQ - 2016
792,2,39,1,1499.99,0.2,1499.79,Trek Stache 5 - 2017
792,3,56,1,5499.99,0.2,5499.79,Trek Domane SLR 6 Disc - 2017
792,4,30,1,999.99,0.05,999.94,Surly Ice Cream Truck Frameset - 2017
792,5,2,1,749.99,0.2,749.79,Ritchey Timberwolf Frameset - 2016
793,1,60,1,1559.99,0.05,1559.94,Sun Bicycles ElectroLite - 2017
793,2,95,2,299.99,0.05,599.93,"Electra Girl's Hawaii 1 16"" - 2017"
793,3,75,2,599.99,0.05,1199.93,Electra Cruiser Lux Fat Tire 1 Ladies - 2017
794,1,41,2,1469.99,0.05,2939.93,Haro Shift R3 - 2017
794,2,68,1,449.99,0.2,449.79,Sun Bicycles Cruz 3 - 2017
794,3,17,1,429,0.07,428.93,Pure Cycles Vine 8-Speed - 2016
794,4,28,1,2499.99,0.1,2499.89,Surly Karate Monkey 27.5+ Frameset - 2017
795,1,95,2,299.99,0.05,599.93,"Electra Girl's Hawaii 1 16"" - 2017"
795,2,99,2,299.99,0.05,599.93,Electra Sugar Skulls 1 (20-inch) - Girl's - 2017
796,1,6,2,469.99,0.2,939.78,Surly Ice Cream Truck Frameset - 2016
797,1,11,1,1680.99,0.07,1680.92,Surly Straggler 650b - 2016
797,2,69,1,416.99,0.05,416.94,Sun Bicycles Cruz 7 - 2017
797,3,74,1,439.99,0.1,439.89,Electra Cruiser Lux 1 - 2017
797,4,54,2,3199.99,0.05,6399.93,Trek Domane SL Disc Frameset - 2017
797,5,62,2,3499.99,0.1,6999.88,Trek Boone 7 - 2017
798,1,23,1,299.99,0.1,299.89,Electra Girl's Hawaii 1 (20-inch) - 2015/2016
798,2,90,1,209.99,0.05,209.94,Trek Precaliber 16 Girls - 2017
798,3,91,2,349.99,0.07,699.91,Trek Precaliber 24 (21-Speed) - Girls - 2017
798,4,42,1,2299.99,0.2,2299.79,Trek Fuel EX 5 27.5 Plus - 2017
798,5,26,2,599.99,0.05,1199.93,Electra Townie Original 7D EQ - 2016
799,1,5,2,1320.99,0.1,2641.88,Heller Shagamaw Frame - 2016
799,2,34,2,469.99,0.05,939.93,Trek Session DH 27.5 Carbon Frameset - 2017
799,3,29,2,999.99,0.07,1999.91,Trek X-Caliber 8 - 2017
799,4,63,1,3499.99,0.1,3499.89,Trek Boone Race Shop Limited - 2017
799,5,58,2,4999.99,0.07,9999.91,Trek Madone 9.2 - 2017
800,1,65,2,346.99,0.1,693.88,Sun Bicycles Lil Bolt Type-R - 2017
800,2,54,1,3199.99,0.07,3199.92,Trek Domane SL Disc Frameset - 2017
800,3,6,2,469.99,0.05,939.93,Surly Ice Cream Truck Frameset - 2016
800,4,52,1,875.99,0.1,875.89,Surly Steamroller - 2017
800,5,95,2,299.99,0.05,599.93,"Electra Girl's Hawaii 1 16"" - 2017"
801,1,101,1,339.99,0.07,339.92,Electra Townie 7D (20-inch) - Boys' - 2017
802,1,30,1,999.99,0.05,999.94,Surly Ice Cream Truck Frameset - 2017
802,2,36,2,832.99,0.2,1665.78,Surly Troll Frameset - 2017
802,3,40,1,4999.99,0.1,4999.89,Trek Fuel EX 9.8 29 - 2017
802,4,28,1,2499.99,0.05,2499.94,Surly Karate Monkey 27.5+ Frameset - 2017
803,1,111,1,470.99,0.07,470.92,Sun Bicycles Drifter 7 - Women's - 2017
803,2,52,2,875.99,0.05,1751.93,Surly Steamroller - 2017
803,3,102,1,489.99,0.07,489.92,Electra Townie Original 7D - 2017
803,4,83,2,149.99,0.05,299.93,Trek Boy's Kickster - 2015/2017
804,1,89,2,209.99,0.2,419.78,Trek Precaliber 16 Boys - 2017
804,2,53,1,749.99,0.07,749.92,Surly Ogre Frameset - 2017
804,3,50,2,5999.99,0.05,11999.93,Trek Silque SLR 7 Women's - 2017
805,1,24,1,549.99,0.05,549.94,Electra Townie Original 21D - 2016
805,2,33,2,469.99,0.2,939.78,Surly Wednesday Frameset - 2017
805,3,62,2,3499.99,0.2,6999.78,Trek Boone 7 - 2017
805,4,32,1,469.99,0.07,469.92,Trek Farley Alloy Frameset - 2017
805,5,6,2,469.99,0.05,939.93,Surly Ice Cream Truck Frameset - 2016
806,1,93,2,209.99,0.1,419.88,Haro Shredder 20 Girls - 2017
806,2,97,1,349.99,0.2,349.79,Electra Savannah 3i (20-inch) - Girl's - 2017
806,3,77,2,799.99,0.1,1599.88,Electra Glam Punk 3i Ladies' - 2017
806,4,82,2,659.99,0.2,1319.78,Electra Amsterdam Original 3i Ladies' - 2017
806,5,91,2,349.99,0.07,699.91,Trek Precaliber 24 (21-Speed) - Girls - 2017
807,1,21,2,269.99,0.2,539.78,Electra Cruiser 1 (24-Inch) - 2016
807,2,6,1,469.99,0.07,469.92,Surly Ice Cream Truck Frameset - 2016
807,3,3,2,999.99,0.07,1999.91,Surly Wednesday Frameset - 2016
807,4,9,2,2999.99,0.2,5999.78,Trek Conduit+ - 2016
807,5,16,1,599.99,0.2,599.79,Electra Townie Original 7D EQ - 2016
808,1,96,2,349.99,0.05,699.93,Electra Moto 3i (20-inch) - Boy's - 2017
808,2,18,1,449,0.05,448.95,Pure Cycles Western 3-Speed - Women's - 2015/2016
808,3,85,1,329.99,0.05,329.94,Haro Downtown 16 - 2017
808,4,19,2,449,0.05,897.95,Pure Cycles William 3-Speed - 2016
809,1,78,1,647.99,0.1,647.89,Sun Bicycles Biscayne Tandem CB - 2017
809,2,26,1,599.99,0.2,599.79,Electra Townie Original 7D EQ - 2016
809,3,92,2,209.99,0.1,419.88,Haro Shredder 20 - 2017
810,1,103,2,551.99,0.05,1103.93,Sun Bicycles Streamway 3 - 2017
810,2,100,1,489.99,0.2,489.79,Electra Townie 3i EQ (20-inch) - Boys' - 2017
810,3,56,1,5499.99,0.05,5499.94,Trek Domane SLR 6 Disc - 2017
810,4,22,1,269.99,0.2,269.79,Electra Girl's Hawaii 1 (16-inch) - 2015/2016
811,1,45,2,869.99,0.07,1739.91,Haro SR 1.2 - 2017
811,2,54,1,3199.99,0.2,3199.79,Trek Domane SL Disc Frameset - 2017
811,3,70,1,659.99,0.07,659.92,Electra Amsterdam Original 3i - 2015/2017
811,4,66,1,250.99,0.1,250.89,Sun Bicycles Revolutions 24 - 2017
812,1,76,2,299.99,0.1,599.88,"Electra Girl's Hawaii 1 16"" - 2017"
812,2,40,1,4999.99,0.2,4999.79,Trek Fuel EX 9.8 29 - 2017
813,1,96,2,349.99,0.1,699.88,Electra Moto 3i (20-inch) - Boy's - 2017
813,2,85,2,329.99,0.2,659.78,Haro Downtown 16 - 2017
813,3,33,2,469.99,0.2,939.78,Surly Wednesday Frameset - 2017
813,4,26,2,599.99,0.07,1199.91,Electra Townie Original 7D EQ - 2016
813,5,71,2,416.99,0.05,833.93,Sun Bicycles Atlas X-Type - 2017
814,1,69,2,416.99,0.1,833.88,Sun Bicycles Cruz 7 - 2017
814,2,100,1,489.99,0.1,489.89,Electra Townie 3i EQ (20-inch) - Boys' - 2017
814,3,65,1,346.99,0.2,346.79,Sun Bicycles Lil Bolt Type-R - 2017
814,4,83,2,149.99,0.05,299.93,Trek Boy's Kickster - 2015/2017
815,1,105,2,533.99,0.2,1067.78,Sun Bicycles Streamway 7 - 2017
815,2,102,2,489.99,0.2,979.78,Electra Townie Original 7D - 2017
815,3,87,2,189.99,0.1,379.88,Trek Precaliber 12 Boys - 2017
815,4,23,1,299.99,0.07,299.92,Electra Girl's Hawaii 1 (20-inch) - 2015/2016
816,1,75,2,599.99,0.1,1199.88,Electra Cruiser Lux Fat Tire 1 Ladies - 2017
816,2,64,2,489.99,0.2,979.78,Electra Townie Original 7D - 2017
817,1,85,1,329.99,0.05,329.94,Haro Downtown 16 - 2017
817,2,105,2,533.99,0.07,1067.91,Sun Bicycles Streamway 7 - 2017
817,3,48,2,1499.99,0.05,2999.93,Trek Emonda S 4 - 2017
818,1,103,1,551.99,0.05,551.94,Sun Bicycles Streamway 3 - 2017
818,2,44,2,539.99,0.07,1079.91,Haro SR 1.1 - 2017
818,3,19,2,449,0.05,897.95,Pure Cycles William 3-Speed - 2016
818,4,48,2,1499.99,0.05,2999.93,Trek Emonda S 4 - 2017
819,1,94,1,249.99,0.2,249.79,Haro Shredder Pro 20 - 2017
820,1,107,1,416.99,0.05,416.94,Sun Bicycles Cruz 7 - 2017
821,1,102,1,489.99,0.07,489.92,Electra Townie Original 7D - 2017
821,2,70,2,659.99,0.2,1319.78,Electra Amsterdam Original 3i - 2015/2017
821,3,6,1,469.99,0.2,469.79,Surly Ice Cream Truck Frameset - 2016
821,4,107,1,416.99,0.05,416.94,Sun Bicycles Cruz 7 - 2017
822,1,53,1,749.99,0.05,749.94,Surly Ogre Frameset - 2017
822,2,72,1,619.99,0.2,619.79,Sun Bicycles Biscayne Tandem 7 - 2017
823,1,56,2,5499.99,0.07,10999.91,Trek Domane SLR 6 Disc - 2017
823,2,86,2,149.99,0.2,299.78,Trek Girl's Kickster - 2017
823,3,81,1,1099.99,0.2,1099.79,Electra Amsterdam Fashion 7i Ladies' - 2017
824,1,92,2,209.99,0.1,419.88,Haro Shredder 20 - 2017
825,1,19,1,449,0.1,448.9,Pure Cycles William 3-Speed - 2016
825,2,30,2,999.99,0.2,1999.78,Surly Ice Cream Truck Frameset - 2017
826,1,45,2,869.99,0.2,1739.78,Haro SR 1.2 - 2017
826,2,36,1,832.99,0.1,832.89,Surly Troll Frameset - 2017
827,1,43,1,5299.99,0.05,5299.94,Trek Fuel EX 9.8 27.5 Plus - 2017
827,2,41,1,1469.99,0.2,1469.79,Haro Shift R3 - 2017
827,3,28,1,2499.99,0.2,2499.79,Surly Karate Monkey 27.5+ Frameset - 2017
827,4,108,1,449.99,0.2,449.79,Sun Bicycles Cruz 3 - Women's - 2017
828,1,25,2,499.99,0.2,999.78,Electra Townie Original 7D - 2015/2016
828,2,24,1,549.99,0.2,549.79,Electra Townie Original 21D - 2016
828,3,55,2,2699.99,0.07,5399.91,Trek Domane S 6 - 2017
829,1,103,1,551.99,0.2,551.79,Sun Bicycles Streamway 3 - 2017
829,2,105,2,533.99,0.1,1067.88,Sun Bicycles Streamway 7 - 2017
830,1,85,2,329.99,0.2,659.78,Haro Downtown 16 - 2017
830,2,100,2,489.99,0.07,979.91,Electra Townie 3i EQ (20-inch) - Boys' - 2017
830,3,96,2,349.99,0.2,699.78,Electra Moto 3i (20-inch) - Boy's - 2017
831,1,67,1,250.99,0.2,250.79,Sun Bicycles Revolutions 24 - Girl's - 2017
831,2,11,1,1680.99,0.2,1680.79,Surly Straggler 650b - 2016
831,3,68,1,449.99,0.1,449.89,Sun Bicycles Cruz 3 - 2017
832,1,54,1,3199.99,0.05,3199.94,Trek Domane SL Disc Frameset - 2017
832,2,45,1,869.99,0.2,869.79,Haro SR 1.2 - 2017
832,3,27,1,999.99,0.07,999.92,Surly Big Dummy Frameset - 2017
832,4,16,2,599.99,0.1,1199.88,Electra Townie Original 7D EQ - 2016
833,1,20,2,599.99,0.05,1199.93,Electra Townie Original 7D EQ - Women's - 2016
834,1,54,1,3199.99,0.07,3199.92,Trek Domane SL Disc Frameset - 2017
834,2,21,1,269.99,0.05,269.94,Electra Cruiser 1 (24-Inch) - 2016
834,3,78,1,647.99,0.2,647.79,Sun Bicycles Biscayne Tandem CB - 2017
835,1,65,2,346.99,0.07,693.91,Sun Bicycles Lil Bolt Type-R - 2017
835,2,82,1,659.99,0.2,659.79,Electra Amsterdam Original 3i Ladies' - 2017
835,3,2,1,749.99,0.05,749.94,Ritchey Timberwolf Frameset - 2016
836,1,108,2,449.99,0.2,899.78,Sun Bicycles Cruz 3 - Women's - 2017
837,1,51,1,6499.99,0.05,6499.94,Trek Silque SLR 8 Women's - 2017
837,2,97,1,349.99,0.1,349.89,Electra Savannah 3i (20-inch) - Girl's - 2017
837,3,87,2,189.99,0.2,379.78,Trek Precaliber 12 Boys - 2017
838,1,28,1,2499.99,0.1,2499.89,Surly Karate Monkey 27.5+ Frameset - 2017
838,2,10,1,1549,0.1,1548.9,Surly Straggler - 2016
838,3,100,2,489.99,0.05,979.93,Electra Townie 3i EQ (20-inch) - Boys' - 2017
838,4,65,2,346.99,0.07,693.91,Sun Bicycles Lil Bolt Type-R - 2017
839,1,55,1,2699.99,0.07,2699.92,Trek Domane S 6 - 2017
839,2,85,1,329.99,0.1,329.89,Haro Downtown 16 - 2017
839,3,58,2,4999.99,0.05,9999.93,Trek Madone 9.2 - 2017
840,1,27,1,999.99,0.07,999.92,Surly Big Dummy Frameset - 2017
840,2,43,1,5299.99,0.07,5299.92,Trek Fuel EX 9.8 27.5 Plus - 2017
840,3,106,2,449.99,0.2,899.78,Sun Bicycles Cruz 3 - 2017
841,1,22,2,269.99,0.1,539.88,Electra Girl's Hawaii 1 (16-inch) - 2015/2016
841,2,9,1,2999.99,0.2,2999.79,Trek Conduit+ - 2016
841,3,11,1,1680.99,0.2,1680.79,Surly Straggler 650b - 2016
841,4,90,2,209.99,0.07,419.91,Trek Precaliber 16 Girls - 2017
841,5,100,1,489.99,0.1,489.89,Electra Townie 3i EQ (20-inch) - Boys' - 2017
842,1,81,2,1099.99,0.07,2199.91,Electra Amsterdam Fashion 7i Ladies' - 2017
842,2,42,1,2299.99,0.1,2299.89,Trek Fuel EX 5 27.5 Plus - 2017
843,1,72,1,619.99,0.1,619.89,Sun Bicycles Biscayne Tandem 7 - 2017
843,2,75,2,599.99,0.1,1199.88,Electra Cruiser Lux Fat Tire 1 Ladies - 2017
843,3,81,1,1099.99,0.1,1099.89,Electra Amsterdam Fashion 7i Ladies' - 2017
843,4,23,2,299.99,0.07,599.91,Electra Girl's Hawaii 1 (20-inch) - 2015/2016
844,1,79,2,402.99,0.07,805.91,Sun Bicycles Boardwalk (24-inch Wheels) - 2017
844,2,12,1,549.99,0.1,549.89,Electra Townie Original 21D - 2016
844,3,83,2,149.99,0.2,299.78,Trek Boy's Kickster - 2015/2017
844,4,48,1,1499.99,0.2,1499.79,Trek Emonda S 4 - 2017
844,5,63,2,3499.99,0.05,6999.93,Trek Boone Race Shop Limited - 2017
845,1,16,2,599.99,0.2,1199.78,Electra Townie Original 7D EQ - 2016
845,2,75,1,599.99,0.2,599.79,Electra Cruiser Lux Fat Tire 1 Ladies - 2017
845,3,26,2,599.99,0.05,1199.93,Electra Townie Original 7D EQ - 2016
845,4,73,2,749.99,0.2,1499.78,Sun Bicycles Brickell Tandem 7 - 2017
845,5,88,1,189.99,0.05,189.94,Trek Precaliber 12 Girls - 2017
846,1,46,2,1409.99,0.05,2819.93,Haro SR 1.3 - 2017
846,2,47,1,5299.99,0.07,5299.92,Trek Remedy 9.8 - 2017
846,3,71,1,416.99,0.1,416.89,Sun Bicycles Atlas X-Type - 2017
846,4,72,2,619.99,0.05,1239.93,Sun Bicycles Biscayne Tandem 7 - 2017
846,5,103,2,551.99,0.07,1103.91,Sun Bicycles Streamway 3 - 2017
847,1,61,2,4999.99,0.05,9999.93,Trek Powerfly 8 FS Plus - 2017
848,1,93,1,209.99,0.07,209.92,Haro Shredder 20 Girls - 2017
848,2,100,2,489.99,0.2,979.78,Electra Townie 3i EQ (20-inch) - Boys' - 2017
848,3,88,2,189.99,0.2,379.78,Trek Precaliber 12 Girls - 2017
848,4,41,2,1469.99,0.07,2939.91,Haro Shift R3 - 2017
849,1,109,1,416.99,0.2,416.79,Sun Bicycles Cruz 7 - Women's - 2017
850,1,101,2,339.99,0.07,679.91,Electra Townie 7D (20-inch) - Boys' - 2017
850,2,5,2,1320.99,0.07,2641.91,Heller Shagamaw Frame - 2016
850,3,37,1,379.99,0.07,379.92,Haro Flightline One ST - 2017
851,1,30,1,999.99,0.2,999.79,Surly Ice Cream Truck Frameset - 2017
851,2,93,1,209.99,0.05,209.94,Haro Shredder 20 Girls - 2017
852,1,46,2,1409.99,0.07,2819.91,Haro SR 1.3 - 2017
853,1,99,1,299.99,0.05,299.94,Electra Sugar Skulls 1 (20-inch) - Girl's - 2017
853,2,58,2,4999.99,0.2,9999.78,Trek Madone 9.2 - 2017
853,3,42,2,2299.99,0.2,4599.78,Trek Fuel EX 5 27.5 Plus - 2017
853,4,45,1,869.99,0.2,869.79,Haro SR 1.2 - 2017
853,5,6,1,469.99,0.05,469.94,Surly Ice Cream Truck Frameset - 2016
854,1,87,1,189.99,0.1,189.89,Trek Precaliber 12 Boys - 2017
855,1,18,1,449,0.1,448.9,Pure Cycles Western 3-Speed - Women's - 2015/2016
855,2,93,2,209.99,0.2,419.78,Haro Shredder 20 Girls - 2017
855,3,89,1,209.99,0.2,209.79,Trek Precaliber 16 Boys - 2017
856,1,38,2,549.99,0.05,1099.93,Haro Flightline Two 26 Plus - 2017
857,1,29,1,999.99,0.2,999.79,Trek X-Caliber 8 - 2017
858,1,45,2,869.99,0.2,1739.78,Haro SR 1.2 - 2017
858,2,5,1,1320.99,0.2,1320.79,Heller Shagamaw Frame - 2016
858,3,14,1,269.99,0.07,269.92,Electra Girl's Hawaii 1 (16-inch) - 2015/2016
858,4,73,2,749.99,0.07,1499.91,Sun Bicycles Brickell Tandem 7 - 2017
859,1,38,2,549.99,0.07,1099.91,Haro Flightline Two 26 Plus - 2017
859,2,13,1,269.99,0.1,269.89,Electra Cruiser 1 (24-Inch) - 2016
859,3,14,2,269.99,0.1,539.88,Electra Girl's Hawaii 1 (16-inch) - 2015/2016
859,4,71,2,416.99,0.1,833.88,Sun Bicycles Atlas X-Type - 2017
859,5,36,2,832.99,0.1,1665.88,Surly Troll Frameset - 2017
860,1,6,1,469.99,0.05,469.94,Surly Ice Cream Truck Frameset - 2016
860,2,24,2,549.99,0.2,1099.78,Electra Townie Original 21D - 2016
860,3,25,1,499.99,0.2,499.79,Electra Townie Original 7D - 2015/2016
860,4,58,2,4999.99,0.07,9999.91,Trek Madone 9.2 - 2017
860,5,95,2,299.99,0.05,599.93,"Electra Girl's Hawaii 1 16"" - 2017"
861,1,14,2,269.99,0.07,539.91,Electra Girl's Hawaii 1 (16-inch) - 2015/2016
861,2,62,1,3499.99,0.2,3499.79,Trek Boone 7 - 2017
862,1,85,1,329.99,0.05,329.94,Haro Downtown 16 - 2017
862,2,99,1,299.99,0.2,299.79,Electra Sugar Skulls 1 (20-inch) - Girl's - 2017
862,3,49,2,3499.99,0.07,6999.91,Trek Domane SL 6 - 2017
863,1,93,2,209.99,0.1,419.88,Haro Shredder 20 Girls - 2017
864,1,37,1,379.99,0.1,379.89,Haro Flightline One ST - 2017
864,2,65,2,346.99,0.05,693.93,Sun Bicycles Lil Bolt Type-R - 2017
864,3,13,1,269.99,0.2,269.79,Electra Cruiser 1 (24-Inch) - 2016
865,1,109,2,416.99,0.1,833.88,Sun Bicycles Cruz 7 - Women's - 2017
865,2,34,1,469.99,0.05,469.94,Trek Session DH 27.5 Carbon Frameset - 2017
866,1,88,1,189.99,0.2,189.79,Trek Precaliber 12 Girls - 2017
866,2,67,2,250.99,0.07,501.91,Sun Bicycles Revolutions 24 - Girl's - 2017
866,3,80,1,761.99,0.07,761.92,Sun Bicycles Brickell Tandem CB - 2017
866,4,13,2,269.99,0.07,539.91,Electra Cruiser 1 (24-Inch) - 2016
867,1,101,1,339.99,0.05,339.94,Electra Townie 7D (20-inch) - Boys' - 2017
868,1,46,1,1409.99,0.07,1409.92,Haro SR 1.3 - 2017
869,1,7,1,3999.99,0.2,3999.79,Trek Slash 8 27.5 - 2016
869,2,106,2,449.99,0.05,899.93,Sun Bicycles Cruz 3 - 2017
869,3,33,1,469.99,0.05,469.94,Surly Wednesday Frameset - 2017
869,4,55,2,2699.99,0.05,5399.93,Trek Domane S 6 - 2017
869,5,65,2,346.99,0.2,693.78,Sun Bicycles Lil Bolt Type-R - 2017
870,1,63,1,3499.99,0.07,3499.92,Trek Boone Race Shop Limited - 2017
871,1,106,1,449.99,0.2,449.79,Sun Bicycles Cruz 3 - 2017
871,2,38,1,549.99,0.1,549.89,Haro Flightline Two 26 Plus - 2017
871,3,30,2,999.99,0.2,1999.78,Surly Ice Cream Truck Frameset - 2017
871,4,107,2,416.99,0.05,833.93,Sun Bicycles Cruz 7 - 2017
872,1,62,2,3499.99,0.07,6999.91,Trek Boone 7 - 2017
872,2,53,1,749.99,0.1,749.89,Surly Ogre Frameset - 2017
873,1,32,2,469.99,0.1,939.88,Trek Farley Alloy Frameset - 2017
874,1,56,1,5499.99,0.05,5499.94,Trek Domane SLR 6 Disc - 2017
874,2,27,2,999.99,0.05,1999.93,Surly Big Dummy Frameset - 2017
874,3,73,1,749.99,0.1,749.89,Sun Bicycles Brickell Tandem 7 - 2017
874,4,77,2,799.99,0.07,1599.91,Electra Glam Punk 3i Ladies' - 2017
875,1,5,2,1320.99,0.1,2641.88,Heller Shagamaw Frame - 2016
875,2,15,2,529.99,0.05,1059.93,Electra Moto 1 - 2016
875,3,14,1,269.99,0.07,269.92,Electra Girl's Hawaii 1 (16-inch) - 2015/2016
875,4,111,1,470.99,0.2,470.79,Sun Bicycles Drifter 7 - Women's - 2017
876,1,17,2,429,0.2,857.8,Pure Cycles Vine 8-Speed - 2016
876,2,66,2,250.99,0.2,501.78,Sun Bicycles Revolutions 24 - 2017
876,3,96,1,349.99,0.07,349.92,Electra Moto 3i (20-inch) - Boy's - 2017
876,4,107,2,416.99,0.05,833.93,Sun Bicycles Cruz 7 - 2017
877,1,73,1,749.99,0.07,749.92,Sun Bicycles Brickell Tandem 7 - 2017
877,2,103,1,551.99,0.1,551.89,Sun Bicycles Streamway 3 - 2017
878,1,103,1,551.99,0.2,551.79,Sun Bicycles Streamway 3 - 2017
878,2,13,1,269.99,0.1,269.89,Electra Cruiser 1 (24-Inch) - 2016
878,3,6,2,469.99,0.2,939.78,Surly Ice Cream Truck Frameset - 2016
878,4,18,2,449,0.05,897.95,Pure Cycles Western 3-Speed - Women's - 2015/2016
879,1,100,2,489.99,0.2,979.78,Electra Townie 3i EQ (20-inch) - Boys' - 2017
879,2,2,2,749.99,0.07,1499.91,Ritchey Timberwolf Frameset - 2016
879,3,83,2,149.99,0.2,299.78,Trek Boy's Kickster - 2015/2017
879,4,82,1,659.99,0.07,659.92,Electra Amsterdam Original 3i Ladies' - 2017
880,1,28,2,2499.99,0.2,4999.78,Surly Karate Monkey 27.5+ Frameset - 2017
880,2,95,1,299.99,0.1,299.89,"Electra Girl's Hawaii 1 16"" - 2017"
880,3,5,1,1320.99,0.07,1320.92,Heller Shagamaw Frame - 2016
880,4,26,1,599.99,0.1,599.89,Electra Townie Original 7D EQ - 2016
880,5,66,1,250.99,0.2,250.79,Sun Bicycles Revolutions 24 - 2017
881,1,98,1,489.99,0.07,489.92,Electra Straight 8 3i (20-inch) - Boy's - 2017
881,2,50,1,5999.99,0.2,5999.79,Trek Silque SLR 7 Women's - 2017
881,3,64,2,489.99,0.05,979.93,Electra Townie Original 7D - 2017
881,4,67,1,250.99,0.1,250.89,Sun Bicycles Revolutions 24 - Girl's - 2017
882,1,63,2,3499.99,0.07,6999.91,Trek Boone Race Shop Limited - 2017
882,2,108,2,449.99,0.2,899.78,Sun Bicycles Cruz 3 - Women's - 2017
882,3,57,2,1999.99,0.07,3999.91,Trek Emonda S 5 - 2017
883,1,44,1,539.99,0.05,539.94,Haro SR 1.1 - 2017
883,2,5,2,1320.99,0.05,2641.93,Heller Shagamaw Frame - 2016
884,1,49,2,3499.99,0.05,6999.93,Trek Domane SL 6 - 2017
884,2,69,2,416.99,0.07,833.91,Sun Bicycles Cruz 7 - 2017
884,3,46,2,1409.99,0.2,2819.78,Haro SR 1.3 - 2017
884,4,10,1,1549,0.1,1548.9,Surly Straggler - 2016
884,5,21,2,269.99,0.05,539.93,Electra Cruiser 1 (24-Inch) - 2016
885,1,106,1,449.99,0.07,449.92,Sun Bicycles Cruz 3 - 2017
885,2,43,1,5299.99,0.1,5299.89,Trek Fuel EX 9.8 27.5 Plus - 2017
886,1,47,1,5299.99,0.05,5299.94,Trek Remedy 9.8 - 2017
886,2,30,1,999.99,0.05,999.94,Surly Ice Cream Truck Frameset - 2017
887,1,50,2,5999.99,0.05,11999.93,Trek Silque SLR 7 Women's - 2017
887,2,70,1,659.99,0.1,659.89,Electra Amsterdam Original 3i - 2015/2017
888,1,33,2,469.99,0.1,939.88,Surly Wednesday Frameset - 2017
888,2,26,2,599.99,0.2,1199.78,Electra Townie Original 7D EQ - 2016
889,1,12,2,549.99,0.1,1099.88,Electra Townie Original 21D - 2016
890,1,16,2,599.99,0.1,1199.88,Electra Townie Original 7D EQ - 2016
890,2,105,2,533.99,0.1,1067.88,Sun Bicycles Streamway 7 - 2017
890,3,52,1,875.99,0.05,875.94,Surly Steamroller - 2017
890,4,67,1,250.99,0.1,250.89,Sun Bicycles Revolutions 24 - Girl's - 2017
890,5,65,2,346.99,0.1,693.88,Sun Bicycles Lil Bolt Type-R - 2017
891,1,107,2,416.99,0.1,833.88,Sun Bicycles Cruz 7 - 2017
891,2,32,1,469.99,0.05,469.94,Trek Farley Alloy Frameset - 2017
891,3,35,2,832.99,0.1,1665.88,Sun Bicycles Spider 3i - 2017
891,4,50,1,5999.99,0.1,5999.89,Trek Silque SLR 7 Women's - 2017
892,1,36,1,832.99,0.1,832.89,Surly Troll Frameset - 2017
892,2,9,2,2999.99,0.2,5999.78,Trek Conduit+ - 2016
892,3,50,2,5999.99,0.07,11999.91,Trek Silque SLR 7 Women's - 2017
892,4,88,1,189.99,0.05,189.94,Trek Precaliber 12 Girls - 2017
893,1,67,2,250.99,0.05,501.93,Sun Bicycles Revolutions 24 - Girl's - 2017
893,2,45,1,869.99,0.07,869.92,Haro SR 1.2 - 2017
894,1,101,2,339.99,0.2,679.78,Electra Townie 7D (20-inch) - Boys' - 2017
895,1,106,1,449.99,0.07,449.92,Sun Bicycles Cruz 3 - 2017
896,1,91,2,349.99,0.05,699.93,Trek Precaliber 24 (21-Speed) - Girls - 2017
896,2,10,1,1549,0.05,1548.95,Surly Straggler - 2016
897,1,105,1,533.99,0.05,533.94,Sun Bicycles Streamway 7 - 2017
897,2,96,1,349.99,0.05,349.94,Electra Moto 3i (20-inch) - Boy's - 2017
898,1,45,2,869.99,0.2,1739.78,Haro SR 1.2 - 2017
898,2,16,1,599.99,0.07,599.92,Electra Townie Original 7D EQ - 2016
898,3,57,2,1999.99,0.2,3999.78,Trek Emonda S 5 - 2017
898,4,69,2,416.99,0.07,833.91,Sun Bicycles Cruz 7 - 2017
899,1,59,2,2599.99,0.1,5199.88,Trek Domane S 5 Disc - 2017
899,2,17,1,429,0.1,428.9,Pure Cycles Vine 8-Speed - 2016
899,3,6,1,469.99,0.2,469.79,Surly Ice Cream Truck Frameset - 2016
900,1,26,2,599.99,0.05,1199.93,Electra Townie Original 7D EQ - 2016
900,2,108,1,449.99,0.07,449.92,Sun Bicycles Cruz 3 - Women's - 2017
900,3,89,1,209.99,0.2,209.79,Trek Precaliber 16 Boys - 2017
900,4,61,2,4999.99,0.05,9999.93,Trek Powerfly 8 FS Plus - 2017
900,5,28,2,2499.99,0.07,4999.91,Surly Karate Monkey 27.5+ Frameset - 2017
901,1,50,1,5999.99,0.2,5999.79,Trek Silque SLR 7 Women's - 2017
901,2,43,1,5299.99,0.07,5299.92,Trek Fuel EX 9.8 27.5 Plus - 2017
902,1,38,2,549.99,0.07,1099.91,Haro Flightline Two 26 Plus - 2017
902,2,92,1,209.99,0.07,209.92,Haro Shredder 20 - 2017
902,3,12,1,549.99,0.2,549.79,Electra Townie Original 21D - 2016
902,4,76,2,299.99,0.05,599.93,"Electra Girl's Hawaii 1 16"" - 2017"
903,1,31,2,1632.99,0.07,3265.91,Surly Wednesday - 2017
903,2,48,2,1499.99,0.05,2999.93,Trek Emonda S 4 - 2017
904,1,36,2,832.99,0.1,1665.88,Surly Troll Frameset - 2017
904,2,51,2,6499.99,0.07,12999.91,Trek Silque SLR 8 Women's - 2017
904,3,92,2,209.99,0.2,419.78,Haro Shredder 20 - 2017
904,4,13,1,269.99,0.2,269.79,Electra Cruiser 1 (24-Inch) - 2016
905,1,67,1,250.99,0.1,250.89,Sun Bicycles Revolutions 24 - Girl's - 2017
905,2,62,2,3499.99,0.05,6999.93,Trek Boone 7 - 2017
905,3,42,2,2299.99,0.2,4599.78,Trek Fuel EX 5 27.5 Plus - 2017
905,4,20,1,599.99,0.2,599.79,Electra Townie Original 7D EQ - Women's - 2016
906,1,23,2,299.99,0.2,599.78,Electra Girl's Hawaii 1 (20-inch) - 2015/2016
906,2,28,2,2499.99,0.07,4999.91,Surly Karate Monkey 27.5+ Frameset - 2017
906,3,46,1,1409.99,0.05,1409.94,Haro SR 1.3 - 2017
906,4,102,2,489.99,0.1,979.88,Electra Townie Original 7D - 2017
906,5,22,2,269.99,0.2,539.78,Electra Girl's Hawaii 1 (16-inch) - 2015/2016
907,1,84,2,109.99,0.07,219.91,Sun Bicycles Lil Kitt'n - 2017
907,2,65,1,346.99,0.07,346.92,Sun Bicycles Lil Bolt Type-R - 2017
908,1,41,1,1469.99,0.2,1469.79,Haro Shift R3 - 2017
908,2,94,1,249.99,0.1,249.89,Haro Shredder Pro 20 - 2017
908,3,102,2,489.99,0.1,979.88,Electra Townie Original 7D - 2017
909,1,5,1,1320.99,0.2,1320.79,Heller Shagamaw Frame - 2016
910,1,23,1,299.99,0.1,299.89,Electra Girl's Hawaii 1 (20-inch) - 2015/2016
911,1,66,2,250.99,0.05,501.93,Sun Bicycles Revolutions 24 - 2017
911,2,106,1,449.99,0.05,449.94,Sun Bicycles Cruz 3 - 2017
911,3,91,2,349.99,0.05,699.93,Trek Precaliber 24 (21-Speed) - Girls - 2017
911,4,49,1,3499.99,0.2,3499.79,Trek Domane SL 6 - 2017
912,1,22,2,269.99,0.2,539.78,Electra Girl's Hawaii 1 (16-inch) - 2015/2016
912,2,71,2,416.99,0.05,833.93,Sun Bicycles Atlas X-Type - 2017
912,3,101,1,339.99,0.05,339.94,Electra Townie 7D (20-inch) - Boys' - 2017
912,4,2,2,749.99,0.2,1499.78,Ritchey Timberwolf Frameset - 2016
913,1,90,2,209.99,0.1,419.88,Trek Precaliber 16 Girls - 2017
913,2,24,2,549.99,0.05,1099.93,Electra Townie Original 21D - 2016
914,1,38,1,549.99,0.07,549.92,Haro Flightline Two 26 Plus - 2017
914,2,20,2,599.99,0.2,1199.78,Electra Townie Original 7D EQ - Women's - 2016
914,3,106,1,449.99,0.05,449.94,Sun Bicycles Cruz 3 - 2017
914,4,46,1,1409.99,0.1,1409.89,Haro SR 1.3 - 2017
915,1,64,1,489.99,0.05,489.94,Electra Townie Original 7D - 2017
915,2,48,1,1499.99,0.07,1499.92,Trek Emonda S 4 - 2017
915,3,42,1,2299.99,0.2,2299.79,Trek Fuel EX 5 27.5 Plus - 2017
915,4,2,1,749.99,0.07,749.92,Ritchey Timberwolf Frameset - 2016
916,1,92,1,209.99,0.2,209.79,Haro Shredder 20 - 2017
917,1,41,1,1469.99,0.07,1469.92,Haro Shift R3 - 2017
918,1,91,1,349.99,0.2,349.79,Trek Precaliber 24 (21-Speed) - Girls - 2017
918,2,31,1,1632.99,0.1,1632.89,Surly Wednesday - 2017
918,3,4,2,2899.99,0.07,5799.91,Trek Fuel EX 8 29 - 2016
919,1,7,1,3999.99,0.07,3999.92,Trek Slash 8 27.5 - 2016
919,2,44,1,539.99,0.1,539.89,Haro SR 1.1 - 2017
920,1,76,1,299.99,0.05,299.94,"Electra Girl's Hawaii 1 16"" - 2017"
920,2,39,2,1499.99,0.07,2999.91,Trek Stache 5 - 2017
920,3,78,1,647.99,0.05,647.94,Sun Bicycles Biscayne Tandem CB - 2017
920,4,80,2,761.99,0.07,1523.91,Sun Bicycles Brickell Tandem CB - 2017
921,1,77,1,799.99,0.2,799.79,Electra Glam Punk 3i Ladies' - 2017
921,2,75,2,599.99,0.07,1199.91,Electra Cruiser Lux Fat Tire 1 Ladies - 2017
921,3,48,1,1499.99,0.1,1499.89,Trek Emonda S 4 - 2017
922,1,68,1,449.99,0.2,449.79,Sun Bicycles Cruz 3 - 2017
922,2,73,1,749.99,0.2,749.79,Sun Bicycles Brickell Tandem 7 - 2017
922,3,86,1,149.99,0.1,149.89,Trek Girl's Kickster - 2017
923,1,74,2,439.99,0.05,879.93,Electra Cruiser Lux 1 - 2017
923,2,6,1,469.99,0.1,469.89,Surly Ice Cream Truck Frameset - 2016
924,1,97,2,349.99,0.2,699.78,Electra Savannah 3i (20-inch) - Girl's - 2017
924,2,36,1,832.99,0.2,832.79,Surly Troll Frameset - 2017
925,1,97,1,349.99,0.07,349.92,Electra Savannah 3i (20-inch) - Girl's - 2017
925,2,62,2,3499.99,0.2,6999.78,Trek Boone 7 - 2017
926,1,37,2,379.99,0.2,759.78,Haro Flightline One ST - 2017
927,1,74,2,439.99,0.1,879.88,Electra Cruiser Lux 1 - 2017
927,2,16,2,599.99,0.2,1199.78,Electra Townie Original 7D EQ - 2016
927,3,50,1,5999.99,0.1,5999.89,Trek Silque SLR 7 Women's - 2017
927,4,3,1,999.99,0.1,999.89,Surly Wednesday Frameset - 2016
927,5,43,1,5299.99,0.07,5299.92,Trek Fuel EX 9.8 27.5 Plus - 2017
928,1,71,2,416.99,0.05,833.93,Sun Bicycles Atlas X-Type - 2017
928,2,83,1,149.99,0.2,149.79,Trek Boy's Kickster - 2015/2017
929,1,82,1,659.99,0.2,659.79,Electra Amsterdam Original 3i Ladies' - 2017
929,2,63,2,3499.99,0.1,6999.88,Trek Boone Race Shop Limited - 2017
929,3,24,1,549.99,0.05,549.94,Electra Townie Original 21D - 2016
930,1,56,2,5499.99,0.07,10999.91,Trek Domane SLR 6 Disc - 2017
930,2,82,1,659.99,0.07,659.92,Electra Amsterdam Original 3i Ladies' - 2017
930,3,60,1,1559.99,0.1,1559.89,Sun Bicycles ElectroLite - 2017
930,4,65,2,346.99,0.05,693.93,Sun Bicycles Lil Bolt Type-R - 2017
930,5,51,2,6499.99,0.1,12999.88,Trek Silque SLR 8 Women's - 2017
931,1,49,2,3499.99,0.07,6999.91,Trek Domane SL 6 - 2017
931,2,76,1,299.99,0.2,299.79,"Electra Girl's Hawaii 1 16"" - 2017"
932,1,74,1,439.99,0.05,439.94,Electra Cruiser Lux 1 - 2017
933,1,77,1,799.99,0.07,799.92,Electra Glam Punk 3i Ladies' - 2017
933,2,21,1,269.99,0.2,269.79,Electra Cruiser 1 (24-Inch) - 2016
933,3,75,2,599.99,0.05,1199.93,Electra Cruiser Lux Fat Tire 1 Ladies - 2017
934,1,35,2,832.99,0.05,1665.93,Sun Bicycles Spider 3i - 2017
934,2,48,1,1499.99,0.05,1499.94,Trek Emonda S 4 - 2017
934,3,18,1,449,0.1,448.9,Pure Cycles Western 3-Speed - Women's - 2015/2016
934,4,61,1,4999.99,0.07,4999.92,Trek Powerfly 8 FS Plus - 2017
934,5,56,2,5499.99,0.2,10999.78,Trek Domane SLR 6 Disc - 2017
935,1,65,2,346.99,0.2,693.78,Sun Bicycles Lil Bolt Type-R - 2017
935,2,76,2,299.99,0.07,599.91,"Electra Girl's Hawaii 1 16"" - 2017"
935,3,6,1,469.99,0.07,469.92,Surly Ice Cream Truck Frameset - 2016
935,4,38,1,549.99,0.07,549.92,Haro Flightline Two 26 Plus - 2017
936,1,70,1,659.99,0.1,659.89,Electra Amsterdam Original 3i - 2015/2017
936,2,44,1,539.99,0.07,539.92,Haro SR 1.1 - 2017
937,1,108,2,449.99,0.1,899.88,Sun Bicycles Cruz 3 - Women's - 2017
937,2,51,2,6499.99,0.07,12999.91,Trek Silque SLR 8 Women's - 2017
937,3,58,2,4999.99,0.07,9999.91,Trek Madone 9.2 - 2017
937,4,28,2,2499.99,0.07,4999.91,Surly Karate Monkey 27.5+ Frameset - 2017
937,5,66,1,250.99,0.2,250.79,Sun Bicycles Revolutions 24 - 2017
938,1,4,1,2899.99,0.05,2899.94,Trek Fuel EX 8 29 - 2016
938,2,13,1,269.99,0.05,269.94,Electra Cruiser 1 (24-Inch) - 2016
939,1,5,1,1320.99,0.1,1320.89,Heller Shagamaw Frame - 2016
939,2,107,2,416.99,0.2,833.78,Sun Bicycles Cruz 7 - 2017
940,1,75,2,599.99,0.2,1199.78,Electra Cruiser Lux Fat Tire 1 Ladies - 2017
941,1,25,1,499.99,0.1,499.89,Electra Townie Original 7D - 2015/2016
941,2,102,2,489.99,0.05,979.93,Electra Townie Original 7D - 2017
941,3,11,2,1680.99,0.07,3361.91,Surly Straggler 650b - 2016
942,1,98,2,489.99,0.05,979.93,Electra Straight 8 3i (20-inch) - Boy's - 2017
942,2,110,2,470.99,0.1,941.88,Sun Bicycles Drifter 7 - 2017
942,3,35,2,832.99,0.07,1665.91,Sun Bicycles Spider 3i - 2017
942,4,103,1,551.99,0.05,551.94,Sun Bicycles Streamway 3 - 2017
942,5,100,1,489.99,0.05,489.94,Electra Townie 3i EQ (20-inch) - Boys' - 2017
943,1,25,1,499.99,0.2,499.79,Electra Townie Original 7D - 2015/2016
943,2,82,1,659.99,0.2,659.79,Electra Amsterdam Original 3i Ladies' - 2017
944,1,29,2,999.99,0.07,1999.91,Trek X-Caliber 8 - 2017
944,2,16,2,599.99,0.1,1199.88,Electra Townie Original 7D EQ - 2016
944,3,70,2,659.99,0.2,1319.78,Electra Amsterdam Original 3i - 2015/2017
944,4,85,2,329.99,0.2,659.78,Haro Downtown 16 - 2017
944,5,69,2,416.99,0.07,833.91,Sun Bicycles Cruz 7 - 2017
945,1,105,1,533.99,0.05,533.94,Sun Bicycles Streamway 7 - 2017
945,2,94,2,249.99,0.2,499.78,Haro Shredder Pro 20 - 2017
945,3,34,2,469.99,0.05,939.93,Trek Session DH 27.5 Carbon Frameset - 2017
945,4,44,2,539.99,0.1,1079.88,Haro SR 1.1 - 2017
945,5,50,2,5999.99,0.05,11999.93,Trek Silque SLR 7 Women's - 2017
946,1,7,1,3999.99,0.1,3999.89,Trek Slash 8 27.5 - 2016
946,2,85,2,329.99,0.2,659.78,Haro Downtown 16 - 2017
946,3,62,1,3499.99,0.05,3499.94,Trek Boone 7 - 2017
946,4,22,2,269.99,0.2,539.78,Electra Girl's Hawaii 1 (16-inch) - 2015/2016
946,5,56,2,5499.99,0.07,10999.91,Trek Domane SLR 6 Disc - 2017
947,1,32,1,469.99,0.05,469.94,Trek Farley Alloy Frameset - 2017
947,2,42,2,2299.99,0.07,4599.91,Trek Fuel EX 5 27.5 Plus - 2017
947,3,44,1,539.99,0.07,539.92,Haro SR 1.1 - 2017
948,1,23,2,299.99,0.2,599.78,Electra Girl's Hawaii 1 (20-inch) - 2015/2016
948,2,20,2,599.99,0.1,1199.88,Electra Townie Original 7D EQ - Women's - 2016
948,3,101,1,339.99,0.2,339.79,Electra Townie 7D (20-inch) - Boys' - 2017
948,4,92,2,209.99,0.2,419.78,Haro Shredder 20 - 2017
948,5,72,2,619.99,0.2,1239.78,Sun Bicycles Biscayne Tandem 7 - 2017
949,1,9,2,2999.99,0.1,5999.88,Trek Conduit+ - 2016
949,2,55,2,2699.99,0.05,5399.93,Trek Domane S 6 - 2017
950,1,56,1,5499.99,0.05,5499.94,Trek Domane SLR 6 Disc - 2017
951,1,59,1,2599.99,0.1,2599.89,Trek Domane S 5 Disc - 2017
951,2,43,2,5299.99,0.1,10599.88,Trek Fuel EX 9.8 27.5 Plus - 2017
951,3,62,2,3499.99,0.2,6999.78,Trek Boone 7 - 2017
952,1,20,2,599.99,0.07,1199.91,Electra Townie Original 7D EQ - Women's - 2016
952,2,57,1,1999.99,0.05,1999.94,Trek Emonda S 5 - 2017
953,1,23,2,299.99,0.07,599.91,Electra Girl's Hawaii 1 (20-inch) - 2015/2016
954,1,4,2,2899.99,0.1,5799.88,Trek Fuel EX 8 29 - 2016
955,1,43,1,5299.99,0.1,5299.89,Trek Fuel EX 9.8 27.5 Plus - 2017
955,2,31,2,1632.99,0.07,3265.91,Surly Wednesday - 2017
955,3,96,1,349.99,0.05,349.94,Electra Moto 3i (20-inch) - Boy's - 2017
955,4,63,1,3499.99,0.2,3499.79,Trek Boone Race Shop Limited - 2017
955,5,88,1,189.99,0.05,189.94,Trek Precaliber 12 Girls - 2017
956,1,76,2,299.99,0.1,599.88,"Electra Girl's Hawaii 1 16"" - 2017"
956,2,23,1,299.99,0.2,299.79,Electra Girl's Hawaii 1 (20-inch) - 2015/2016
956,3,73,2,749.99,0.1,1499.88,Sun Bicycles Brickell Tandem 7 - 2017
956,4,13,2,269.99,0.2,539.78,Electra Cruiser 1 (24-Inch) - 2016
956,5,79,2,402.99,0.1,805.88,Sun Bicycles Boardwalk (24-inch Wheels) - 2017
957,1,108,2,449.99,0.05,899.93,Sun Bicycles Cruz 3 - Women's - 2017
957,2,14,2,269.99,0.07,539.91,Electra Girl's Hawaii 1 (16-inch) - 2015/2016
957,3,70,2,659.99,0.05,1319.93,Electra Amsterdam Original 3i - 2015/2017
957,4,66,1,250.99,0.07,250.92,Sun Bicycles Revolutions 24 - 2017
957,5,111,1,470.99,0.05,470.94,Sun Bicycles Drifter 7 - Women's - 2017
958,1,51,1,6499.99,0.1,6499.89,Trek Silque SLR 8 Women's - 2017
958,2,76,1,299.99,0.2,299.79,"Electra Girl's Hawaii 1 16"" - 2017"
959,1,15,1,529.99,0.2,529.79,Electra Moto 1 - 2016
959,2,72,1,619.99,0.1,619.89,Sun Bicycles Biscayne Tandem 7 - 2017
959,3,41,1,1469.99,0.05,1469.94,Haro Shift R3 - 2017
959,4,65,1,346.99,0.07,346.92,Sun Bicycles Lil Bolt Type-R - 2017
960,1,73,2,749.99,0.05,1499.93,Sun Bicycles Brickell Tandem 7 - 2017
960,2,52,1,875.99,0.1,875.89,Surly Steamroller - 2017
960,3,48,2,1499.99,0.05,2999.93,Trek Emonda S 4 - 2017
960,4,83,2,149.99,0.1,299.88,Trek Boy's Kickster - 2015/2017
961,1,105,1,533.99,0.1,533.89,Sun Bicycles Streamway 7 - 2017
961,2,47,2,5299.99,0.2,10599.78,Trek Remedy 9.8 - 2017
961,3,65,2,346.99,0.07,693.91,Sun Bicycles Lil Bolt Type-R - 2017
962,1,65,2,346.99,0.07,693.91,Sun Bicycles Lil Bolt Type-R - 2017
962,2,64,2,489.99,0.07,979.91,Electra Townie Original 7D - 2017
963,1,4,1,2899.99,0.07,2899.92,Trek Fuel EX 8 29 - 2016
964,1,90,1,209.99,0.2,209.79,Trek Precaliber 16 Girls - 2017
964,2,74,1,439.99,0.2,439.79,Electra Cruiser Lux 1 - 2017
965,1,90,2,209.99,0.1,419.88,Trek Precaliber 16 Girls - 2017
966,1,88,1,189.99,0.05,189.94,Trek Precaliber 12 Girls - 2017
966,2,73,1,749.99,0.07,749.92,Sun Bicycles Brickell Tandem 7 - 2017
967,1,66,1,250.99,0.2,250.79,Sun Bicycles Revolutions 24 - 2017
967,2,77,2,799.99,0.05,1599.93,Electra Glam Punk 3i Ladies' - 2017
967,3,87,1,189.99,0.1,189.89,Trek Precaliber 12 Boys - 2017
967,4,103,1,551.99,0.2,551.79,Sun Bicycles Streamway 3 - 2017
968,1,87,1,189.99,0.2,189.79,Trek Precaliber 12 Boys - 2017
968,2,61,2,4999.99,0.05,9999.93,Trek Powerfly 8 FS Plus - 2017
968,3,10,2,1549,0.05,3097.95,Surly Straggler - 2016
969,1,74,1,439.99,0.2,439.79,Electra Cruiser Lux 1 - 2017
969,2,36,1,832.99,0.1,832.89,Surly Troll Frameset - 2017
970,1,85,1,329.99,0.1,329.89,Haro Downtown 16 - 2017
970,2,48,2,1499.99,0.1,2999.88,Trek Emonda S 4 - 2017
970,3,54,2,3199.99,0.1,6399.88,Trek Domane SL Disc Frameset - 2017
970,4,68,1,449.99,0.1,449.89,Sun Bicycles Cruz 3 - 2017
971,1,70,2,659.99,0.05,1319.93,Electra Amsterdam Original 3i - 2015/2017
971,2,65,2,346.99,0.07,693.91,Sun Bicycles Lil Bolt Type-R - 2017
971,3,8,2,1799.99,0.05,3599.93,Trek Remedy 29 Carbon Frameset - 2016
971,4,12,2,549.99,0.07,1099.91,Electra Townie Original 21D - 2016
971,5,38,1,549.99,0.2,549.79,Haro Flightline Two 26 Plus - 2017
972,1,100,1,489.99,0.2,489.79,Electra Townie 3i EQ (20-inch) - Boys' - 2017
972,2,63,1,3499.99,0.07,3499.92,Trek Boone Race Shop Limited - 2017
973,1,4,2,2899.99,0.1,5799.88,Trek Fuel EX 8 29 - 2016
973,2,28,2,2499.99,0.1,4999.88,Surly Karate Monkey 27.5+ Frameset - 2017
973,3,47,2,5299.99,0.05,10599.93,Trek Remedy 9.8 - 2017
973,4,71,1,416.99,0.07,416.92,Sun Bicycles Atlas X-Type - 2017
974,1,33,2,469.99,0.1,939.88,Surly Wednesday Frameset - 2017
974,2,22,2,269.99,0.2,539.78,Electra Girl's Hawaii 1 (16-inch) - 2015/2016
975,1,110,2,470.99,0.2,941.78,Sun Bicycles Drifter 7 - 2017
976,1,26,2,599.99,0.1,1199.88,Electra Townie Original 7D EQ - 2016
976,2,39,1,1499.99,0.07,1499.92,Trek Stache 5 - 2017
977,1,52,2,875.99,0.1,1751.88,Surly Steamroller - 2017
977,2,69,2,416.99,0.05,833.93,Sun Bicycles Cruz 7 - 2017
977,3,27,1,999.99,0.05,999.94,Surly Big Dummy Frameset - 2017
977,4,80,2,761.99,0.05,1523.93,Sun Bicycles Brickell Tandem CB - 2017
978,1,106,2,449.99,0.05,899.93,Sun Bicycles Cruz 3 - 2017
978,2,25,2,499.99,0.2,999.78,Electra Townie Original 7D - 2015/2016
978,3,108,2,449.99,0.05,899.93,Sun Bicycles Cruz 3 - Women's - 2017
979,1,55,1,2699.99,0.05,2699.94,Trek Domane S 6 - 2017
979,2,71,2,416.99,0.2,833.78,Sun Bicycles Atlas X-Type - 2017
979,3,12,2,549.99,0.1,1099.88,Electra Townie Original 21D - 2016
979,4,52,1,875.99,0.2,875.79,Surly Steamroller - 2017
980,1,49,2,3499.99,0.2,6999.78,Trek Domane SL 6 - 2017
980,2,9,1,2999.99,0.1,2999.89,Trek Conduit+ - 2016
980,3,64,1,489.99,0.1,489.89,Electra Townie Original 7D - 2017
981,1,35,1,832.99,0.1,832.89,Sun Bicycles Spider 3i - 2017
981,2,95,2,299.99,0.05,599.93,"Electra Girl's Hawaii 1 16"" - 2017"
981,3,21,2,269.99,0.07,539.91,Electra Cruiser 1 (24-Inch) - 2016
981,4,36,2,832.99,0.1,1665.88,Surly Troll Frameset - 2017
981,5,61,1,4999.99,0.07,4999.92,Trek Powerfly 8 FS Plus - 2017
982,1,22,2,269.99,0.1,539.88,Electra Girl's Hawaii 1 (16-inch) - 2015/2016
982,2,110,1,470.99,0.07,470.92,Sun Bicycles Drifter 7 - 2017
982,3,52,1,875.99,0.07,875.92,Surly Steamroller - 2017
982,4,40,2,4999.99,0.05,9999.93,Trek Fuel EX 9.8 29 - 2017
983,1,63,1,3499.99,0.1,3499.89,Trek Boone Race Shop Limited - 2017
983,2,20,2,599.99,0.2,1199.78,Electra Townie Original 7D EQ - Women's - 2016
983,3,68,1,449.99,0.07,449.92,Sun Bicycles Cruz 3 - 2017
983,4,81,2,1099.99,0.07,2199.91,Electra Amsterdam Fashion 7i Ladies' - 2017
983,5,88,1,189.99,0.05,189.94,Trek Precaliber 12 Girls - 2017
984,1,68,1,449.99,0.2,449.79,Sun Bicycles Cruz 3 - 2017
984,2,81,2,1099.99,0.2,2199.78,Electra Amsterdam Fashion 7i Ladies' - 2017
984,3,12,1,549.99,0.1,549.89,Electra Townie Original 21D - 2016
984,4,111,1,470.99,0.2,470.79,Sun Bicycles Drifter 7 - Women's - 2017
985,1,5,2,1320.99,0.07,2641.91,Heller Shagamaw Frame - 2016
985,2,59,1,2599.99,0.2,2599.79,Trek Domane S 5 Disc - 2017
985,3,78,2,647.99,0.05,1295.93,Sun Bicycles Biscayne Tandem CB - 2017
986,1,87,1,189.99,0.1,189.89,Trek Precaliber 12 Boys - 2017
986,2,78,1,647.99,0.05,647.94,Sun Bicycles Biscayne Tandem CB - 2017
986,3,26,2,599.99,0.07,1199.91,Electra Townie Original 7D EQ - 2016
987,1,51,2,6499.99,0.1,12999.88,Trek Silque SLR 8 Women's - 2017
987,2,60,2,1559.99,0.2,3119.78,Sun Bicycles ElectroLite - 2017
987,3,80,1,761.99,0.07,761.92,Sun Bicycles Brickell Tandem CB - 2017
988,1,35,1,832.99,0.2,832.79,Sun Bicycles Spider 3i - 2017
988,2,38,1,549.99,0.07,549.92,Haro Flightline Two 26 Plus - 2017
988,3,12,2,549.99,0.07,1099.91,Electra Townie Original 21D - 2016
989,1,99,1,299.99,0.05,299.94,Electra Sugar Skulls 1 (20-inch) - Girl's - 2017
989,2,27,1,999.99,0.1,999.89,Surly Big Dummy Frameset - 2017
989,3,70,1,659.99,0.1,659.89,Electra Amsterdam Original 3i - 2015/2017
989,4,84,2,109.99,0.07,219.91,Sun Bicycles Lil Kitt'n - 2017
989,5,5,1,1320.99,0.1,1320.89,Heller Shagamaw Frame - 2016
990,1,6,2,469.99,0.2,939.78,Surly Ice Cream Truck Frameset - 2016
990,2,29,1,999.99,0.1,999.89,Trek X-Caliber 8 - 2017
990,3,91,1,349.99,0.1,349.89,Trek Precaliber 24 (21-Speed) - Girls - 2017
990,4,14,2,269.99,0.1,539.88,Electra Girl's Hawaii 1 (16-inch) - 2015/2016
991,1,9,2,2999.99,0.2,5999.78,Trek Conduit+ - 2016
991,2,79,1,402.99,0.2,402.79,Sun Bicycles Boardwalk (24-inch Wheels) - 2017
991,3,34,1,469.99,0.2,469.79,Trek Session DH 27.5 Carbon Frameset - 2017
992,1,45,1,869.99,0.07,869.92,Haro SR 1.2 - 2017
992,2,102,1,489.99,0.1,489.89,Electra Townie Original 7D - 2017
992,3,20,1,599.99,0.2,599.79,Electra Townie Original 7D EQ - Women's - 2016
992,4,101,2,339.99,0.2,679.78,Electra Townie 7D (20-inch) - Boys' - 2017
992,5,7,1,3999.99,0.05,3999.94,Trek Slash 8 27.5 - 2016
993,1,58,1,4999.99,0.2,4999.79,Trek Madone 9.2 - 2017
993,2,36,2,832.99,0.1,1665.88,Surly Troll Frameset - 2017
993,3,10,2,1549,0.05,3097.95,Surly Straggler - 2016
993,4,99,2,299.99,0.07,599.91,Electra Sugar Skulls 1 (20-inch) - Girl's - 2017
993,5,79,2,402.99,0.1,805.88,Sun Bicycles Boardwalk (24-inch Wheels) - 2017
994,1,37,2,379.99,0.1,759.88,Haro Flightline One ST - 2017
994,2,45,1,869.99,0.2,869.79,Haro SR 1.2 - 2017
994,3,66,1,250.99,0.07,250.92,Sun Bicycles Revolutions 24 - 2017
995,1,16,2,599.99,0.1,1199.88,Electra Townie Original 7D EQ - 2016
995,2,90,1,209.99,0.2,209.79,Trek Precaliber 16 Girls - 2017
995,3,101,1,339.99,0.1,339.89,Electra Townie 7D (20-inch) - Boys' - 2017
996,1,68,2,449.99,0.05,899.93,Sun Bicycles Cruz 3 - 2017
996,2,32,1,469.99,0.05,469.94,Trek Farley Alloy Frameset - 2017
997,1,86,2,149.99,0.07,299.91,Trek Girl's Kickster - 2017
997,2,105,2,533.99,0.2,1067.78,Sun Bicycles Streamway 7 - 2017
997,3,14,2,269.99,0.07,539.91,Electra Girl's Hawaii 1 (16-inch) - 2015/2016
998,1,26,2,599.99,0.05,1199.93,Electra Townie Original 7D EQ - 2016
998,2,105,1,533.99,0.2,533.79,Sun Bicycles Streamway 7 - 2017
999,1,70,2,659.99,0.07,1319.91,Electra Amsterdam Original 3i - 2015/2017
999,2,106,1,449.99,0.05,449.94,Sun Bicycles Cruz 3 - 2017
1000,1,65,2,346.99,0.05,693.93,Sun Bicycles Lil Bolt Type-R - 2017
1000,2,111,1,470.99,0.1,470.89,Sun Bicycles Drifter 7 - Women's - 2017
1000,3,19,2,449,0.07,897.93,Pure Cycles William 3-Speed - 2016
1000,4,29,2,999.99,0.05,1999.93,Trek X-Caliber 8 - 2017
1001,1,72,1,619.99,0.05,619.94,Sun Bicycles Biscayne Tandem 7 - 2017
1001,2,45,2,869.99,0.05,1739.93,Haro SR 1.2 - 2017
1001,3,58,1,4999.99,0.1,4999.89,Trek Madone 9.2 - 2017
1001,4,111,1,470.99,0.07,470.92,Sun Bicycles Drifter 7 - Women's - 2017
1002,1,100,1,489.99,0.05,489.94,Electra Townie 3i EQ (20-inch) - Boys' - 2017
1002,2,83,1,149.99,0.1,149.89,Trek Boy's Kickster - 2015/2017
1002,3,8,2,1799.99,0.1,3599.88,Trek Remedy 29 Carbon Frameset - 2016
1002,4,79,1,402.99,0.2,402.79,Sun Bicycles Boardwalk (24-inch Wheels) - 2017
1003,1,34,2,469.99,0.05,939.93,Trek Session DH 27.5 Carbon Frameset - 2017
1003,2,51,2,6499.99,0.05,12999.93,Trek Silque SLR 8 Women's - 2017
1004,1,36,2,832.99,0.1,1665.88,Surly Troll Frameset - 2017
1005,1,14,2,269.99,0.2,539.78,Electra Girl's Hawaii 1 (16-inch) - 2015/2016
1005,2,81,2,1099.99,0.1,2199.88,Electra Amsterdam Fashion 7i Ladies' - 2017
1005,3,99,1,299.99,0.1,299.89,Electra Sugar Skulls 1 (20-inch) - Girl's - 2017
1006,1,20,1,599.99,0.07,599.92,Electra Townie Original 7D EQ - Women's - 2016
1006,2,68,1,449.99,0.1,449.89,Sun Bicycles Cruz 3 - 2017
1006,3,56,2,5499.99,0.07,10999.91,Trek Domane SLR 6 Disc - 2017
1006,4,65,1,346.99,0.1,346.89,Sun Bicycles Lil Bolt Type-R - 2017
1006,5,46,1,1409.99,0.1,1409.89,Haro SR 1.3 - 2017
1007,1,26,1,599.99,0.2,599.79,Electra Townie Original 7D EQ - 2016
1007,2,11,1,1680.99,0.05,1680.94,Surly Straggler 650b - 2016
1007,3,85,2,329.99,0.1,659.88,Haro Downtown 16 - 2017
1007,4,76,1,299.99,0.2,299.79,"Electra Girl's Hawaii 1 16"" - 2017"
1007,5,106,2,449.99,0.1,899.88,Sun Bicycles Cruz 3 - 2017
1008,1,71,1,416.99,0.2,416.79,Sun Bicycles Atlas X-Type - 2017
1008,2,2,1,749.99,0.1,749.89,Ritchey Timberwolf Frameset - 2016
1008,3,95,1,299.99,0.07,299.92,"Electra Girl's Hawaii 1 16"" - 2017"
1009,1,95,2,299.99,0.07,599.91,"Electra Girl's Hawaii 1 16"" - 2017"
1009,2,44,1,539.99,0.07,539.92,Haro SR 1.1 - 2017
1010,1,109,2,416.99,0.1,833.88,Sun Bicycles Cruz 7 - Women's - 2017
1011,1,88,1,189.99,0.2,189.79,Trek Precaliber 12 Girls - 2017
1011,2,99,2,299.99,0.2,599.78,Electra Sugar Skulls 1 (20-inch) - Girl's - 2017
1011,3,16,2,599.99,0.2,1199.78,Electra Townie Original 7D EQ - 2016
1011,4,68,2,449.99,0.05,899.93,Sun Bicycles Cruz 3 - 2017
1012,1,8,1,1799.99,0.07,1799.92,Trek Remedy 29 Carbon Frameset - 2016
1012,2,64,1,489.99,0.2,489.79,Electra Townie Original 7D - 2017
1013,1,60,2,1559.99,0.05,3119.93,Sun Bicycles ElectroLite - 2017
1014,1,97,1,349.99,0.2,349.79,Electra Savannah 3i (20-inch) - Girl's - 2017
1014,2,45,2,869.99,0.05,1739.93,Haro SR 1.2 - 2017
1014,3,81,2,1099.99,0.1,2199.88,Electra Amsterdam Fashion 7i Ladies' - 2017
1014,4,59,1,2599.99,0.05,2599.94,Trek Domane S 5 Disc - 2017
1015,1,6,2,469.99,0.1,939.88,Surly Ice Cream Truck Frameset - 2016
1015,2,73,2,749.99,0.2,1499.78,Sun Bicycles Brickell Tandem 7 - 2017
1015,3,101,2,339.99,0.1,679.88,Electra Townie 7D (20-inch) - Boys' - 2017
1015,4,13,1,269.99,0.2,269.79,Electra Cruiser 1 (24-Inch) - 2016
1016,1,76,2,299.99,0.07,599.91,"Electra Girl's Hawaii 1 16"" - 2017"
1017,1,89,1,209.99,0.07,209.92,Trek Precaliber 16 Boys - 2017
1017,2,82,2,659.99,0.2,1319.78,Electra Amsterdam Original 3i Ladies' - 2017
1017,3,100,1,489.99,0.2,489.79,Electra Townie 3i EQ (20-inch) - Boys' - 2017
1017,4,18,2,449,0.2,897.8,Pure Cycles Western 3-Speed - Women's - 2015/2016
1017,5,77,2,799.99,0.1,1599.88,Electra Glam Punk 3i Ladies' - 2017
1018,1,76,2,299.99,0.07,599.91,"Electra Girl's Hawaii 1 16"" - 2017"
1018,2,97,2,349.99,0.1,699.88,Electra Savannah 3i (20-inch) - Girl's - 2017
1018,3,91,1,349.99,0.2,349.79,Trek Precaliber 24 (21-Speed) - Girls - 2017
1019,1,30,1,999.99,0.1,999.89,Surly Ice Cream Truck Frameset - 2017
1019,2,52,1,875.99,0.2,875.79,Surly Steamroller - 2017
1019,3,37,1,379.99,0.05,379.94,Haro Flightline One ST - 2017
1019,4,93,2,209.99,0.2,419.78,Haro Shredder 20 Girls - 2017
1020,1,20,2,599.99,0.05,1199.93,Electra Townie Original 7D EQ - Women's - 2016
1020,2,69,2,416.99,0.05,833.93,Sun Bicycles Cruz 7 - 2017
1020,3,15,1,529.99,0.07,529.92,Electra Moto 1 - 2016
1020,4,57,2,1999.99,0.1,3999.88,Trek Emonda S 5 - 2017
1020,5,40,2,4999.99,0.05,9999.93,Trek Fuel EX 9.8 29 - 2017
1021,1,49,2,3499.99,0.07,6999.91,Trek Domane SL 6 - 2017
1021,2,23,2,299.99,0.07,599.91,Electra Girl's Hawaii 1 (20-inch) - 2015/2016
1022,1,33,1,469.99,0.2,469.79,Surly Wednesday Frameset - 2017
1022,2,46,1,1409.99,0.1,1409.89,Haro SR 1.3 - 2017
1022,3,65,1,346.99,0.07,346.92,Sun Bicycles Lil Bolt Type-R - 2017
1022,4,5,1,1320.99,0.07,1320.92,Heller Shagamaw Frame - 2016
1023,1,91,1,349.99,0.07,349.92,Trek Precaliber 24 (21-Speed) - Girls - 2017
1023,2,43,2,5299.99,0.1,10599.88,Trek Fuel EX 9.8 27.5 Plus - 2017
1024,1,104,1,481.99,0.2,481.79,Sun Bicycles Streamway - 2017
1024,2,28,2,2499.99,0.05,4999.93,Surly Karate Monkey 27.5+ Frameset - 2017
1024,3,98,2,489.99,0.2,979.78,Electra Straight 8 3i (20-inch) - Boy's - 2017
1024,4,96,2,349.99,0.1,699.88,Electra Moto 3i (20-inch) - Boy's - 2017
1024,5,91,1,349.99,0.2,349.79,Trek Precaliber 24 (21-Speed) - Girls - 2017
1025,1,89,1,209.99,0.07,209.92,Trek Precaliber 16 Boys - 2017
1025,2,102,1,489.99,0.1,489.89,Electra Townie Original 7D - 2017
1025,3,39,1,1499.99,0.1,1499.89,Trek Stache 5 - 2017
1025,4,15,1,529.99,0.05,529.94,Electra Moto 1 - 2016
1025,5,66,2,250.99,0.05,501.93,Sun Bicycles Revolutions 24 - 2017
1026,1,7,2,3999.99,0.07,7999.91,Trek Slash 8 27.5 - 2016
1027,1,95,2,299.99,0.1,599.88,"Electra Girl's Hawaii 1 16"" - 2017"
1027,2,14,2,269.99,0.05,539.93,Electra Girl's Hawaii 1 (16-inch) - 2015/2016
1028,1,111,2,470.99,0.1,941.88,Sun Bicycles Drifter 7 - Women's - 2017
1028,2,10,1,1549,0.2,1548.8,Surly Straggler - 2016
1028,3,41,1,1469.99,0.2,1469.79,Haro Shift R3 - 2017
1028,4,35,2,832.99,0.1,1665.88,Sun Bicycles Spider 3i - 2017
1028,5,108,1,449.99,0.2,449.79,Sun Bicycles Cruz 3 - Women's - 2017
1029,1,20,1,599.99,0.2,599.79,Electra Townie Original 7D EQ - Women's - 2016
1029,2,55,1,2699.99,0.1,2699.89,Trek Domane S 6 - 2017
1029,3,40,1,4999.99,0.2,4999.79,Trek Fuel EX 9.8 29 - 2017
1029,4,68,2,449.99,0.1,899.88,Sun Bicycles Cruz 3 - 2017
1030,1,27,1,999.99,0.05,999.94,Surly Big Dummy Frameset - 2017
1030,2,10,2,1549,0.1,3097.9,Surly Straggler - 2016
1030,3,72,1,619.99,0.1,619.89,Sun Bicycles Biscayne Tandem 7 - 2017
1031,1,27,2,999.99,0.2,1999.78,Surly Big Dummy Frameset - 2017
1031,2,108,2,449.99,0.2,899.78,Sun Bicycles Cruz 3 - Women's - 2017
1032,1,60,2,1559.99,0.1,3119.88,Sun Bicycles ElectroLite - 2017
1032,2,17,1,429,0.1,428.9,Pure Cycles Vine 8-Speed - 2016
1033,1,26,1,599.99,0.07,599.92,Electra Townie Original 7D EQ - 2016
1033,2,109,2,416.99,0.1,833.88,Sun Bicycles Cruz 7 - Women's - 2017
1033,3,27,2,999.99,0.07,1999.91,Surly Big Dummy Frameset - 2017
1034,1,101,1,339.99,0.1,339.89,Electra Townie 7D (20-inch) - Boys' - 2017
1034,2,8,2,1799.99,0.1,3599.88,Trek Remedy 29 Carbon Frameset - 2016
1034,3,11,2,1680.99,0.07,3361.91,Surly Straggler 650b - 2016
1034,4,21,1,269.99,0.05,269.94,Electra Cruiser 1 (24-Inch) - 2016
1035,1,96,1,349.99,0.2,349.79,Electra Moto 3i (20-inch) - Boy's - 2017
1036,1,55,2,2699.99,0.1,5399.88,Trek Domane S 6 - 2017
1036,2,76,1,299.99,0.07,299.92,"Electra Girl's Hawaii 1 16"" - 2017"
1036,3,18,2,449,0.05,897.95,Pure Cycles Western 3-Speed - Women's - 2015/2016
1036,4,65,2,346.99,0.2,693.78,Sun Bicycles Lil Bolt Type-R - 2017
1036,5,12,1,549.99,0.2,549.79,Electra Townie Original 21D - 2016
1037,1,74,2,439.99,0.07,879.91,Electra Cruiser Lux 1 - 2017
1037,2,3,1,999.99,0.07,999.92,Surly Wednesday Frameset - 2016
1037,3,65,2,346.99,0.2,693.78,Sun Bicycles Lil Bolt Type-R - 2017
1037,4,92,1,209.99,0.07,209.92,Haro Shredder 20 - 2017
1037,5,84,2,109.99,0.05,219.93,Sun Bicycles Lil Kitt'n - 2017
1038,1,83,1,149.99,0.05,149.94,Trek Boy's Kickster - 2015/2017
1038,2,9,1,2999.99,0.07,2999.92,Trek Conduit+ - 2016
1039,1,18,2,449,0.2,897.8,Pure Cycles Western 3-Speed - Women's - 2015/2016
1040,1,97,1,349.99,0.1,349.89,Electra Savannah 3i (20-inch) - Girl's - 2017
1040,2,28,2,2499.99,0.2,4999.78,Surly Karate Monkey 27.5+ Frameset - 2017
1040,3,64,1,489.99,0.07,489.92,Electra Townie Original 7D - 2017
1040,4,27,2,999.99,0.07,1999.91,Surly Big Dummy Frameset - 2017
1040,5,8,2,1799.99,0.05,3599.93,Trek Remedy 29 Carbon Frameset - 2016
1041,1,89,1,209.99,0.1,209.89,Trek Precaliber 16 Boys - 2017
1041,2,61,2,4999.99,0.07,9999.91,Trek Powerfly 8 FS Plus - 2017
1041,3,94,2,249.99,0.1,499.88,Haro Shredder Pro 20 - 2017
1042,1,23,1,299.99,0.1,299.89,Electra Girl's Hawaii 1 (20-inch) - 2015/2016
1043,1,55,2,2699.99,0.1,5399.88,Trek Domane S 6 - 2017
1043,2,20,1,599.99,0.07,599.92,Electra Townie Original 7D EQ - Women's - 2016
1044,1,97,2,349.99,0.1,699.88,Electra Savannah 3i (20-inch) - Girl's - 2017
1045,1,28,1,2499.99,0.05,2499.94,Surly Karate Monkey 27.5+ Frameset - 2017
1045,2,104,2,481.99,0.05,963.93,Sun Bicycles Streamway - 2017
1046,1,60,1,1559.99,0.07,1559.92,Sun Bicycles ElectroLite - 2017
1046,2,79,1,402.99,0.07,402.92,Sun Bicycles Boardwalk (24-inch Wheels) - 2017
1046,3,32,1,469.99,0.07,469.92,Trek Farley Alloy Frameset - 2017
1046,4,41,2,1469.99,0.1,2939.88,Haro Shift R3 - 2017
1046,5,17,2,429,0.05,857.95,Pure Cycles Vine 8-Speed - 2016
1047,1,28,2,2499.99,0.1,4999.88,Surly Karate Monkey 27.5+ Frameset - 2017
1047,2,78,1,647.99,0.2,647.79,Sun Bicycles Biscayne Tandem CB - 2017
1047,3,35,1,832.99,0.05,832.94,Sun Bicycles Spider 3i - 2017
1047,4,49,1,3499.99,0.05,3499.94,Trek Domane SL 6 - 2017
1048,1,3,2,999.99,0.1,1999.88,Surly Wednesday Frameset - 2016
1048,2,37,1,379.99,0.1,379.89,Haro Flightline One ST - 2017
1048,3,94,1,249.99,0.05,249.94,Haro Shredder Pro 20 - 2017
1049,1,9,1,2999.99,0.1,2999.89,Trek Conduit+ - 2016
1049,2,36,2,832.99,0.05,1665.93,Surly Troll Frameset - 2017
1049,3,3,1,999.99,0.1,999.89,Surly Wednesday Frameset - 2016
1049,4,26,1,599.99,0.07,599.92,Electra Townie Original 7D EQ - 2016
1049,5,10,2,1549,0.05,3097.95,Surly Straggler - 2016
1050,1,96,2,349.99,0.07,699.91,Electra Moto 3i (20-inch) - Boy's - 2017
1050,2,99,2,299.99,0.1,599.88,Electra Sugar Skulls 1 (20-inch) - Girl's - 2017
1050,3,45,2,869.99,0.2,1739.78,Haro SR 1.2 - 2017
1050,4,14,2,269.99,0.2,539.78,Electra Girl's Hawaii 1 (16-inch) - 2015/2016
1051,1,46,1,1409.99,0.2,1409.79,Haro SR 1.3 - 2017
1052,1,7,1,3999.99,0.05,3999.94,Trek Slash 8 27.5 - 2016
1052,2,103,1,551.99,0.05,551.94,Sun Bicycles Streamway 3 - 2017
1052,3,26,2,599.99,0.07,1199.91,Electra Townie Original 7D EQ - 2016
1053,1,49,2,3499.99,0.05,6999.93,Trek Domane SL 6 - 2017
1053,2,26,2,599.99,0.2,1199.78,Electra Townie Original 7D EQ - 2016
1053,3,23,2,299.99,0.2,599.78,Electra Girl's Hawaii 1 (20-inch) - 2015/2016
1053,4,68,1,449.99,0.1,449.89,Sun Bicycles Cruz 3 - 2017
1053,5,73,2,749.99,0.05,1499.93,Sun Bicycles Brickell Tandem 7 - 2017
1054,1,36,2,832.99,0.1,1665.88,Surly Troll Frameset - 2017
1054,2,16,1,599.99,0.05,599.94,Electra Townie Original 7D EQ - 2016
1055,1,43,2,5299.99,0.07,10599.91,Trek Fuel EX 9.8 27.5 Plus - 2017
1055,2,101,2,339.99,0.2,679.78,Electra Townie 7D (20-inch) - Boys' - 2017
1055,3,12,2,549.99,0.1,1099.88,Electra Townie Original 21D - 2016
1055,4,83,2,149.99,0.1,299.88,Trek Boy's Kickster - 2015/2017
1055,5,60,1,1559.99,0.2,1559.79,Sun Bicycles ElectroLite - 2017
1056,1,3,1,999.99,0.05,999.94,Surly Wednesday Frameset - 2016
1057,1,105,1,533.99,0.2,533.79,Sun Bicycles Streamway 7 - 2017
1057,2,97,1,349.99,0.05,349.94,Electra Savannah 3i (20-inch) - Girl's - 2017
1057,3,98,2,489.99,0.05,979.93,Electra Straight 8 3i (20-inch) - Boy's - 2017
1058,1,43,1,5299.99,0.1,5299.89,Trek Fuel EX 9.8 27.5 Plus - 2017
1058,2,29,2,999.99,0.05,1999.93,Trek X-Caliber 8 - 2017
1058,3,103,1,551.99,0.07,551.92,Sun Bicycles Streamway 3 - 2017
1059,1,46,2,1409.99,0.05,2819.93,Haro SR 1.3 - 2017
1059,2,7,1,3999.99,0.1,3999.89,Trek Slash 8 27.5 - 2016
1059,3,13,1,269.99,0.07,269.92,Electra Cruiser 1 (24-Inch) - 2016
1060,1,7,1,3999.99,0.07,3999.92,Trek Slash 8 27.5 - 2016
1060,2,11,2,1680.99,0.07,3361.91,Surly Straggler 650b - 2016
1060,3,61,2,4999.99,0.1,9999.88,Trek Powerfly 8 FS Plus - 2017
1060,4,30,2,999.99,0.05,1999.93,Surly Ice Cream Truck Frameset - 2017
1061,1,14,1,269.99,0.07,269.92,Electra Girl's Hawaii 1 (16-inch) - 2015/2016
1061,2,19,1,449,0.1,448.9,Pure Cycles William 3-Speed - 2016
1062,1,13,1,269.99,0.05,269.94,Electra Cruiser 1 (24-Inch) - 2016
1062,2,111,2,470.99,0.2,941.78,Sun Bicycles Drifter 7 - Women's - 2017
1062,3,5,1,1320.99,0.05,1320.94,Heller Shagamaw Frame - 2016
1062,4,12,1,549.99,0.2,549.79,Electra Townie Original 21D - 2016
1063,1,33,2,469.99,0.1,939.88,Surly Wednesday Frameset - 2017
1063,2,100,2,489.99,0.07,979.91,Electra Townie 3i EQ (20-inch) - Boys' - 2017
1063,3,72,2,619.99,0.2,1239.78,Sun Bicycles Biscayne Tandem 7 - 2017
1064,1,18,1,449,0.07,448.93,Pure Cycles Western 3-Speed - Women's - 2015/2016
1064,2,49,1,3499.99,0.1,3499.89,Trek Domane SL 6 - 2017
1065,1,48,2,1499.99,0.07,2999.91,Trek Emonda S 4 - 2017
1065,2,103,2,551.99,0.05,1103.93,Sun Bicycles Streamway 3 - 2017
1065,3,63,1,3499.99,0.07,3499.92,Trek Boone Race Shop Limited - 2017
1066,1,15,2,529.99,0.05,1059.93,Electra Moto 1 - 2016
1066,2,46,1,1409.99,0.1,1409.89,Haro SR 1.3 - 2017
1066,3,12,1,549.99,0.1,549.89,Electra Townie Original 21D - 2016
1067,1,74,2,439.99,0.07,879.91,Electra Cruiser Lux 1 - 2017
1067,2,9,2,2999.99,0.2,5999.78,Trek Conduit+ - 2016
1067,3,72,2,619.99,0.1,1239.88,Sun Bicycles Biscayne Tandem 7 - 2017
1067,4,6,2,469.99,0.2,939.78,Surly Ice Cream Truck Frameset - 2016
1068,1,87,2,189.99,0.2,379.78,Trek Precaliber 12 Boys - 2017
1068,2,82,1,659.99,0.2,659.79,Electra Amsterdam Original 3i Ladies' - 2017
1068,3,49,2,3499.99,0.2,6999.78,Trek Domane SL 6 - 2017
1068,4,45,2,869.99,0.2,1739.78,Haro SR 1.2 - 2017
1069,1,109,1,416.99,0.07,416.92,Sun Bicycles Cruz 7 - Women's - 2017
1069,2,93,1,209.99,0.1,209.89,Haro Shredder 20 Girls - 2017
1070,1,110,1,470.99,0.2,470.79,Sun Bicycles Drifter 7 - 2017
1070,2,18,2,449,0.1,897.9,Pure Cycles Western 3-Speed - Women's - 2015/2016
1070,3,94,1,249.99,0.05,249.94,Haro Shredder Pro 20 - 2017
1071,1,25,2,499.99,0.2,999.78,Electra Townie Original 7D - 2015/2016
1072,1,83,1,149.99,0.2,149.79,Trek Boy's Kickster - 2015/2017
1072,2,89,2,209.99,0.07,419.91,Trek Precaliber 16 Boys - 2017
1072,3,36,2,832.99,0.07,1665.91,Surly Troll Frameset - 2017
1073,1,81,1,1099.99,0.2,1099.79,Electra Amsterdam Fashion 7i Ladies' - 2017
1073,2,13,1,269.99,0.07,269.92,Electra Cruiser 1 (24-Inch) - 2016
1073,3,20,1,599.99,0.2,599.79,Electra Townie Original 7D EQ - Women's - 2016
1074,1,59,1,2599.99,0.1,2599.89,Trek Domane S 5 Disc - 2017
1074,2,87,1,189.99,0.07,189.92,Trek Precaliber 12 Boys - 2017
1074,3,89,2,209.99,0.1,419.88,Trek Precaliber 16 Boys - 2017
1075,1,48,2,1499.99,0.1,2999.88,Trek Emonda S 4 - 2017
1075,2,111,2,470.99,0.05,941.93,Sun Bicycles Drifter 7 - Women's - 2017
1076,1,95,1,299.99,0.1,299.89,"Electra Girl's Hawaii 1 16"" - 2017"
1076,2,102,1,489.99,0.07,489.92,Electra Townie Original 7D - 2017
1076,3,73,2,749.99,0.07,1499.91,Sun Bicycles Brickell Tandem 7 - 2017
1077,1,60,2,1559.99,0.05,3119.93,Sun Bicycles ElectroLite - 2017
1078,1,76,2,299.99,0.07,599.91,"Electra Girl's Hawaii 1 16"" - 2017"
1078,2,60,2,1559.99,0.2,3119.78,Sun Bicycles ElectroLite - 2017
1078,3,15,1,529.99,0.07,529.92,Electra Moto 1 - 2016
1078,4,10,2,1549,0.1,3097.9,Surly Straggler - 2016
1078,5,72,2,619.99,0.2,1239.78,Sun Bicycles Biscayne Tandem 7 - 2017
1079,1,70,2,659.99,0.07,1319.91,Electra Amsterdam Original 3i - 2015/2017
1080,1,31,1,1632.99,0.2,1632.79,Surly Wednesday - 2017
1080,2,40,1,4999.99,0.1,4999.89,Trek Fuel EX 9.8 29 - 2017
1080,3,50,1,5999.99,0.05,5999.94,Trek Silque SLR 7 Women's - 2017
1080,4,32,2,469.99,0.2,939.78,Trek Farley Alloy Frameset - 2017
1080,5,86,1,149.99,0.05,149.94,Trek Girl's Kickster - 2017
1081,1,52,2,875.99,0.1,1751.88,Surly Steamroller - 2017
1082,1,29,2,999.99,0.2,1999.78,Trek X-Caliber 8 - 2017
1083,1,65,2,346.99,0.2,693.78,Sun Bicycles Lil Bolt Type-R - 2017
1083,2,77,2,799.99,0.1,1599.88,Electra Glam Punk 3i Ladies' - 2017
1083,3,61,1,4999.99,0.07,4999.92,Trek Powerfly 8 FS Plus - 2017
1083,4,33,1,469.99,0.2,469.79,Surly Wednesday Frameset - 2017
1084,1,30,1,999.99,0.05,999.94,Surly Ice Cream Truck Frameset - 2017
1084,2,70,1,659.99,0.05,659.94,Electra Amsterdam Original 3i - 2015/2017
1084,3,98,2,489.99,0.2,979.78,Electra Straight 8 3i (20-inch) - Boy's - 2017
1084,4,65,2,346.99,0.07,693.91,Sun Bicycles Lil Bolt Type-R - 2017
1084,5,60,1,1559.99,0.1,1559.89,Sun Bicycles ElectroLite - 2017
1085,1,66,2,250.99,0.2,501.78,Sun Bicycles Revolutions 24 - 2017
1085,2,64,1,489.99,0.1,489.89,Electra Townie Original 7D - 2017
1085,3,74,1,439.99,0.1,439.89,Electra Cruiser Lux 1 - 2017
1086,1,108,1,449.99,0.07,449.92,Sun Bicycles Cruz 3 - Women's - 2017
1086,2,67,1,250.99,0.1,250.89,Sun Bicycles Revolutions 24 - Girl's - 2017
1086,3,81,2,1099.99,0.05,2199.93,Electra Amsterdam Fashion 7i Ladies' - 2017
1086,4,10,2,1549,0.07,3097.93,Surly Straggler - 2016
1086,5,5,1,1320.99,0.2,1320.79,Heller Shagamaw Frame - 2016
1087,1,15,1,529.99,0.07,529.92,Electra Moto 1 - 2016
1087,2,102,2,489.99,0.07,979.91,Electra Townie Original 7D - 2017
1087,3,59,2,2599.99,0.1,5199.88,Trek Domane S 5 Disc - 2017
1087,4,13,2,269.99,0.07,539.91,Electra Cruiser 1 (24-Inch) - 2016
1087,5,109,2,416.99,0.2,833.78,Sun Bicycles Cruz 7 - Women's - 2017
1088,1,64,1,489.99,0.1,489.89,Electra Townie Original 7D - 2017
1088,2,30,1,999.99,0.1,999.89,Surly Ice Cream Truck Frameset - 2017
1088,3,33,1,469.99,0.07,469.92,Surly Wednesday Frameset - 2017
1088,4,36,2,832.99,0.2,1665.78,Surly Troll Frameset - 2017
1089,1,70,2,659.99,0.07,1319.91,Electra Amsterdam Original 3i - 2015/2017
1089,2,30,2,999.99,0.05,1999.93,Surly Ice Cream Truck Frameset - 2017
1090,1,74,1,439.99,0.2,439.79,Electra Cruiser Lux 1 - 2017
1091,1,97,1,349.99,0.05,349.94,Electra Savannah 3i (20-inch) - Girl's - 2017
1091,2,56,1,5499.99,0.1,5499.89,Trek Domane SLR 6 Disc - 2017
1091,3,19,1,449,0.1,448.9,Pure Cycles William 3-Speed - 2016
1092,1,34,1,469.99,0.05,469.94,Trek Session DH 27.5 Carbon Frameset - 2017
1092,2,30,2,999.99,0.07,1999.91,Surly Ice Cream Truck Frameset - 2017
1092,3,2,2,749.99,0.1,1499.88,Ritchey Timberwolf Frameset - 2016
1092,4,18,1,449,0.2,448.8,Pure Cycles Western 3-Speed - Women's - 2015/2016
1093,1,45,2,869.99,0.07,1739.91,Haro SR 1.2 - 2017
1093,2,17,2,429,0.1,857.9,Pure Cycles Vine 8-Speed - 2016
1093,3,90,2,209.99,0.1,419.88,Trek Precaliber 16 Girls - 2017
1094,1,71,1,416.99,0.1,416.89,Sun Bicycles Atlas X-Type - 2017
1094,2,11,1,1680.99,0.1,1680.89,Surly Straggler 650b - 2016
1094,3,24,1,549.99,0.1,549.89,Electra Townie Original 21D - 2016
1094,4,107,1,416.99,0.2,416.79,Sun Bicycles Cruz 7 - 2017
1095,1,78,2,647.99,0.05,1295.93,Sun Bicycles Biscayne Tandem CB - 2017
1095,2,3,2,999.99,0.2,1999.78,Surly Wednesday Frameset - 2016
1095,3,15,2,529.99,0.1,1059.88,Electra Moto 1 - 2016
1095,4,31,1,1632.99,0.2,1632.79,Surly Wednesday - 2017
1095,5,50,2,5999.99,0.05,11999.93,Trek Silque SLR 7 Women's - 2017
1096,1,11,1,1680.99,0.1,1680.89,Surly Straggler 650b - 2016
1097,1,99,1,299.99,0.05,299.94,Electra Sugar Skulls 1 (20-inch) - Girl's - 2017
1097,2,106,2,449.99,0.07,899.91,Sun Bicycles Cruz 3 - 2017
1097,3,98,2,489.99,0.07,979.91,Electra Straight 8 3i (20-inch) - Boy's - 2017
1097,4,19,1,449,0.2,448.8,Pure Cycles William 3-Speed - 2016
1097,5,35,2,832.99,0.05,1665.93,Sun Bicycles Spider 3i - 2017
1098,1,88,1,189.99,0.1,189.89,Trek Precaliber 12 Girls - 2017
1099,1,64,1,489.99,0.1,489.89,Electra Townie Original 7D - 2017
1099,2,13,2,269.99,0.05,539.93,Electra Cruiser 1 (24-Inch) - 2016
1099,3,46,1,1409.99,0.07,1409.92,Haro SR 1.3 - 2017
1099,4,89,2,209.99,0.1,419.88,Trek Precaliber 16 Boys - 2017
1100,1,12,1,549.99,0.05,549.94,Electra Townie Original 21D - 2016
1100,2,9,2,2999.99,0.1,5999.88,Trek Conduit+ - 2016
1101,1,105,1,533.99,0.07,533.92,Sun Bicycles Streamway 7 - 2017
1101,2,51,1,6499.99,0.05,6499.94,Trek Silque SLR 8 Women's - 2017
1102,1,91,1,349.99,0.07,349.92,Trek Precaliber 24 (21-Speed) - Girls - 2017
1103,1,106,1,449.99,0.2,449.79,Sun Bicycles Cruz 3 - 2017
1103,2,46,2,1409.99,0.2,2819.78,Haro SR 1.3 - 2017
1104,1,17,1,429,0.1,428.9,Pure Cycles Vine 8-Speed - 2016
1104,2,70,2,659.99,0.1,1319.88,Electra Amsterdam Original 3i - 2015/2017
1104,3,43,1,5299.99,0.07,5299.92,Trek Fuel EX 9.8 27.5 Plus - 2017
1104,4,80,1,761.99,0.07,761.92,Sun Bicycles Brickell Tandem CB - 2017
1105,1,60,1,1559.99,0.05,1559.94,Sun Bicycles ElectroLite - 2017
1105,2,56,2,5499.99,0.2,10999.78,Trek Domane SLR 6 Disc - 2017
1105,3,35,2,832.99,0.07,1665.91,Sun Bicycles Spider 3i - 2017
1106,1,96,1,349.99,0.1,349.89,Electra Moto 3i (20-inch) - Boy's - 2017
1107,1,43,1,5299.99,0.2,5299.79,Trek Fuel EX 9.8 27.5 Plus - 2017
1107,2,41,2,1469.99,0.2,2939.78,Haro Shift R3 - 2017
1108,1,45,2,869.99,0.05,1739.93,Haro SR 1.2 - 2017
1108,2,100,1,489.99,0.07,489.92,Electra Townie 3i EQ (20-inch) - Boys' - 2017
1108,3,105,1,533.99,0.07,533.92,Sun Bicycles Streamway 7 - 2017
1109,1,72,2,619.99,0.1,1239.88,Sun Bicycles Biscayne Tandem 7 - 2017
1110,1,56,1,5499.99,0.1,5499.89,Trek Domane SLR 6 Disc - 2017
1111,1,95,1,299.99,0.05,299.94,"Electra Girl's Hawaii 1 16"" - 2017"
1111,2,66,2,250.99,0.1,501.88,Sun Bicycles Revolutions 24 - 2017
1111,3,14,1,269.99,0.2,269.79,Electra Girl's Hawaii 1 (16-inch) - 2015/2016
1111,4,24,1,549.99,0.07,549.92,Electra Townie Original 21D - 2016
1112,1,71,2,416.99,0.05,833.93,Sun Bicycles Atlas X-Type - 2017
1112,2,42,1,2299.99,0.07,2299.92,Trek Fuel EX 5 27.5 Plus - 2017
1112,3,5,2,1320.99,0.1,2641.88,Heller Shagamaw Frame - 2016
1112,4,87,2,189.99,0.07,379.91,Trek Precaliber 12 Boys - 2017
1112,5,9,2,2999.99,0.1,5999.88,Trek Conduit+ - 2016
1113,1,106,1,449.99,0.07,449.92,Sun Bicycles Cruz 3 - 2017
1114,1,52,1,875.99,0.2,875.79,Surly Steamroller - 2017
1115,1,97,2,349.99,0.2,699.78,Electra Savannah 3i (20-inch) - Girl's - 2017
1115,2,50,2,5999.99,0.07,11999.91,Trek Silque SLR 7 Women's - 2017
1115,3,91,2,349.99,0.07,699.91,Trek Precaliber 24 (21-Speed) - Girls - 2017
1115,4,49,2,3499.99,0.1,6999.88,Trek Domane SL 6 - 2017
1116,1,11,2,1680.99,0.07,3361.91,Surly Straggler 650b - 2016
1117,1,37,2,379.99,0.1,759.88,Haro Flightline One ST - 2017
1117,2,91,1,349.99,0.2,349.79,Trek Precaliber 24 (21-Speed) - Girls - 2017
1117,3,51,2,6499.99,0.1,12999.88,Trek Silque SLR 8 Women's - 2017
1118,1,55,2,2699.99,0.2,5399.78,Trek Domane S 6 - 2017
1118,2,50,1,5999.99,0.07,5999.92,Trek Silque SLR 7 Women's - 2017
1118,3,29,1,999.99,0.05,999.94,Trek X-Caliber 8 - 2017
1118,4,47,2,5299.99,0.2,10599.78,Trek Remedy 9.8 - 2017
1119,1,93,2,209.99,0.1,419.88,Haro Shredder 20 Girls - 2017
1119,2,55,2,2699.99,0.05,5399.93,Trek Domane S 6 - 2017
1119,3,104,1,481.99,0.2,481.79,Sun Bicycles Streamway - 2017
1120,1,92,2,209.99,0.07,419.91,Haro Shredder 20 - 2017
1120,2,31,1,1632.99,0.07,1632.92,Surly Wednesday - 2017
1120,3,30,2,999.99,0.05,1999.93,Surly Ice Cream Truck Frameset - 2017
1120,4,93,1,209.99,0.07,209.92,Haro Shredder 20 Girls - 2017
1120,5,94,1,249.99,0.2,249.79,Haro Shredder Pro 20 - 2017
1121,1,11,2,1680.99,0.1,3361.88,Surly Straggler 650b - 2016
1121,2,110,2,470.99,0.05,941.93,Sun Bicycles Drifter 7 - 2017
1122,1,9,2,2999.99,0.07,5999.91,Trek Conduit+ - 2016
1122,2,53,1,749.99,0.1,749.89,Surly Ogre Frameset - 2017
1122,3,49,2,3499.99,0.2,6999.78,Trek Domane SL 6 - 2017
1122,4,41,2,1469.99,0.05,2939.93,Haro Shift R3 - 2017
1122,5,72,1,619.99,0.1,619.89,Sun Bicycles Biscayne Tandem 7 - 2017
1123,1,65,2,346.99,0.07,693.91,Sun Bicycles Lil Bolt Type-R - 2017
1123,2,61,2,4999.99,0.1,9999.88,Trek Powerfly 8 FS Plus - 2017
1124,1,7,2,3999.99,0.1,7999.88,Trek Slash 8 27.5 - 2016
1124,2,6,1,469.99,0.1,469.89,Surly Ice Cream Truck Frameset - 2016
1124,3,109,2,416.99,0.07,833.91,Sun Bicycles Cruz 7 - Women's - 2017
1124,4,45,2,869.99,0.05,1739.93,Haro SR 1.2 - 2017
1124,5,2,2,749.99,0.05,1499.93,Ritchey Timberwolf Frameset - 2016
1125,1,16,2,599.99,0.05,1199.93,Electra Townie Original 7D EQ - 2016
1125,2,21,1,269.99,0.1,269.89,Electra Cruiser 1 (24-Inch) - 2016
1125,3,81,2,1099.99,0.07,2199.91,Electra Amsterdam Fashion 7i Ladies' - 2017
1125,4,24,1,549.99,0.07,549.92,Electra Townie Original 21D - 2016
1125,5,32,2,469.99,0.07,939.91,Trek Farley Alloy Frameset - 2017
1126,1,33,2,469.99,0.1,939.88,Surly Wednesday Frameset - 2017
1126,2,58,1,4999.99,0.2,4999.79,Trek Madone 9.2 - 2017
1126,3,89,2,209.99,0.05,419.93,Trek Precaliber 16 Boys - 2017
1127,1,23,2,299.99,0.1,599.88,Electra Girl's Hawaii 1 (20-inch) - 2015/2016
1127,2,96,2,349.99,0.07,699.91,Electra Moto 3i (20-inch) - Boy's - 2017
1127,3,37,1,379.99,0.2,379.79,Haro Flightline One ST - 2017
1128,1,44,1,539.99,0.05,539.94,Haro SR 1.1 - 2017
1128,2,10,1,1549,0.2,1548.8,Surly Straggler - 2016
1128,3,65,2,346.99,0.05,693.93,Sun Bicycles Lil Bolt Type-R - 2017
1129,1,71,2,416.99,0.2,833.78,Sun Bicycles Atlas X-Type - 2017
1129,2,56,1,5499.99,0.2,5499.79,Trek Domane SLR 6 Disc - 2017
1129,3,61,2,4999.99,0.05,9999.93,Trek Powerfly 8 FS Plus - 2017
1130,1,54,2,3199.99,0.2,6399.78,Trek Domane SL Disc Frameset - 2017
1131,1,60,2,1559.99,0.07,3119.91,Sun Bicycles ElectroLite - 2017
1131,2,103,2,551.99,0.05,1103.93,Sun Bicycles Streamway 3 - 2017
1132,1,43,1,5299.99,0.05,5299.94,Trek Fuel EX 9.8 27.5 Plus - 2017
1132,2,10,1,1549,0.1,1548.9,Surly Straggler - 2016
1132,3,36,2,832.99,0.1,1665.88,Surly Troll Frameset - 2017
1132,4,16,1,599.99,0.05,599.94,Electra Townie Original 7D EQ - 2016
1133,1,4,2,2899.99,0.05,5799.93,Trek Fuel EX 8 29 - 2016
1133,2,17,1,429,0.07,428.93,Pure Cycles Vine 8-Speed - 2016
1133,3,90,2,209.99,0.2,419.78,Trek Precaliber 16 Girls - 2017
1133,4,62,1,3499.99,0.2,3499.79,Trek Boone 7 - 2017
1134,1,97,1,349.99,0.1,349.89,Electra Savannah 3i (20-inch) - Girl's - 2017
1134,2,36,1,832.99,0.1,832.89,Surly Troll Frameset - 2017
1135,1,101,2,339.99,0.05,679.93,Electra Townie 7D (20-inch) - Boys' - 2017
1135,2,51,1,6499.99,0.1,6499.89,Trek Silque SLR 8 Women's - 2017
1136,1,105,1,533.99,0.1,533.89,Sun Bicycles Streamway 7 - 2017
1137,1,28,1,2499.99,0.2,2499.79,Surly Karate Monkey 27.5+ Frameset - 2017
1137,2,58,2,4999.99,0.2,9999.78,Trek Madone 9.2 - 2017
1137,3,84,2,109.99,0.2,219.78,Sun Bicycles Lil Kitt'n - 2017
1137,4,69,2,416.99,0.07,833.91,Sun Bicycles Cruz 7 - 2017
1138,1,13,2,269.99,0.05,539.93,Electra Cruiser 1 (24-Inch) - 2016
1138,2,105,2,533.99,0.05,1067.93,Sun Bicycles Streamway 7 - 2017
1138,3,93,1,209.99,0.1,209.89,Haro Shredder 20 Girls - 2017
1139,1,106,2,449.99,0.05,899.93,Sun Bicycles Cruz 3 - 2017
1139,2,44,2,539.99,0.1,1079.88,Haro SR 1.1 - 2017
1139,3,69,1,416.99,0.05,416.94,Sun Bicycles Cruz 7 - 2017
1139,4,25,2,499.99,0.1,999.88,Electra Townie Original 7D - 2015/2016
1139,5,7,1,3999.99,0.1,3999.89,Trek Slash 8 27.5 - 2016
1140,1,39,2,1499.99,0.1,2999.88,Trek Stache 5 - 2017
1140,2,71,2,416.99,0.07,833.91,Sun Bicycles Atlas X-Type - 2017
1140,3,38,2,549.99,0.1,1099.88,Haro Flightline Two 26 Plus - 2017
1140,4,40,2,4999.99,0.07,9999.91,Trek Fuel EX 9.8 29 - 2017
1141,1,8,1,1799.99,0.1,1799.89,Trek Remedy 29 Carbon Frameset - 2016
1142,1,20,2,599.99,0.07,1199.91,Electra Townie Original 7D EQ - Women's - 2016
1142,2,30,1,999.99,0.1,999.89,Surly Ice Cream Truck Frameset - 2017
1142,3,109,2,416.99,0.05,833.93,Sun Bicycles Cruz 7 - Women's - 2017
1142,4,108,2,449.99,0.2,899.78,Sun Bicycles Cruz 3 - Women's - 2017
1142,5,100,2,489.99,0.05,979.93,Electra Townie 3i EQ (20-inch) - Boys' - 2017
1143,1,99,1,299.99,0.2,299.79,Electra Sugar Skulls 1 (20-inch) - Girl's - 2017
1143,2,48,1,1499.99,0.2,1499.79,Trek Emonda S 4 - 2017
1143,3,69,2,416.99,0.1,833.88,Sun Bicycles Cruz 7 - 2017
1144,1,88,1,189.99,0.07,189.92,Trek Precaliber 12 Girls - 2017
1145,1,105,2,533.99,0.07,1067.91,Sun Bicycles Streamway 7 - 2017
1146,1,36,1,832.99,0.07,832.92,Surly Troll Frameset - 2017
1146,2,64,1,489.99,0.2,489.79,Electra Townie Original 7D - 2017
1146,3,11,1,1680.99,0.2,1680.79,Surly Straggler 650b - 2016
1147,1,82,1,659.99,0.2,659.79,Electra Amsterdam Original 3i Ladies' - 2017
1147,2,39,2,1499.99,0.05,2999.93,Trek Stache 5 - 2017
1148,1,82,1,659.99,0.07,659.92,Electra Amsterdam Original 3i Ladies' - 2017
1148,2,22,1,269.99,0.07,269.92,Electra Girl's Hawaii 1 (16-inch) - 2015/2016
1148,3,77,2,799.99,0.05,1599.93,Electra Glam Punk 3i Ladies' - 2017
1148,4,94,2,249.99,0.1,499.88,Haro Shredder Pro 20 - 2017
1149,1,98,2,489.99,0.07,979.91,Electra Straight 8 3i (20-inch) - Boy's - 2017
1149,2,48,1,1499.99,0.05,1499.94,Trek Emonda S 4 - 2017
1149,3,58,1,4999.99,0.05,4999.94,Trek Madone 9.2 - 2017
1149,4,85,1,329.99,0.2,329.79,Haro Downtown 16 - 2017
1149,5,94,1,249.99,0.1,249.89,Haro Shredder Pro 20 - 2017
1150,1,29,1,999.99,0.05,999.94,Trek X-Caliber 8 - 2017
1150,2,91,1,349.99,0.05,349.94,Trek Precaliber 24 (21-Speed) - Girls - 2017
1150,3,104,2,481.99,0.07,963.91,Sun Bicycles Streamway - 2017
1150,4,21,2,269.99,0.1,539.88,Electra Cruiser 1 (24-Inch) - 2016
1151,1,30,2,999.99,0.05,1999.93,Surly Ice Cream Truck Frameset - 2017
1152,1,58,1,4999.99,0.07,4999.92,Trek Madone 9.2 - 2017
1152,2,91,2,349.99,0.2,699.78,Trek Precaliber 24 (21-Speed) - Girls - 2017
1152,3,24,1,549.99,0.05,549.94,Electra Townie Original 21D - 2016
1153,1,103,1,551.99,0.1,551.89,Sun Bicycles Streamway 3 - 2017
1153,2,6,2,469.99,0.05,939.93,Surly Ice Cream Truck Frameset - 2016
1154,1,17,1,429,0.2,428.8,Pure Cycles Vine 8-Speed - 2016
1154,2,60,1,1559.99,0.07,1559.92,Sun Bicycles ElectroLite - 2017
1154,3,67,2,250.99,0.2,501.78,Sun Bicycles Revolutions 24 - Girl's - 2017
1155,1,68,2,449.99,0.05,899.93,Sun Bicycles Cruz 3 - 2017
1155,2,6,2,469.99,0.1,939.88,Surly Ice Cream Truck Frameset - 2016
1155,3,35,1,832.99,0.07,832.92,Sun Bicycles Spider 3i - 2017
1155,4,77,2,799.99,0.05,1599.93,Electra Glam Punk 3i Ladies' - 2017
1156,1,111,2,470.99,0.05,941.93,Sun Bicycles Drifter 7 - Women's - 2017
1156,2,86,1,149.99,0.05,149.94,Trek Girl's Kickster - 2017
1157,1,20,1,599.99,0.1,599.89,Electra Townie Original 7D EQ - Women's - 2016
1157,2,31,2,1632.99,0.1,3265.88,Surly Wednesday - 2017
1157,3,37,2,379.99,0.2,759.78,Haro Flightline One ST - 2017
1157,4,41,1,1469.99,0.07,1469.92,Haro Shift R3 - 2017
1158,1,95,2,299.99,0.1,599.88,"Electra Girl's Hawaii 1 16"" - 2017"
1158,2,74,1,439.99,0.07,439.92,Electra Cruiser Lux 1 - 2017
1159,1,12,2,549.99,0.1,1099.88,Electra Townie Original 21D - 2016
1160,1,41,1,1469.99,0.1,1469.89,Haro Shift R3 - 2017
1160,2,9,1,2999.99,0.2,2999.79,Trek Conduit+ - 2016
1161,1,71,2,416.99,0.1,833.88,Sun Bicycles Atlas X-Type - 2017
1161,2,38,1,549.99,0.07,549.92,Haro Flightline Two 26 Plus - 2017
1161,3,22,1,269.99,0.2,269.79,Electra Girl's Hawaii 1 (16-inch) - 2015/2016
1161,4,29,2,999.99,0.1,1999.88,Trek X-Caliber 8 - 2017
1162,1,88,1,189.99,0.2,189.79,Trek Precaliber 12 Girls - 2017
1162,2,40,2,4999.99,0.2,9999.78,Trek Fuel EX 9.8 29 - 2017
1162,3,86,1,149.99,0.1,149.89,Trek Girl's Kickster - 2017
1162,4,41,1,1469.99,0.05,1469.94,Haro Shift R3 - 2017
1162,5,12,2,549.99,0.05,1099.93,Electra Townie Original 21D - 2016
1163,1,63,2,3499.99,0.05,6999.93,Trek Boone Race Shop Limited - 2017
1163,2,53,2,749.99,0.1,1499.88,Surly Ogre Frameset - 2017
1164,1,8,1,1799.99,0.2,1799.79,Trek Remedy 29 Carbon Frameset - 2016
1164,2,78,1,647.99,0.05,647.94,Sun Bicycles Biscayne Tandem CB - 2017
1164,3,103,2,551.99,0.05,1103.93,Sun Bicycles Streamway 3 - 2017
1164,4,44,2,539.99,0.05,1079.93,Haro SR 1.1 - 2017
1165,1,65,2,346.99,0.07,693.91,Sun Bicycles Lil Bolt Type-R - 2017
1165,2,68,1,449.99,0.07,449.92,Sun Bicycles Cruz 3 - 2017
1166,1,103,2,551.99,0.07,1103.91,Sun Bicycles Streamway 3 - 2017
1167,1,29,2,999.99,0.05,1999.93,Trek X-Caliber 8 - 2017
1167,2,81,2,1099.99,0.1,2199.88,Electra Amsterdam Fashion 7i Ladies' - 2017
1167,3,68,1,449.99,0.07,449.92,Sun Bicycles Cruz 3 - 2017
1168,1,23,2,299.99,0.1,599.88,Electra Girl's Hawaii 1 (20-inch) - 2015/2016
1168,2,82,1,659.99,0.2,659.79,Electra Amsterdam Original 3i Ladies' - 2017
1168,3,51,1,6499.99,0.07,6499.92,Trek Silque SLR 8 Women's - 2017
1168,4,107,2,416.99,0.2,833.78,Sun Bicycles Cruz 7 - 2017
1168,5,15,2,529.99,0.05,1059.93,Electra Moto 1 - 2016
1169,1,91,2,349.99,0.2,699.78,Trek Precaliber 24 (21-Speed) - Girls - 2017
1169,2,51,1,6499.99,0.05,6499.94,Trek Silque SLR 8 Women's - 2017
1169,3,58,2,4999.99,0.1,9999.88,Trek Madone 9.2 - 2017
1169,4,81,2,1099.99,0.2,2199.78,Electra Amsterdam Fashion 7i Ladies' - 2017
1170,1,15,1,529.99,0.1,529.89,Electra Moto 1 - 2016
1170,2,47,2,5299.99,0.05,10599.93,Trek Remedy 9.8 - 2017
1170,3,62,2,3499.99,0.1,6999.88,Trek Boone 7 - 2017
1171,1,94,2,249.99,0.2,499.78,Haro Shredder Pro 20 - 2017
1171,2,92,2,209.99,0.07,419.91,Haro Shredder 20 - 2017
1171,3,10,2,1549,0.07,3097.93,Surly Straggler - 2016
1172,1,78,2,647.99,0.07,1295.91,Sun Bicycles Biscayne Tandem CB - 2017
1172,2,104,1,481.99,0.2,481.79,Sun Bicycles Streamway - 2017
1173,1,95,1,299.99,0.2,299.79,"Electra Girl's Hawaii 1 16"" - 2017"
1173,2,17,1,429,0.07,428.93,Pure Cycles Vine 8-Speed - 2016
1173,3,68,1,449.99,0.05,449.94,Sun Bicycles Cruz 3 - 2017
1173,4,103,2,551.99,0.2,1103.78,Sun Bicycles Streamway 3 - 2017
1174,1,110,2,470.99,0.2,941.78,Sun Bicycles Drifter 7 - 2017
1174,2,6,1,469.99,0.07,469.92,Surly Ice Cream Truck Frameset - 2016
1174,3,106,1,449.99,0.1,449.89,Sun Bicycles Cruz 3 - 2017
1175,1,58,2,4999.99,0.07,9999.91,Trek Madone 9.2 - 2017
1175,2,65,1,346.99,0.2,346.79,Sun Bicycles Lil Bolt Type-R - 2017
1175,3,20,1,599.99,0.05,599.94,Electra Townie Original 7D EQ - Women's - 2016
1175,4,3,1,999.99,0.05,999.94,Surly Wednesday Frameset - 2016
1175,5,9,1,2999.99,0.05,2999.94,Trek Conduit+ - 2016
1176,1,87,1,189.99,0.1,189.89,Trek Precaliber 12 Boys - 2017
1177,1,62,2,3499.99,0.07,6999.91,Trek Boone 7 - 2017
1177,2,74,1,439.99,0.1,439.89,Electra Cruiser Lux 1 - 2017
1178,1,46,1,1409.99,0.07,1409.92,Haro SR 1.3 - 2017
1178,2,77,1,799.99,0.2,799.79,Electra Glam Punk 3i Ladies' - 2017
1178,3,108,1,449.99,0.05,449.94,Sun Bicycles Cruz 3 - Women's - 2017
1178,4,13,2,269.99,0.05,539.93,Electra Cruiser 1 (24-Inch) - 2016
1179,1,93,2,209.99,0.05,419.93,Haro Shredder 20 Girls - 2017
1179,2,88,2,189.99,0.05,379.93,Trek Precaliber 12 Girls - 2017
1179,3,33,2,469.99,0.2,939.78,Surly Wednesday Frameset - 2017
1179,4,50,1,5999.99,0.07,5999.92,Trek Silque SLR 7 Women's - 2017
1180,1,66,2,250.99,0.07,501.91,Sun Bicycles Revolutions 24 - 2017
1181,1,98,1,489.99,0.1,489.89,Electra Straight 8 3i (20-inch) - Boy's - 2017
1182,1,35,1,832.99,0.1,832.89,Sun Bicycles Spider 3i - 2017
1182,2,49,2,3499.99,0.1,6999.88,Trek Domane SL 6 - 2017
1183,1,63,1,3499.99,0.2,3499.79,Trek Boone Race Shop Limited - 2017
1183,2,80,2,761.99,0.2,1523.78,Sun Bicycles Brickell Tandem CB - 2017
1183,3,6,2,469.99,0.05,939.93,Surly Ice Cream Truck Frameset - 2016
1184,1,16,2,599.99,0.05,1199.93,Electra Townie Original 7D EQ - 2016
1184,2,71,1,416.99,0.05,416.94,Sun Bicycles Atlas X-Type - 2017
1185,1,19,2,449,0.07,897.93,Pure Cycles William 3-Speed - 2016
1185,2,21,1,269.99,0.07,269.92,Electra Cruiser 1 (24-Inch) - 2016
1185,3,63,2,3499.99,0.1,6999.88,Trek Boone Race Shop Limited - 2017
1185,4,80,1,761.99,0.2,761.79,Sun Bicycles Brickell Tandem CB - 2017
1186,1,48,2,1499.99,0.1,2999.88,Trek Emonda S 4 - 2017
1186,2,49,1,3499.99,0.07,3499.92,Trek Domane SL 6 - 2017
1186,3,106,1,449.99,0.1,449.89,Sun Bicycles Cruz 3 - 2017
1186,4,27,1,999.99,0.2,999.79,Surly Big Dummy Frameset - 2017
1187,1,36,2,832.99,0.1,1665.88,Surly Troll Frameset - 2017
1187,2,79,1,402.99,0.07,402.92,Sun Bicycles Boardwalk (24-inch Wheels) - 2017
1187,3,4,1,2899.99,0.1,2899.89,Trek Fuel EX 8 29 - 2016
1187,4,53,2,749.99,0.1,1499.88,Surly Ogre Frameset - 2017
1188,1,66,2,250.99,0.1,501.88,Sun Bicycles Revolutions 24 - 2017
1188,2,91,2,349.99,0.2,699.78,Trek Precaliber 24 (21-Speed) - Girls - 2017
1188,3,87,2,189.99,0.1,379.88,Trek Precaliber 12 Boys - 2017
1189,1,55,1,2699.99,0.07,2699.92,Trek Domane S 6 - 2017
1189,2,102,2,489.99,0.1,979.88,Electra Townie Original 7D - 2017
1189,3,40,2,4999.99,0.1,9999.88,Trek Fuel EX 9.8 29 - 2017
1190,1,71,1,416.99,0.07,416.92,Sun Bicycles Atlas X-Type - 2017
1191,1,40,2,4999.99,0.1,9999.88,Trek Fuel EX 9.8 29 - 2017
1191,2,89,2,209.99,0.1,419.88,Trek Precaliber 16 Boys - 2017
1191,3,100,1,489.99,0.07,489.92,Electra Townie 3i EQ (20-inch) - Boys' - 2017
1192,1,24,2,549.99,0.1,1099.88,Electra Townie Original 21D - 2016
1192,2,88,2,189.99,0.07,379.91,Trek Precaliber 12 Girls - 2017
1192,3,37,2,379.99,0.2,759.78,Haro Flightline One ST - 2017
1193,1,83,2,149.99,0.05,299.93,Trek Boy's Kickster - 2015/2017
1193,2,27,1,999.99,0.05,999.94,Surly Big Dummy Frameset - 2017
1194,1,71,1,416.99,0.05,416.94,Sun Bicycles Atlas X-Type - 2017
1194,2,7,2,3999.99,0.07,7999.91,Trek Slash 8 27.5 - 2016
1194,3,105,2,533.99,0.1,1067.88,Sun Bicycles Streamway 7 - 2017
1194,4,84,1,109.99,0.05,109.94,Sun Bicycles Lil Kitt'n - 2017
1195,1,52,1,875.99,0.07,875.92,Surly Steamroller - 2017
1196,1,53,1,749.99,0.07,749.92,Surly Ogre Frameset - 2017
1197,1,13,1,269.99,0.07,269.92,Electra Cruiser 1 (24-Inch) - 2016
1197,2,108,2,449.99,0.05,899.93,Sun Bicycles Cruz 3 - Women's - 2017
1197,3,9,2,2999.99,0.05,5999.93,Trek Conduit+ - 2016
1197,4,106,2,449.99,0.2,899.78,Sun Bicycles Cruz 3 - 2017
1198,1,105,1,533.99,0.05,533.94,Sun Bicycles Streamway 7 - 2017
1199,1,32,1,469.99,0.05,469.94,Trek Farley Alloy Frameset - 2017
1199,2,94,2,249.99,0.07,499.91,Haro Shredder Pro 20 - 2017
1199,3,109,2,416.99,0.1,833.88,Sun Bicycles Cruz 7 - Women's - 2017
1200,1,42,2,2299.99,0.2,4599.78,Trek Fuel EX 5 27.5 Plus - 2017
1201,1,95,1,299.99,0.07,299.92,"Electra Girl's Hawaii 1 16"" - 2017"
1201,2,13,1,269.99,0.05,269.94,Electra Cruiser 1 (24-Inch) - 2016
1201,3,26,1,599.99,0.2,599.79,Electra Townie Original 7D EQ - 2016
1201,4,17,2,429,0.05,857.95,Pure Cycles Vine 8-Speed - 2016
1201,5,19,2,449,0.2,897.8,Pure Cycles William 3-Speed - 2016
1202,1,84,2,109.99,0.05,219.93,Sun Bicycles Lil Kitt'n - 2017
1203,1,6,2,469.99,0.07,939.91,Surly Ice Cream Truck Frameset - 2016
1203,2,55,1,2699.99,0.05,2699.94,Trek Domane S 6 - 2017
1204,1,37,2,379.99,0.07,759.91,Haro Flightline One ST - 2017
1205,1,105,2,533.99,0.2,1067.78,Sun Bicycles Streamway 7 - 2017
1205,2,46,2,1409.99,0.2,2819.78,Haro SR 1.3 - 2017
1205,3,71,1,416.99,0.05,416.94,Sun Bicycles Atlas X-Type - 2017
1205,4,79,2,402.99,0.07,805.91,Sun Bicycles Boardwalk (24-inch Wheels) - 2017
1205,5,92,1,209.99,0.1,209.89,Haro Shredder 20 - 2017
1206,1,73,1,749.99,0.07,749.92,Sun Bicycles Brickell Tandem 7 - 2017
1206,2,29,1,999.99,0.2,999.79,Trek X-Caliber 8 - 2017
1207,1,104,1,481.99,0.05,481.94,Sun Bicycles Streamway - 2017
1207,2,103,1,551.99,0.1,551.89,Sun Bicycles Streamway 3 - 2017
1207,3,23,1,299.99,0.07,299.92,Electra Girl's Hawaii 1 (20-inch) - 2015/2016
1208,1,12,1,549.99,0.2,549.79,Electra Townie Original 21D - 2016
1208,2,65,2,346.99,0.07,693.91,Sun Bicycles Lil Bolt Type-R - 2017
1208,3,86,2,149.99,0.2,299.78,Trek Girl's Kickster - 2017
1208,4,13,2,269.99,0.1,539.88,Electra Cruiser 1 (24-Inch) - 2016
1208,5,87,1,189.99,0.07,189.92,Trek Precaliber 12 Boys - 2017
1209,1,89,1,209.99,0.07,209.92,Trek Precaliber 16 Boys - 2017
1209,2,97,1,349.99,0.05,349.94,Electra Savannah 3i (20-inch) - Girl's - 2017
1210,1,26,1,599.99,0.1,599.89,Electra Townie Original 7D EQ - 2016
1210,2,6,2,469.99,0.07,939.91,Surly Ice Cream Truck Frameset - 2016
1210,3,78,2,647.99,0.05,1295.93,Sun Bicycles Biscayne Tandem CB - 2017
1210,4,84,1,109.99,0.1,109.89,Sun Bicycles Lil Kitt'n - 2017
1210,5,35,2,832.99,0.05,1665.93,Sun Bicycles Spider 3i - 2017
1211,1,15,2,529.99,0.2,1059.78,Electra Moto 1 - 2016
1211,2,59,1,2599.99,0.05,2599.94,Trek Domane S 5 Disc - 2017
1211,3,92,1,209.99,0.2,209.79,Haro Shredder 20 - 2017
1211,4,93,1,209.99,0.1,209.89,Haro Shredder 20 Girls - 2017
1211,5,108,2,449.99,0.2,899.78,Sun Bicycles Cruz 3 - Women's - 2017
1212,1,74,1,439.99,0.1,439.89,Electra Cruiser Lux 1 - 2017
1212,2,37,2,379.99,0.07,759.91,Haro Flightline One ST - 2017
1212,3,39,2,1499.99,0.05,2999.93,Trek Stache 5 - 2017
1212,4,68,2,449.99,0.07,899.91,Sun Bicycles Cruz 3 - 2017
1213,1,64,2,489.99,0.07,979.91,Electra Townie Original 7D - 2017
1213,2,78,1,647.99,0.07,647.92,Sun Bicycles Biscayne Tandem CB - 2017
1213,3,102,2,489.99,0.1,979.88,Electra Townie Original 7D - 2017
1213,4,15,1,529.99,0.05,529.94,Electra Moto 1 - 2016
1214,1,9,2,2999.99,0.05,5999.93,Trek Conduit+ - 2016
1214,2,7,1,3999.99,0.2,3999.79,Trek Slash 8 27.5 - 2016
1214,3,22,1,269.99,0.05,269.94,Electra Girl's Hawaii 1 (16-inch) - 2015/2016
1214,4,77,2,799.99,0.1,1599.88,Electra Glam Punk 3i Ladies' - 2017
1214,5,67,2,250.99,0.2,501.78,Sun Bicycles Revolutions 24 - Girl's - 2017
1215,1,73,2,749.99,0.1,1499.88,Sun Bicycles Brickell Tandem 7 - 2017
1215,2,10,2,1549,0.07,3097.93,Surly Straggler - 2016
1216,1,64,2,489.99,0.1,979.88,Electra Townie Original 7D - 2017
1216,2,54,1,3199.99,0.05,3199.94,Trek Domane SL Disc Frameset - 2017
1216,3,19,1,449,0.2,448.8,Pure Cycles William 3-Speed - 2016
1216,4,110,2,470.99,0.07,941.91,Sun Bicycles Drifter 7 - 2017
1216,5,43,1,5299.99,0.1,5299.89,Trek Fuel EX 9.8 27.5 Plus - 2017
1217,1,73,1,749.99,0.05,749.94,Sun Bicycles Brickell Tandem 7 - 2017
1217,2,106,2,449.99,0.05,899.93,Sun Bicycles Cruz 3 - 2017
1218,1,32,1,469.99,0.07,469.92,Trek Farley Alloy Frameset - 2017
1218,2,102,2,489.99,0.05,979.93,Electra Townie Original 7D - 2017
1219,1,17,2,429,0.07,857.93,Pure Cycles Vine 8-Speed - 2016
1219,2,62,2,3499.99,0.1,6999.88,Trek Boone 7 - 2017
1219,3,40,2,4999.99,0.2,9999.78,Trek Fuel EX 9.8 29 - 2017
1220,1,47,2,5299.99,0.1,10599.88,Trek Remedy 9.8 - 2017
1220,2,49,1,3499.99,0.2,3499.79,Trek Domane SL 6 - 2017
1220,3,85,2,329.99,0.2,659.78,Haro Downtown 16 - 2017
1221,1,100,1,489.99,0.05,489.94,Electra Townie 3i EQ (20-inch) - Boys' - 2017
1221,2,81,2,1099.99,0.05,2199.93,Electra Amsterdam Fashion 7i Ladies' - 2017
1221,3,42,2,2299.99,0.1,4599.88,Trek Fuel EX 5 27.5 Plus - 2017
1221,4,38,2,549.99,0.1,1099.88,Haro Flightline Two 26 Plus - 2017
1221,5,97,2,349.99,0.07,699.91,Electra Savannah 3i (20-inch) - Girl's - 2017
1222,1,97,1,349.99,0.2,349.79,Electra Savannah 3i (20-inch) - Girl's - 2017
1223,1,103,1,551.99,0.05,551.94,Sun Bicycles Streamway 3 - 2017
1224,1,62,1,3499.99,0.07,3499.92,Trek Boone 7 - 2017
1224,2,51,1,6499.99,0.1,6499.89,Trek Silque SLR 8 Women's - 2017
1224,3,108,1,449.99,0.05,449.94,Sun Bicycles Cruz 3 - Women's - 2017
1224,4,32,1,469.99,0.2,469.79,Trek Farley Alloy Frameset - 2017
1225,1,81,1,1099.99,0.1,1099.89,Electra Amsterdam Fashion 7i Ladies' - 2017
1225,2,59,2,2599.99,0.1,5199.88,Trek Domane S 5 Disc - 2017
1225,3,6,2,469.99,0.1,939.88,Surly Ice Cream Truck Frameset - 2016
1226,1,77,2,799.99,0.05,1599.93,Electra Glam Punk 3i Ladies' - 2017
1226,2,101,1,339.99,0.2,339.79,Electra Townie 7D (20-inch) - Boys' - 2017
1226,3,11,2,1680.99,0.07,3361.91,Surly Straggler 650b - 2016
1226,4,51,1,6499.99,0.07,6499.92,Trek Silque SLR 8 Women's - 2017
1226,5,42,1,2299.99,0.1,2299.89,Trek Fuel EX 5 27.5 Plus - 2017
1227,1,90,2,209.99,0.2,419.78,Trek Precaliber 16 Girls - 2017
1227,2,44,1,539.99,0.07,539.92,Haro SR 1.1 - 2017
1227,3,26,1,599.99,0.05,599.94,Electra Townie Original 7D EQ - 2016
1227,4,8,1,1799.99,0.07,1799.92,Trek Remedy 29 Carbon Frameset - 2016
1227,5,42,2,2299.99,0.2,4599.78,Trek Fuel EX 5 27.5 Plus - 2017
1228,1,92,1,209.99,0.2,209.79,Haro Shredder 20 - 2017
1228,2,55,2,2699.99,0.2,5399.78,Trek Domane S 6 - 2017
1228,3,20,2,599.99,0.05,1199.93,Electra Townie Original 7D EQ - Women's - 2016
1229,1,36,2,832.99,0.07,1665.91,Surly Troll Frameset - 2017
1229,2,61,2,4999.99,0.1,9999.88,Trek Powerfly 8 FS Plus - 2017
1230,1,32,2,469.99,0.1,939.88,Trek Farley Alloy Frameset - 2017
1230,2,38,2,549.99,0.07,1099.91,Haro Flightline Two 26 Plus - 2017
1231,1,75,2,599.99,0.05,1199.93,Electra Cruiser Lux Fat Tire 1 Ladies - 2017
1231,2,70,1,659.99,0.07,659.92,Electra Amsterdam Original 3i - 2015/2017
1232,1,4,2,2899.99,0.07,5799.91,Trek Fuel EX 8 29 - 2016
1232,2,110,2,470.99,0.05,941.93,Sun Bicycles Drifter 7 - 2017
1232,3,6,2,469.99,0.2,939.78,Surly Ice Cream Truck Frameset - 2016
1233,1,87,2,189.99,0.2,379.78,Trek Precaliber 12 Boys - 2017
1233,2,61,2,4999.99,0.1,9999.88,Trek Powerfly 8 FS Plus - 2017
1233,3,55,1,2699.99,0.2,2699.79,Trek Domane S 6 - 2017
1234,1,56,2,5499.99,0.07,10999.91,Trek Domane SLR 6 Disc - 2017
1234,2,71,2,416.99,0.07,833.91,Sun Bicycles Atlas X-Type - 2017
1235,1,7,1,3999.99,0.1,3999.89,Trek Slash 8 27.5 - 2016
1236,1,60,1,1559.99,0.07,1559.92,Sun Bicycles ElectroLite - 2017
1236,2,32,2,469.99,0.05,939.93,Trek Farley Alloy Frameset - 2017
1236,3,91,1,349.99,0.1,349.89,Trek Precaliber 24 (21-Speed) - Girls - 2017
1237,1,23,1,299.99,0.1,299.89,Electra Girl's Hawaii 1 (20-inch) - 2015/2016
1237,2,87,2,189.99,0.1,379.88,Trek Precaliber 12 Boys - 2017
1237,3,95,2,299.99,0.2,599.78,"Electra Girl's Hawaii 1 16"" - 2017"
1237,4,55,2,2699.99,0.07,5399.91,Trek Domane S 6 - 2017
1237,5,25,1,499.99,0.07,499.92,Electra Townie Original 7D - 2015/2016
1238,1,40,1,4999.99,0.1,4999.89,Trek Fuel EX 9.8 29 - 2017
1238,2,14,1,269.99,0.1,269.89,Electra Girl's Hawaii 1 (16-inch) - 2015/2016
1238,3,99,2,299.99,0.2,599.78,Electra Sugar Skulls 1 (20-inch) - Girl's - 2017
1238,4,101,1,339.99,0.1,339.89,Electra Townie 7D (20-inch) - Boys' - 2017
1239,1,15,2,529.99,0.2,1059.78,Electra Moto 1 - 2016
1239,2,91,1,349.99,0.1,349.89,Trek Precaliber 24 (21-Speed) - Girls - 2017
1239,3,34,2,469.99,0.1,939.88,Trek Session DH 27.5 Carbon Frameset - 2017
1239,4,36,1,832.99,0.05,832.94,Surly Troll Frameset - 2017
1240,1,107,2,416.99,0.1,833.88,Sun Bicycles Cruz 7 - 2017
1240,2,23,2,299.99,0.05,599.93,Electra Girl's Hawaii 1 (20-inch) - 2015/2016
1240,3,15,2,529.99,0.2,1059.78,Electra Moto 1 - 2016
1240,4,77,2,799.99,0.05,1599.93,Electra Glam Punk 3i Ladies' - 2017
1240,5,57,1,1999.99,0.05,1999.94,Trek Emonda S 5 - 2017
1241,1,74,1,439.99,0.05,439.94,Electra Cruiser Lux 1 - 2017
1241,2,71,2,416.99,0.05,833.93,Sun Bicycles Atlas X-Type - 2017
1242,1,94,1,249.99,0.05,249.94,Haro Shredder Pro 20 - 2017
1242,2,27,1,999.99,0.07,999.92,Surly Big Dummy Frameset - 2017
1242,3,10,1,1549,0.07,1548.93,Surly Straggler - 2016
1242,4,70,1,659.99,0.2,659.79,Electra Amsterdam Original 3i - 2015/2017
1243,1,44,1,539.99,0.07,539.92,Haro SR 1.1 - 2017
1244,1,45,1,869.99,0.2,869.79,Haro SR 1.2 - 2017
1244,2,38,2,549.99,0.07,1099.91,Haro Flightline Two 26 Plus - 2017
1244,3,33,1,469.99,0.07,469.92,Surly Wednesday Frameset - 2017
1244,4,37,2,379.99,0.1,759.88,Haro Flightline One ST - 2017
1245,1,13,1,269.99,0.1,269.89,Electra Cruiser 1 (24-Inch) - 2016
1246,1,78,2,647.99,0.2,1295.78,Sun Bicycles Biscayne Tandem CB - 2017
1246,2,46,1,1409.99,0.05,1409.94,Haro SR 1.3 - 2017
1246,3,45,2,869.99,0.07,1739.91,Haro SR 1.2 - 2017
1247,1,15,2,529.99,0.1,1059.88,Electra Moto 1 - 2016
1247,2,28,2,2499.99,0.1,4999.88,Surly Karate Monkey 27.5+ Frameset - 2017
1247,3,26,1,599.99,0.05,599.94,Electra Townie Original 7D EQ - 2016
1248,1,94,2,249.99,0.05,499.93,Haro Shredder Pro 20 - 2017
1248,2,33,2,469.99,0.1,939.88,Surly Wednesday Frameset - 2017
1248,3,92,1,209.99,0.1,209.89,Haro Shredder 20 - 2017
1248,4,12,1,549.99,0.05,549.94,Electra Townie Original 21D - 2016
1249,1,62,1,3499.99,0.05,3499.94,Trek Boone 7 - 2017
1249,2,104,1,481.99,0.05,481.94,Sun Bicycles Streamway - 2017
1249,3,61,1,4999.99,0.2,4999.79,Trek Powerfly 8 FS Plus - 2017
1250,1,78,2,647.99,0.05,1295.93,Sun Bicycles Biscayne Tandem CB - 2017
1250,2,66,2,250.99,0.1,501.88,Sun Bicycles Revolutions 24 - 2017
1250,3,20,2,599.99,0.05,1199.93,Electra Townie Original 7D EQ - Women's - 2016
1250,4,6,2,469.99,0.1,939.88,Surly Ice Cream Truck Frameset - 2016
1251,1,40,2,4999.99,0.1,9999.88,Trek Fuel EX 9.8 29 - 2017
1251,2,56,1,5499.99,0.07,5499.92,Trek Domane SLR 6 Disc - 2017
1251,3,7,1,3999.99,0.07,3999.92,Trek Slash 8 27.5 - 2016
1252,1,79,1,402.99,0.2,402.79,Sun Bicycles Boardwalk (24-inch Wheels) - 2017
1252,2,84,1,109.99,0.2,109.79,Sun Bicycles Lil Kitt'n - 2017
1252,3,57,2,1999.99,0.05,3999.93,Trek Emonda S 5 - 2017
1253,1,25,2,499.99,0.1,999.88,Electra Townie Original 7D - 2015/2016
1253,2,21,1,269.99,0.07,269.92,Electra Cruiser 1 (24-Inch) - 2016
1253,3,88,1,189.99,0.2,189.79,Trek Precaliber 12 Girls - 2017
1254,1,80,1,761.99,0.2,761.79,Sun Bicycles Brickell Tandem CB - 2017
1254,2,91,1,349.99,0.2,349.79,Trek Precaliber 24 (21-Speed) - Girls - 2017
1255,1,43,2,5299.99,0.2,10599.78,Trek Fuel EX 9.8 27.5 Plus - 2017
1255,2,53,1,749.99,0.05,749.94,Surly Ogre Frameset - 2017
1255,3,14,2,269.99,0.2,539.78,Electra Girl's Hawaii 1 (16-inch) - 2015/2016
1255,4,26,2,599.99,0.05,1199.93,Electra Townie Original 7D EQ - 2016
1255,5,82,1,659.99,0.05,659.94,Electra Amsterdam Original 3i Ladies' - 2017
1256,1,44,2,539.99,0.2,1079.78,Haro SR 1.1 - 2017
1256,2,100,1,489.99,0.1,489.89,Electra Townie 3i EQ (20-inch) - Boys' - 2017
1257,1,30,2,999.99,0.05,1999.93,Surly Ice Cream Truck Frameset - 2017
1257,2,61,1,4999.99,0.05,4999.94,Trek Powerfly 8 FS Plus - 2017
1257,3,17,2,429,0.1,857.9,Pure Cycles Vine 8-Speed - 2016
1257,4,41,1,1469.99,0.05,1469.94,Haro Shift R3 - 2017
1257,5,4,1,2899.99,0.1,2899.89,Trek Fuel EX 8 29 - 2016
1258,1,94,2,249.99,0.1,499.88,Haro Shredder Pro 20 - 2017
1258,2,99,2,299.99,0.05,599.93,Electra Sugar Skulls 1 (20-inch) - Girl's - 2017
1259,1,60,1,1559.99,0.1,1559.89,Sun Bicycles ElectroLite - 2017
1259,2,19,1,449,0.2,448.8,Pure Cycles William 3-Speed - 2016
1260,1,8,1,1799.99,0.1,1799.89,Trek Remedy 29 Carbon Frameset - 2016
1260,2,66,1,250.99,0.1,250.89,Sun Bicycles Revolutions 24 - 2017
1261,1,73,1,749.99,0.2,749.79,Sun Bicycles Brickell Tandem 7 - 2017
1261,2,88,2,189.99,0.2,379.78,Trek Precaliber 12 Girls - 2017
1261,3,100,1,489.99,0.05,489.94,Electra Townie 3i EQ (20-inch) - Boys' - 2017
1261,4,42,1,2299.99,0.1,2299.89,Trek Fuel EX 5 27.5 Plus - 2017
1262,1,37,1,379.99,0.07,379.92,Haro Flightline One ST - 2017
1262,2,52,1,875.99,0.05,875.94,Surly Steamroller - 2017
1262,3,43,2,5299.99,0.07,10599.91,Trek Fuel EX 9.8 27.5 Plus - 2017
1262,4,77,1,799.99,0.07,799.92,Electra Glam Punk 3i Ladies' - 2017
1263,1,45,1,869.99,0.2,869.79,Haro SR 1.2 - 2017
1263,2,62,1,3499.99,0.05,3499.94,Trek Boone 7 - 2017
1263,3,19,2,449,0.1,897.9,Pure Cycles William 3-Speed - 2016
1264,1,101,1,339.99,0.07,339.92,Electra Townie 7D (20-inch) - Boys' - 2017
1264,2,77,2,799.99,0.07,1599.91,Electra Glam Punk 3i Ladies' - 2017
1264,3,29,2,999.99,0.2,1999.78,Trek X-Caliber 8 - 2017
1264,4,52,1,875.99,0.05,875.94,Surly Steamroller - 2017
1265,1,41,2,1469.99,0.1,2939.88,Haro Shift R3 - 2017
1265,2,72,2,619.99,0.07,1239.91,Sun Bicycles Biscayne Tandem 7 - 2017
1266,1,90,1,209.99,0.2,209.79,Trek Precaliber 16 Girls - 2017
1266,2,48,1,1499.99,0.2,1499.79,Trek Emonda S 4 - 2017
1267,1,45,1,869.99,0.1,869.89,Haro SR 1.2 - 2017
1267,2,27,1,999.99,0.07,999.92,Surly Big Dummy Frameset - 2017
1267,3,108,1,449.99,0.2,449.79,Sun Bicycles Cruz 3 - Women's - 2017
1267,4,95,1,299.99,0.05,299.94,"Electra Girl's Hawaii 1 16"" - 2017"
1268,1,68,2,449.99,0.07,899.91,Sun Bicycles Cruz 3 - 2017
1268,2,87,2,189.99,0.07,379.91,Trek Precaliber 12 Boys - 2017
1268,3,59,2,2599.99,0.2,5199.78,Trek Domane S 5 Disc - 2017
1268,4,100,1,489.99,0.07,489.92,Electra Townie 3i EQ (20-inch) - Boys' - 2017
1269,1,4,2,2899.99,0.2,5799.78,Trek Fuel EX 8 29 - 2016
1269,2,7,1,3999.99,0.2,3999.79,Trek Slash 8 27.5 - 2016
1269,3,111,1,470.99,0.1,470.89,Sun Bicycles Drifter 7 - Women's - 2017
1270,1,54,1,3199.99,0.2,3199.79,Trek Domane SL Disc Frameset - 2017
1271,1,25,2,499.99,0.1,999.88,Electra Townie Original 7D - 2015/2016
1271,2,50,2,5999.99,0.07,11999.91,Trek Silque SLR 7 Women's - 2017
1271,3,87,2,189.99,0.07,379.91,Trek Precaliber 12 Boys - 2017
1271,4,32,2,469.99,0.07,939.91,Trek Farley Alloy Frameset - 2017
1272,1,16,2,599.99,0.2,1199.78,Electra Townie Original 7D EQ - 2016
1272,2,71,2,416.99,0.1,833.88,Sun Bicycles Atlas X-Type - 2017
1272,3,86,1,149.99,0.07,149.92,Trek Girl's Kickster - 2017
1273,1,95,2,299.99,0.07,599.91,"Electra Girl's Hawaii 1 16"" - 2017"
1273,2,20,1,599.99,0.07,599.92,Electra Townie Original 7D EQ - Women's - 2016
1273,3,58,1,4999.99,0.2,4999.79,Trek Madone 9.2 - 2017
1274,1,81,1,1099.99,0.1,1099.89,Electra Amsterdam Fashion 7i Ladies' - 2017
1275,1,58,1,4999.99,0.07,4999.92,Trek Madone 9.2 - 2017
1275,2,30,1,999.99,0.1,999.89,Surly Ice Cream Truck Frameset - 2017
1276,1,18,2,449,0.2,897.8,Pure Cycles Western 3-Speed - Women's - 2015/2016
1276,2,58,1,4999.99,0.2,4999.79,Trek Madone 9.2 - 2017
1276,3,42,1,2299.99,0.05,2299.94,Trek Fuel EX 5 27.5 Plus - 2017
1276,4,24,2,549.99,0.2,1099.78,Electra Townie Original 21D - 2016
1276,5,78,2,647.99,0.2,1295.78,Sun Bicycles Biscayne Tandem CB - 2017
1277,1,56,2,5499.99,0.2,10999.78,Trek Domane SLR 6 Disc - 2017
1277,2,93,2,209.99,0.05,419.93,Haro Shredder 20 Girls - 2017
1277,3,9,2,2999.99,0.1,5999.88,Trek Conduit+ - 2016
1277,4,4,1,2899.99,0.1,2899.89,Trek Fuel EX 8 29 - 2016
1277,5,11,1,1680.99,0.2,1680.79,Surly Straggler 650b - 2016
1278,1,103,2,551.99,0.1,1103.88,Sun Bicycles Streamway 3 - 2017
1278,2,32,1,469.99,0.1,469.89,Trek Farley Alloy Frameset - 2017
1279,1,9,2,2999.99,0.05,5999.93,Trek Conduit+ - 2016
1280,1,72,2,619.99,0.07,1239.91,Sun Bicycles Biscayne Tandem 7 - 2017
1280,2,74,1,439.99,0.05,439.94,Electra Cruiser Lux 1 - 2017
1280,3,52,1,875.99,0.07,875.92,Surly Steamroller - 2017
1280,4,63,1,3499.99,0.2,3499.79,Trek Boone Race Shop Limited - 2017
1281,1,36,1,832.99,0.05,832.94,Surly Troll Frameset - 2017
1281,2,49,2,3499.99,0.05,6999.93,Trek Domane SL 6 - 2017
1281,3,75,1,599.99,0.05,599.94,Electra Cruiser Lux Fat Tire 1 Ladies - 2017
1282,1,111,1,470.99,0.05,470.94,Sun Bicycles Drifter 7 - Women's - 2017
1282,2,50,2,5999.99,0.2,11999.78,Trek Silque SLR 7 Women's - 2017
1283,1,61,2,4999.99,0.05,9999.93,Trek Powerfly 8 FS Plus - 2017
1283,2,81,1,1099.99,0.2,1099.79,Electra Amsterdam Fashion 7i Ladies' - 2017
1283,3,7,1,3999.99,0.1,3999.89,Trek Slash 8 27.5 - 2016
1283,4,32,1,469.99,0.1,469.89,Trek Farley Alloy Frameset - 2017
1283,5,11,1,1680.99,0.2,1680.79,Surly Straggler 650b - 2016
1284,1,101,1,339.99,0.07,339.92,Electra Townie 7D (20-inch) - Boys' - 2017
1284,2,8,1,1799.99,0.05,1799.94,Trek Remedy 29 Carbon Frameset - 2016
1284,3,4,2,2899.99,0.05,5799.93,Trek Fuel EX 8 29 - 2016
1285,1,78,2,647.99,0.07,1295.91,Sun Bicycles Biscayne Tandem CB - 2017
1285,2,93,1,209.99,0.1,209.89,Haro Shredder 20 Girls - 2017
1285,3,69,2,416.99,0.2,833.78,Sun Bicycles Cruz 7 - 2017
1285,4,6,1,469.99,0.1,469.89,Surly Ice Cream Truck Frameset - 2016
1286,1,109,2,416.99,0.2,833.78,Sun Bicycles Cruz 7 - Women's - 2017
1286,2,81,2,1099.99,0.07,2199.91,Electra Amsterdam Fashion 7i Ladies' - 2017
1286,3,87,1,189.99,0.07,189.92,Trek Precaliber 12 Boys - 2017
1287,1,27,2,999.99,0.2,1999.78,Surly Big Dummy Frameset - 2017
1287,2,62,2,3499.99,0.1,6999.88,Trek Boone 7 - 2017
1287,3,103,1,551.99,0.1,551.89,Sun Bicycles Streamway 3 - 2017
1287,4,100,2,489.99,0.05,979.93,Electra Townie 3i EQ (20-inch) - Boys' - 2017
1288,1,73,1,749.99,0.2,749.79,Sun Bicycles Brickell Tandem 7 - 2017
1288,2,64,2,489.99,0.2,979.78,Electra Townie Original 7D - 2017
1288,3,62,2,3499.99,0.1,6999.88,Trek Boone 7 - 2017
1288,4,17,2,429,0.07,857.93,Pure Cycles Vine 8-Speed - 2016
1289,1,89,1,209.99,0.05,209.94,Trek Precaliber 16 Boys - 2017
1289,2,3,1,999.99,0.1,999.89,Surly Wednesday Frameset - 2016
1290,1,75,2,599.99,0.05,1199.93,Electra Cruiser Lux Fat Tire 1 Ladies - 2017
1290,2,36,1,832.99,0.05,832.94,Surly Troll Frameset - 2017
1290,3,92,2,209.99,0.1,419.88,Haro Shredder 20 - 2017
1291,1,57,1,1999.99,0.1,1999.89,Trek Emonda S 5 - 2017
1291,2,58,2,4999.99,0.05,9999.93,Trek Madone 9.2 - 2017
1292,1,70,1,659.99,0.07,659.92,Electra Amsterdam Original 3i - 2015/2017
1293,1,88,2,189.99,0.1,379.88,Trek Precaliber 12 Girls - 2017
1293,2,74,2,439.99,0.05,879.93,Electra Cruiser Lux 1 - 2017
1293,3,38,2,549.99,0.07,1099.91,Haro Flightline Two 26 Plus - 2017
1294,1,95,2,299.99,0.05,599.93,"Electra Girl's Hawaii 1 16"" - 2017"
1294,2,44,1,539.99,0.05,539.94,Haro SR 1.1 - 2017
1295,1,5,2,1320.99,0.2,2641.78,Heller Shagamaw Frame - 2016
1295,2,61,1,4999.99,0.2,4999.79,Trek Powerfly 8 FS Plus - 2017
1295,3,52,1,875.99,0.05,875.94,Surly Steamroller - 2017
1296,1,25,2,499.99,0.05,999.93,Electra Townie Original 7D - 2015/2016
1296,2,90,1,209.99,0.1,209.89,Trek Precaliber 16 Girls - 2017
1296,3,16,1,599.99,0.05,599.94,Electra Townie Original 7D EQ - 2016
1296,4,2,2,749.99,0.1,1499.88,Ritchey Timberwolf Frameset - 2016
1297,1,104,2,481.99,0.07,963.91,Sun Bicycles Streamway - 2017
1297,2,43,1,5299.99,0.05,5299.94,Trek Fuel EX 9.8 27.5 Plus - 2017
1297,3,51,2,6499.99,0.05,12999.93,Trek Silque SLR 8 Women's - 2017
1298,1,59,1,2599.99,0.05,2599.94,Trek Domane S 5 Disc - 2017
1298,2,110,2,470.99,0.07,941.91,Sun Bicycles Drifter 7 - 2017
1299,1,14,2,269.99,0.1,539.88,Electra Girl's Hawaii 1 (16-inch) - 2015/2016
1299,2,101,1,339.99,0.05,339.94,Electra Townie 7D (20-inch) - Boys' - 2017
1299,3,75,1,599.99,0.05,599.94,Electra Cruiser Lux Fat Tire 1 Ladies - 2017
1299,4,52,2,875.99,0.2,1751.78,Surly Steamroller - 2017
1300,1,101,2,339.99,0.07,679.91,Electra Townie 7D (20-inch) - Boys' - 2017
1300,2,58,2,4999.99,0.05,9999.93,Trek Madone 9.2 - 2017
1301,1,45,2,869.99,0.2,1739.78,Haro SR 1.2 - 2017
1301,2,105,2,533.99,0.1,1067.88,Sun Bicycles Streamway 7 - 2017
1301,3,8,1,1799.99,0.2,1799.79,Trek Remedy 29 Carbon Frameset - 2016
1302,1,38,1,549.99,0.05,549.94,Haro Flightline Two 26 Plus - 2017
1302,2,20,2,599.99,0.1,1199.88,Electra Townie Original 7D EQ - Women's - 2016
1302,3,56,2,5499.99,0.07,10999.91,Trek Domane SLR 6 Disc - 2017
1303,1,96,1,349.99,0.1,349.89,Electra Moto 3i (20-inch) - Boy's - 2017
1303,2,63,2,3499.99,0.2,6999.78,Trek Boone Race Shop Limited - 2017
1303,3,108,1,449.99,0.1,449.89,Sun Bicycles Cruz 3 - Women's - 2017
1303,4,73,1,749.99,0.1,749.89,Sun Bicycles Brickell Tandem 7 - 2017
1303,5,24,2,549.99,0.1,1099.88,Electra Townie Original 21D - 2016
1304,1,80,1,761.99,0.05,761.94,Sun Bicycles Brickell Tandem CB - 2017
1304,2,99,2,299.99,0.05,599.93,Electra Sugar Skulls 1 (20-inch) - Girl's - 2017
1304,3,102,1,489.99,0.2,489.79,Electra Townie Original 7D - 2017
1304,4,17,1,429,0.05,428.95,Pure Cycles Vine 8-Speed - 2016
1305,1,85,1,329.99,0.2,329.79,Haro Downtown 16 - 2017
1305,2,9,1,2999.99,0.07,2999.92,Trek Conduit+ - 2016
1305,3,11,1,1680.99,0.05,1680.94,Surly Straggler 650b - 2016
1305,4,91,2,349.99,0.05,699.93,Trek Precaliber 24 (21-Speed) - Girls - 2017
1306,1,103,2,551.99,0.05,1103.93,Sun Bicycles Streamway 3 - 2017
1306,2,81,2,1099.99,0.07,2199.91,Electra Amsterdam Fashion 7i Ladies' - 2017
1306,3,45,1,869.99,0.2,869.79,Haro SR 1.2 - 2017
1306,4,42,1,2299.99,0.2,2299.79,Trek Fuel EX 5 27.5 Plus - 2017
1306,5,9,2,2999.99,0.07,5999.91,Trek Conduit+ - 2016
1307,1,96,2,349.99,0.07,699.91,Electra Moto 3i (20-inch) - Boy's - 2017
1307,2,53,2,749.99,0.2,1499.78,Surly Ogre Frameset - 2017
1307,3,69,2,416.99,0.2,833.78,Sun Bicycles Cruz 7 - 2017
1308,1,54,1,3199.99,0.05,3199.94,Trek Domane SL Disc Frameset - 2017
1308,2,69,1,416.99,0.2,416.79,Sun Bicycles Cruz 7 - 2017
1308,3,14,2,269.99,0.07,539.91,Electra Girl's Hawaii 1 (16-inch) - 2015/2016
1308,4,56,1,5499.99,0.2,5499.79,Trek Domane SLR 6 Disc - 2017
1308,5,32,1,469.99,0.07,469.92,Trek Farley Alloy Frameset - 2017
1309,1,65,1,346.99,0.05,346.94,Sun Bicycles Lil Bolt Type-R - 2017
1309,2,87,2,189.99,0.2,379.78,Trek Precaliber 12 Boys - 2017
1310,1,59,1,2599.99,0.2,2599.79,Trek Domane S 5 Disc - 2017
1310,2,77,2,799.99,0.2,1599.78,Electra Glam Punk 3i Ladies' - 2017
1310,3,11,2,1680.99,0.1,3361.88,Surly Straggler 650b - 2016
1310,4,54,1,3199.99,0.2,3199.79,Trek Domane SL Disc Frameset - 2017
1311,1,69,1,416.99,0.1,416.89,Sun Bicycles Cruz 7 - 2017
1311,2,45,2,869.99,0.07,1739.91,Haro SR 1.2 - 2017
1311,3,27,2,999.99,0.1,1999.88,Surly Big Dummy Frameset - 2017
1311,4,42,1,2299.99,0.1,2299.89,Trek Fuel EX 5 27.5 Plus - 2017
1312,1,67,2,250.99,0.05,501.93,Sun Bicycles Revolutions 24 - Girl's - 2017
1312,2,14,1,269.99,0.2,269.79,Electra Girl's Hawaii 1 (16-inch) - 2015/2016
1312,3,20,1,599.99,0.07,599.92,Electra Townie Original 7D EQ - Women's - 2016
1313,1,75,1,599.99,0.2,599.79,Electra Cruiser Lux Fat Tire 1 Ladies - 2017
1313,2,33,1,469.99,0.2,469.79,Surly Wednesday Frameset - 2017
1313,3,69,1,416.99,0.07,416.92,Sun Bicycles Cruz 7 - 2017
1314,1,52,1,875.99,0.07,875.92,Surly Steamroller - 2017
1314,2,72,2,619.99,0.05,1239.93,Sun Bicycles Biscayne Tandem 7 - 2017
1314,3,94,1,249.99,0.1,249.89,Haro Shredder Pro 20 - 2017
1315,1,104,2,481.99,0.07,963.91,Sun Bicycles Streamway - 2017
1315,2,41,1,1469.99,0.05,1469.94,Haro Shift R3 - 2017
1315,3,24,1,549.99,0.1,549.89,Electra Townie Original 21D - 2016
1315,4,26,1,599.99,0.07,599.92,Electra Townie Original 7D EQ - 2016
1315,5,16,2,599.99,0.2,1199.78,Electra Townie Original 7D EQ - 2016
1316,1,76,2,299.99,0.1,599.88,"Electra Girl's Hawaii 1 16"" - 2017"
1316,2,90,1,209.99,0.1,209.89,Trek Precaliber 16 Girls - 2017
1317,1,82,1,659.99,0.1,659.89,Electra Amsterdam Original 3i Ladies' - 2017
1318,1,82,2,659.99,0.2,1319.78,Electra Amsterdam Original 3i Ladies' - 2017
1318,2,62,2,3499.99,0.2,6999.78,Trek Boone 7 - 2017
1318,3,111,1,470.99,0.2,470.79,Sun Bicycles Drifter 7 - Women's - 2017
1318,4,92,1,209.99,0.07,209.92,Haro Shredder 20 - 2017
1319,1,75,1,599.99,0.07,599.92,Electra Cruiser Lux Fat Tire 1 Ladies - 2017
1319,2,91,1,349.99,0.2,349.79,Trek Precaliber 24 (21-Speed) - Girls - 2017
1320,1,104,1,481.99,0.1,481.89,Sun Bicycles Streamway - 2017
1320,2,93,1,209.99,0.05,209.94,Haro Shredder 20 Girls - 2017
1320,3,99,2,299.99,0.2,599.78,Electra Sugar Skulls 1 (20-inch) - Girl's - 2017
1321,1,34,1,469.99,0.1,469.89,Trek Session DH 27.5 Carbon Frameset - 2017
1321,2,107,1,416.99,0.1,416.89,Sun Bicycles Cruz 7 - 2017
1321,3,11,2,1680.99,0.1,3361.88,Surly Straggler 650b - 2016
1322,1,28,2,2499.99,0.05,4999.93,Surly Karate Monkey 27.5+ Frameset - 2017
1322,2,104,2,481.99,0.05,963.93,Sun Bicycles Streamway - 2017
1323,1,27,2,999.99,0.07,1999.91,Surly Big Dummy Frameset - 2017
1323,2,20,1,599.99,0.05,599.94,Electra Townie Original 7D EQ - Women's - 2016
1323,3,70,1,659.99,0.05,659.94,Electra Amsterdam Original 3i - 2015/2017
1324,1,66,1,250.99,0.1,250.89,Sun Bicycles Revolutions 24 - 2017
1324,2,120,2,2499.99,0.2,4999.78,Trek Fuel EX 7 29 - 2018
1324,3,235,1,899.99,0.1,899.89,Electra Koa 3i Ladies' - 2018
1324,4,3,1,999.99,0.2,999.79,Surly Wednesday Frameset - 2016
1325,1,139,1,2999.99,0.05,2999.94,Trek Remedy 7 27.5 - 2018
1325,2,257,1,899.99,0.05,899.94,Electra Amsterdam Fashion 3i Ladies' - 2017/2018
1325,3,209,1,2999.99,0.1,2999.89,Trek Crockett 7 Disc - 2018
1325,4,28,1,2499.99,0.07,2499.92,Surly Karate Monkey 27.5+ Frameset - 2017
1326,1,190,2,2799.99,0.07,5599.91,Trek Dual Sport+ - 2018
1326,2,269,2,199.99,0.07,399.91,Trek Precaliber 12 Boy's - 2018
1327,1,151,2,1549.99,0.07,3099.91,Trek Domane ALR 4 Disc Women's - 2018
1327,2,235,2,899.99,0.1,1799.88,Electra Koa 3i Ladies' - 2018
1327,3,48,2,1499.99,0.1,2999.88,Trek Emonda S 4 - 2017
1327,4,180,1,919.99,0.2,919.79,Trek Domane AL 3 Women's - 2018
1328,1,241,1,749.99,0.07,749.92,Electra Townie Commute 8D - 2018
1328,2,129,2,919.99,0.1,1839.88,Trek X-Caliber 7 - 2018
1328,3,228,1,319.99,0.07,319.92,Electra Cruiser 7D Tall - 2016/2018
1328,4,311,1,749.99,0.1,749.89,Electra Townie Commute 8D - 2018
1328,5,247,1,599.99,0.1,599.89,Electra Townie Original 7D EQ - 2018
1329,1,143,1,1099.99,0.07,1099.92,Trek Domane ALR 3 - 2018
1329,2,107,1,416.99,0.05,416.94,Sun Bicycles Cruz 7 - 2017
1329,3,55,1,2699.99,0.07,2699.92,Trek Domane S 6 - 2017
1329,4,283,2,319.99,0.2,639.78,Electra Heartchya 1 (20-inch) - Girl's - 2018
1329,5,13,1,269.99,0.1,269.89,Electra Cruiser 1 (24-Inch) - 2016
1330,1,232,1,479.99,0.2,479.79,Electra Cruiser Lux 7D Ladies' - 2018
1330,2,243,2,679.99,0.05,1359.93,Electra Townie Original 21D EQ Ladies' - 2018
1330,3,230,2,429.99,0.2,859.78,Electra Cruiser Lux 1 Ladies' - 2018
1330,4,102,2,489.99,0.05,979.93,Electra Townie Original 7D - 2017
1330,5,282,1,279.99,0.1,279.89,Electra Cyclosaurus 1 (16-inch) - Boy's - 2018
1331,1,253,1,2599.99,0.05,2599.94,Electra Townie Go! 8i Ladies' - 2018
1331,2,290,1,369.99,0.05,369.94,"Electra Superbolt 3i 20"" - 2018"
1331,3,145,2,1799.99,0.1,3599.88,Trek Domane ALR 5 Disc - 2018
1331,4,300,1,799.99,0.2,799.79,Electra Townie Balloon 3i EQ Ladies' - 2018
1332,1,296,1,369.99,0.2,369.79,"Electra Treasure 3i 20"" - 2018"
1332,2,93,2,209.99,0.05,419.93,Haro Shredder 20 Girls - 2017
1332,3,179,2,919.99,0.07,1839.91,Trek Domane AL 3 - 2018
1332,4,298,1,279.99,0.1,279.89,Electra Water Lily 1 (16-inch) - Girl's - 2018
1333,1,205,2,4999.99,0.05,9999.93,Trek Super Commuter+ 8S - 2018
1333,2,304,2,679.99,0.1,1359.88,Electra Townie Original 21D EQ - 2017/2018
1333,3,99,2,299.99,0.1,599.88,Electra Sugar Skulls 1 (20-inch) - Girl's - 2017
1333,4,12,1,549.99,0.05,549.94,Electra Townie Original 21D - 2016
1333,5,78,1,647.99,0.1,647.89,Sun Bicycles Biscayne Tandem CB - 2017
1334,1,203,2,4999.99,0.05,9999.93,Trek Powerfly 7 FS - 2018
1334,2,160,2,4499.99,0.07,8999.91,Trek Emonda SLR 6 - 2018
1334,3,84,2,109.99,0.1,219.88,Sun Bicycles Lil Kitt'n - 2017
1334,4,13,1,269.99,0.05,269.94,Electra Cruiser 1 (24-Inch) - 2016
1334,5,42,1,2299.99,0.05,2299.94,Trek Fuel EX 5 27.5 Plus - 2017
1335,1,138,2,2249.99,0.05,4499.93,Trek Fuel EX 5 Plus - 2018
1336,1,29,2,999.99,0.2,1999.78,Trek X-Caliber 8 - 2017
1336,2,157,1,6499.99,0.05,6499.94,Trek Domane SL Frameset Women's - 2018
1336,3,21,2,269.99,0.07,539.91,Electra Cruiser 1 (24-Inch) - 2016
1336,4,207,1,3999.99,0.1,3999.89,Trek Boone 7 Disc - 2018
1336,5,185,1,2799.99,0.1,2799.89,Trek Conduit+ - 2018
1337,1,153,1,4999.99,0.1,4999.89,Trek Domane SL 7 Women's - 2018
1338,1,169,2,6499.99,0.07,12999.91,Trek Emonda SLR 8 - 2018
1339,1,175,1,3199.99,0.07,3199.92,Trek Domane SLR Frameset - 2018
1340,1,253,1,2599.99,0.2,2599.79,Electra Townie Go! 8i Ladies' - 2018
1340,2,92,2,209.99,0.2,419.78,Haro Shredder 20 - 2017
1340,3,237,2,849.99,0.05,1699.93,Electra Relic 3i - 2018
1341,1,215,2,749.99,0.07,1499.91,Electra Queen of Hearts 3i - 2018
1341,2,56,2,5499.99,0.2,10999.78,Trek Domane SLR 6 Disc - 2017
1341,3,234,2,899.99,0.05,1799.93,Electra Daydreamer 3i Ladies' - 2018
1341,4,66,2,250.99,0.05,501.93,Sun Bicycles Revolutions 24 - 2017
1342,1,60,1,1559.99,0.05,1559.94,Sun Bicycles ElectroLite - 2017
1342,2,270,1,209.99,0.05,209.94,Trek Precaliber 16 Boy's - 2018
1343,1,244,1,559.99,0.05,559.94,Electra Townie Original 21D Ladies' - 2018
1343,2,99,1,299.99,0.05,299.94,Electra Sugar Skulls 1 (20-inch) - Girl's - 2017
1343,3,184,2,3499.99,0.2,6999.78,Trek Domane SL 6 Disc - 2018
1343,4,65,2,346.99,0.2,693.78,Sun Bicycles Lil Bolt Type-R - 2017
1343,5,206,1,3299.99,0.1,3299.89,Trek Boone 5 Disc - 2018
1344,1,77,2,799.99,0.07,1599.91,Electra Glam Punk 3i Ladies' - 2017
1344,2,103,2,551.99,0.2,1103.78,Sun Bicycles Streamway 3 - 2017
1344,3,3,1,999.99,0.07,999.92,Surly Wednesday Frameset - 2016
1344,4,61,1,4999.99,0.07,4999.92,Trek Powerfly 8 FS Plus - 2017
1345,1,40,2,4999.99,0.2,9999.78,Trek Fuel EX 9.8 29 - 2017
1345,2,172,2,3199.99,0.05,6399.93,Trek Domane ALR Disc Frameset - 2018
1345,3,164,2,1549,0.2,3097.8,Surly Straggler 650b - 2018
1345,4,2,2,749.99,0.2,1499.78,Ritchey Timberwolf Frameset - 2016
1346,1,134,2,1499.99,0.05,2999.93,Trek Remedy 27.5 C Frameset - 2018
1346,2,150,1,4499.99,0.05,4499.94,Trek Emonda SL 7 - 2018
1346,3,18,2,449,0.05,897.95,Pure Cycles Western 3-Speed - Women's - 2015/2016
1346,4,249,1,749.99,0.1,749.89,Electra White Water 3i - 2018
1346,5,263,2,89.99,0.2,179.78,Strider Classic 12 Balance Bike - 2018
1347,1,43,2,5299.99,0.07,10599.91,Trek Fuel EX 9.8 27.5 Plus - 2017
1347,2,53,1,749.99,0.05,749.94,Surly Ogre Frameset - 2017
1348,1,203,1,4999.99,0.05,4999.94,Trek Powerfly 7 FS - 2018
1348,2,148,1,5499.99,0.05,5499.94,Trek Domane SL 8 Disc - 2018
1348,3,58,2,4999.99,0.1,9999.88,Trek Madone 9.2 - 2017
1348,4,147,1,1799.99,0.07,1799.92,Trek Domane ALR 5 Gravel - 2018
1349,1,138,2,2249.99,0.05,4499.93,Trek Fuel EX 5 Plus - 2018
1349,2,205,2,4999.99,0.07,9999.91,Trek Super Commuter+ 8S - 2018
1349,3,168,2,1549,0.2,3097.8,Surly Straggler - 2018
1349,4,184,1,3499.99,0.2,3499.79,Trek Domane SL 6 Disc - 2018
1350,1,305,1,749.99,0.1,749.89,Electra Townie Balloon 3i EQ - 2017/2018
1350,2,250,1,2599.99,0.07,2599.92,Electra Townie Go! 8i - 2017/2018
1350,3,253,1,2599.99,0.07,2599.92,Electra Townie Go! 8i Ladies' - 2018
1350,4,159,1,2299.99,0.05,2299.94,Trek Emonda ALR 6 - 2018
1350,5,13,2,269.99,0.2,539.78,Electra Cruiser 1 (24-Inch) - 2016
1351,1,297,2,279.99,0.2,559.78,"Electra Under-The-Sea 1 16"" - 2018"
1351,2,133,1,1499.99,0.1,1499.89,Trek Procaliber Frameset - 2018
1352,1,136,1,1799.99,0.2,1799.79,Trek Procaliber 6 - 2018
1352,2,52,2,875.99,0.1,1751.88,Surly Steamroller - 2017
1352,3,282,2,279.99,0.1,559.88,Electra Cyclosaurus 1 (16-inch) - Boy's - 2018
1352,4,86,2,149.99,0.2,299.78,Trek Girl's Kickster - 2017
1352,5,100,1,489.99,0.05,489.94,Electra Townie 3i EQ (20-inch) - Boys' - 2017
1353,1,107,2,416.99,0.05,833.93,Sun Bicycles Cruz 7 - 2017
1353,2,233,1,639.99,0.07,639.92,Electra Cruiser Lux Fat Tire 7D - 2018
1353,3,300,1,799.99,0.2,799.79,Electra Townie Balloon 3i EQ Ladies' - 2018
1353,4,86,2,149.99,0.05,299.93,Trek Girl's Kickster - 2017
1354,1,166,2,749.99,0.07,1499.91,Trek Domane AL 2 Women's - 2018
1355,1,297,1,279.99,0.1,279.89,"Electra Under-The-Sea 1 16"" - 2018"
1355,2,253,1,2599.99,0.07,2599.92,Electra Townie Go! 8i Ladies' - 2018
1355,3,149,1,7499.99,0.2,7499.79,Trek Domane SLR 8 Disc - 2018
1355,4,313,2,449.99,0.1,899.88,Electra Townie Original 1 Ladies' - 2018
1356,1,192,1,2599.99,0.05,2599.94,Electra Townie Go! 8i - 2017/2018
1356,2,199,2,2999.99,0.1,5999.88,Electra Townie Commute Go! Ladies' - 2018
1356,3,276,2,319.99,0.1,639.88,Trek Precaliber 24 (7-Speed) - Boys - 2018
1357,1,145,2,1799.99,0.2,3599.78,Trek Domane ALR 5 Disc - 2018
1357,2,60,1,1559.99,0.2,1559.79,Sun Bicycles ElectroLite - 2017
1357,3,130,1,919.99,0.2,919.79,Trek Stache Carbon Frameset - 2018
1358,1,257,2,899.99,0.2,1799.78,Electra Amsterdam Fashion 3i Ladies' - 2017/2018
1359,1,282,1,279.99,0.05,279.94,Electra Cyclosaurus 1 (16-inch) - Boy's - 2018
1359,2,82,1,659.99,0.05,659.94,Electra Amsterdam Original 3i Ladies' - 2017
1360,1,31,1,1632.99,0.05,1632.94,Surly Wednesday - 2017
1361,1,307,2,749.99,0.07,1499.91,Electra Townie Balloon 8D EQ - 2016/2017/2018
1361,2,153,1,4999.99,0.05,4999.94,Trek Domane SL 7 Women's - 2018
1361,3,163,2,1349,0.2,2697.8,Surly Pack Rat - 2018
1362,1,27,2,999.99,0.2,1999.78,Surly Big Dummy Frameset - 2017
1362,2,204,2,3599.99,0.07,7199.91,Trek Super Commuter+ 7 - 2018
1362,3,4,2,2899.99,0.2,5799.78,Trek Fuel EX 8 29 - 2016
1363,1,66,2,250.99,0.1,501.88,Sun Bicycles Revolutions 24 - 2017
1364,1,78,1,647.99,0.07,647.92,Sun Bicycles Biscayne Tandem CB - 2017
1364,2,155,2,11999.99,0.1,23999.88,Trek Domane SLR 9 Disc - 2018
1364,3,152,1,2499.99,0.1,2499.89,Trek Domane SL 5 Disc Women's - 2018
1364,4,110,1,470.99,0.07,470.92,Sun Bicycles Drifter 7 - 2017
1365,1,144,1,1549.99,0.07,1549.92,Trek Domane ALR 4 Disc - 2018
1365,2,58,1,4999.99,0.07,4999.92,Trek Madone 9.2 - 2017
1365,3,236,1,749.99,0.05,749.94,Electra Morningstar 3i Ladies' - 2018
1366,1,115,1,3199.99,0.1,3199.89,Trek Fuel EX 8 29 - 2018
1366,2,128,2,1899,0.2,3797.8,Surly ECR 27.5 - 2018
1366,3,200,1,3499.99,0.07,3499.92,Trek Powerfly 5 - 2018
1367,1,132,1,1499.99,0.1,1499.89,Trek Procal AL Frameset - 2018
1367,2,131,2,2599,0.2,5197.8,Heller Bloodhound Trail - 2018
1367,3,124,1,1499,0.07,1498.93,Surly Krampus - 2018
1367,4,24,2,549.99,0.05,1099.93,Electra Townie Original 21D - 2016
1368,1,66,1,250.99,0.1,250.89,Sun Bicycles Revolutions 24 - 2017
1368,2,113,2,489.99,0.07,979.91,Trek Marlin 5 - 2018
1368,3,186,1,4499.99,0.2,4499.79,Trek CrossRip+ - 2018
1369,1,213,2,269.99,0.05,539.93,Electra Cruiser 1 - 2016/2017/2018
1370,1,7,1,3999.99,0.07,3999.92,Trek Slash 8 27.5 - 2016
1370,2,89,2,209.99,0.1,419.88,Trek Precaliber 16 Boys - 2017
1370,3,208,2,1799.99,0.2,3599.78,Trek Crockett 5 Disc - 2018
1370,4,134,1,1499.99,0.1,1499.89,Trek Remedy 27.5 C Frameset - 2018
1371,1,223,2,529.99,0.07,1059.91,Electra Cruiser Lux 3i - 2018
1371,2,8,2,1799.99,0.2,3599.78,Trek Remedy 29 Carbon Frameset - 2016
1372,1,307,1,749.99,0.07,749.92,Electra Townie Balloon 8D EQ - 2016/2017/2018
1372,2,283,2,319.99,0.2,639.78,Electra Heartchya 1 (20-inch) - Girl's - 2018
1373,1,63,1,3499.99,0.1,3499.89,Trek Boone Race Shop Limited - 2017
1374,1,181,2,2199.99,0.05,4399.93,Trek Domane SL 5 - 2018
1374,2,130,2,919.99,0.07,1839.91,Trek Stache Carbon Frameset - 2018
1375,1,147,2,1799.99,0.05,3599.93,Trek Domane ALR 5 Gravel - 2018
1375,2,182,1,2499.99,0.2,2499.79,Trek Domane SL 5 Disc - 2018
1376,1,5,1,1320.99,0.07,1320.92,Heller Shagamaw Frame - 2016
1377,1,153,2,4999.99,0.05,9999.93,Trek Domane SL 7 Women's - 2018
1377,2,130,1,919.99,0.05,919.94,Trek Stache Carbon Frameset - 2018
1377,3,48,1,1499.99,0.07,1499.92,Trek Emonda S 4 - 2017
1377,4,188,2,3499.99,0.07,6999.91,Trek XM700+ Lowstep - 2018
1378,1,96,2,349.99,0.07,699.91,Electra Moto 3i (20-inch) - Boy's - 2017
1378,2,142,2,3199.99,0.07,6399.91,Trek Fuel EX 8 29 XT - 2018
1378,3,2,2,749.99,0.2,1499.78,Ritchey Timberwolf Frameset - 2016
1378,4,110,1,470.99,0.07,470.92,Sun Bicycles Drifter 7 - 2017
1378,5,129,2,919.99,0.2,1839.78,Trek X-Caliber 7 - 2018
1379,1,15,1,529.99,0.1,529.89,Electra Moto 1 - 2016
1379,2,118,1,999.99,0.1,999.89,Trek X-Caliber 8 - 2018
1379,3,263,2,89.99,0.1,179.88,Strider Classic 12 Balance Bike - 2018
1380,1,255,2,899.99,0.1,1799.88,Electra Townie Balloon 7i EQ Ladies' - 2017/2018
1380,2,229,2,429.99,0.07,859.91,Electra Cruiser Lux 1 - 2016/2018
1381,1,274,2,229.99,0.2,459.78,Trek Precaliber 20 Boy's - 2018
1381,2,214,2,899.99,0.1,1799.88,Electra Tiger Shark 3i - 2018
1382,1,232,1,479.99,0.2,479.79,Electra Cruiser Lux 7D Ladies' - 2018
1382,2,81,2,1099.99,0.05,2199.93,Electra Amsterdam Fashion 7i Ladies' - 2017
1382,3,225,1,959.99,0.1,959.89,Electra Delivery 3i - 2016/2017/2018
1382,4,135,1,1499.99,0.07,1499.92,Trek X-Caliber Frameset - 2018
1382,5,238,1,749.99,0.2,749.79,Electra Townie Balloon 8D EQ - 2016/2017/2018
1383,1,188,2,3499.99,0.2,6999.78,Trek XM700+ Lowstep - 2018
1383,2,65,2,346.99,0.05,693.93,Sun Bicycles Lil Bolt Type-R - 2017
1384,1,32,1,469.99,0.07,469.92,Trek Farley Alloy Frameset - 2017
1384,2,142,2,3199.99,0.1,6399.88,Trek Fuel EX 8 29 XT - 2018
1384,3,89,1,209.99,0.1,209.89,Trek Precaliber 16 Boys - 2017
1384,4,97,1,349.99,0.05,349.94,Electra Savannah 3i (20-inch) - Girl's - 2017
1385,1,24,2,549.99,0.05,1099.93,Electra Townie Original 21D - 2016
1385,2,145,1,1799.99,0.07,1799.92,Trek Domane ALR 5 Disc - 2018
1385,3,39,2,1499.99,0.1,2999.88,Trek Stache 5 - 2017
1385,4,135,1,1499.99,0.05,1499.94,Trek X-Caliber Frameset - 2018
1386,1,292,1,369.99,0.2,369.79,Electra Sweet Ride 3i (20-inch) - Girls' - 2018
1386,2,262,1,249.99,0.1,249.89,Trek MT 201 - 2018
1386,3,306,1,899.99,0.1,899.89,Electra Townie Balloon 7i EQ Ladies' - 2017/2018
1386,4,150,1,4499.99,0.07,4499.92,Trek Emonda SL 7 - 2018
1387,1,106,1,449.99,0.1,449.89,Sun Bicycles Cruz 3 - 2017
1388,1,251,1,2999.99,0.1,2999.89,Electra Townie Commute Go! - 2018
1389,1,85,2,329.99,0.1,659.88,Haro Downtown 16 - 2017
1389,2,171,2,3199.99,0.05,6399.93,Trek Domane SL 6 - 2018
1389,3,227,1,319.99,0.07,319.92,Electra Cruiser 7D (24-Inch) Ladies' - 2016/2018
1390,1,41,2,1469.99,0.05,2939.93,Haro Shift R3 - 2017
1390,2,27,2,999.99,0.05,1999.93,Surly Big Dummy Frameset - 2017
1390,3,306,1,899.99,0.1,899.89,Electra Townie Balloon 7i EQ Ladies' - 2017/2018
1390,4,104,1,481.99,0.05,481.94,Sun Bicycles Streamway - 2017
1390,5,147,2,1799.99,0.1,3599.88,Trek Domane ALR 5 Gravel - 2018
1391,1,223,2,529.99,0.07,1059.91,Electra Cruiser Lux 3i - 2018
1391,2,295,2,319.99,0.2,639.78,"Electra Treasure 1 20"" - 2018"
1391,3,277,1,369.99,0.2,369.79,Trek Precaliber 24 21-speed Boy's - 2018
1392,1,87,2,189.99,0.2,379.78,Trek Precaliber 12 Boys - 2017
1392,2,240,2,899.99,0.05,1799.93,Electra Townie Commute 27D Ladies - 2018
1393,1,92,1,209.99,0.07,209.92,Haro Shredder 20 - 2017
1393,2,82,1,659.99,0.07,659.92,Electra Amsterdam Original 3i Ladies' - 2017
1393,3,47,2,5299.99,0.05,10599.93,Trek Remedy 9.8 - 2017
1393,4,268,2,159.99,0.05,319.93,Trek Kickster - 2018
1394,1,165,2,2499.99,0.05,4999.93,Trek 1120 - 2018
1395,1,204,1,3599.99,0.2,3599.79,Trek Super Commuter+ 7 - 2018
1395,2,48,2,1499.99,0.1,2999.88,Trek Emonda S 4 - 2017
1395,3,180,2,919.99,0.2,1839.78,Trek Domane AL 3 Women's - 2018
1395,4,226,1,679.99,0.1,679.89,Electra Townie Original 21D EQ - 2017/2018
1396,1,57,1,1999.99,0.05,1999.94,Trek Emonda S 5 - 2017
1396,2,181,1,2199.99,0.2,2199.79,Trek Domane SL 5 - 2018
1397,1,127,2,469.99,0.1,939.88,Surly Pack Rat Frameset - 2018
1397,2,139,1,2999.99,0.07,2999.92,Trek Remedy 7 27.5 - 2018
1397,3,7,1,3999.99,0.05,3999.94,Trek Slash 8 27.5 - 2016
1397,4,249,1,749.99,0.05,749.94,Electra White Water 3i - 2018
1397,5,78,2,647.99,0.1,1295.88,Sun Bicycles Biscayne Tandem CB - 2017
1398,1,69,2,416.99,0.05,833.93,Sun Bicycles Cruz 7 - 2017
1398,2,53,1,749.99,0.2,749.79,Surly Ogre Frameset - 2017
1399,1,210,2,1549,0.2,3097.8,Surly Straggler - 2018
1399,2,224,1,479.99,0.05,479.94,Electra Cruiser Lux 7D - 2018
1399,3,127,2,469.99,0.07,939.91,Surly Pack Rat Frameset - 2018
1399,4,28,1,2499.99,0.05,2499.94,Surly Karate Monkey 27.5+ Frameset - 2017
1400,1,24,2,549.99,0.2,1099.78,Electra Townie Original 21D - 2016
1400,2,217,2,909.99,0.2,1819.78,Electra Straight 8 3i - 2018
1400,3,275,1,229.99,0.1,229.89,Trek Precaliber 20 Girl's - 2018
1400,4,90,1,209.99,0.07,209.92,Trek Precaliber 16 Girls - 2017
1401,1,112,1,379.99,0.07,379.92,Trek 820 - 2018
1401,2,230,1,429.99,0.05,429.94,Electra Cruiser Lux 1 Ladies' - 2018
1401,3,254,2,749.99,0.2,1499.78,Electra Townie Balloon 3i EQ - 2017/2018
1402,1,189,2,2799.99,0.2,5599.78,Trek Lift+ Lowstep - 2018
1402,2,28,2,2499.99,0.05,4999.93,Surly Karate Monkey 27.5+ Frameset - 2017
1402,3,203,1,4999.99,0.05,4999.94,Trek Powerfly 7 FS - 2018
1402,4,273,1,289.99,0.07,289.92,Trek Precaliber 20 6-speed Girl's - 2018
1403,1,93,2,209.99,0.1,419.88,Haro Shredder 20 Girls - 2017
1404,1,112,2,379.99,0.05,759.93,Trek 820 - 2018
1404,2,220,1,269.99,0.1,269.89,Electra Cruiser 1 Ladies' - 2018
1404,3,193,2,2799.99,0.2,5599.78,Trek Lift+ - 2018
1405,1,162,2,2999.99,0.1,5999.88,Trek Emonda SL 6 Disc - 2018
1406,1,230,2,429.99,0.05,859.93,Electra Cruiser Lux 1 Ladies' - 2018
1406,2,113,1,489.99,0.1,489.89,Trek Marlin 5 - 2018
1407,1,300,1,799.99,0.05,799.94,Electra Townie Balloon 3i EQ Ladies' - 2018
1407,2,36,2,832.99,0.1,1665.88,Surly Troll Frameset - 2017
1407,3,266,1,399.99,0.1,399.89,Trek Superfly 20 - 2018
1407,4,35,1,832.99,0.2,832.79,Sun Bicycles Spider 3i - 2017
1408,1,23,2,299.99,0.2,599.78,Electra Girl's Hawaii 1 (20-inch) - 2015/2016
1408,2,166,1,749.99,0.2,749.79,Trek Domane AL 2 Women's - 2018
1408,3,114,1,579.99,0.07,579.92,Trek Marlin 6 - 2018
1408,4,137,2,2599,0.2,5197.8,Heller Shagamaw GX1 - 2018
1409,1,301,2,899.99,0.07,1799.91,Electra Townie Balloon 7i EQ - 2018
1409,2,170,1,1299.99,0.07,1299.92,Trek CrossRip 2 - 2018
1409,3,171,2,3199.99,0.05,6399.93,Trek Domane SL 6 - 2018
1409,4,265,1,289.99,0.05,289.94,Strider Strider 20 Sport - 2018
1409,5,222,1,269.99,0.1,269.89,Electra Cruiser 1 Tall - 2016/2018
1410,1,205,2,4999.99,0.1,9999.88,Trek Super Commuter+ 8S - 2018
1410,2,203,2,4999.99,0.2,9999.78,Trek Powerfly 7 FS - 2018
1410,3,304,1,679.99,0.1,679.89,Electra Townie Original 21D EQ - 2017/2018
1411,1,9,1,2999.99,0.1,2999.89,Trek Conduit+ - 2016
1411,2,308,2,749.99,0.2,1499.78,Electra Townie Balloon 8D EQ Ladies' - 2016/2017/2018
1412,1,180,2,919.99,0.07,1839.91,Trek Domane AL 3 Women's - 2018
1412,2,43,1,5299.99,0.1,5299.89,Trek Fuel EX 9.8 27.5 Plus - 2017
1412,3,109,2,416.99,0.07,833.91,Sun Bicycles Cruz 7 - Women's - 2017
1413,1,297,2,279.99,0.05,559.93,"Electra Under-The-Sea 1 16"" - 2018"
1414,1,162,2,2999.99,0.1,5999.88,Trek Emonda SL 6 Disc - 2018
1414,2,292,2,369.99,0.05,739.93,Electra Sweet Ride 3i (20-inch) - Girls' - 2018
1415,1,31,2,1632.99,0.07,3265.91,Surly Wednesday - 2017
1415,2,17,1,429,0.05,428.95,Pure Cycles Vine 8-Speed - 2016
1415,3,264,2,249.99,0.1,499.88,Strider Sport 16 - 2018
1415,4,245,1,659.99,0.05,659.94,Electra Townie Original 3i EQ - 2017/2018
1416,1,194,1,3499.99,0.2,3499.79,Trek XM700+ - 2018
1416,2,242,2,699.99,0.1,1399.88,Electra Townie Commute 8D Ladies' - 2018
1416,3,92,2,209.99,0.05,419.93,Haro Shredder 20 - 2017
1417,1,219,2,639.99,0.2,1279.78,Electra Moto 3i - 2018
1418,1,120,2,2499.99,0.2,4999.78,Trek Fuel EX 7 29 - 2018
1418,2,243,2,679.99,0.05,1359.93,Electra Townie Original 21D EQ Ladies' - 2018
1419,1,124,1,1499,0.07,1498.93,Surly Krampus - 2018
1419,2,235,2,899.99,0.2,1799.78,Electra Koa 3i Ladies' - 2018
1419,3,234,1,899.99,0.1,899.89,Electra Daydreamer 3i Ladies' - 2018
1420,1,197,1,2299.99,0.2,2299.79,Trek Verve+ Lowstep - 2018
1420,2,194,2,3499.99,0.1,6999.88,Trek XM700+ - 2018
1420,3,128,1,1899,0.1,1898.9,Surly ECR 27.5 - 2018
1421,1,298,2,279.99,0.05,559.93,Electra Water Lily 1 (16-inch) - Girl's - 2018
1422,1,80,2,761.99,0.07,1523.91,Sun Bicycles Brickell Tandem CB - 2017
1422,2,180,2,919.99,0.2,1839.78,Trek Domane AL 3 Women's - 2018
1422,3,243,1,679.99,0.05,679.94,Electra Townie Original 21D EQ Ladies' - 2018
1423,1,249,1,749.99,0.2,749.79,Electra White Water 3i - 2018
1423,2,71,1,416.99,0.1,416.89,Sun Bicycles Atlas X-Type - 2017
1423,3,302,1,449.99,0.2,449.79,Electra Townie Original 1 - 2018
1423,4,113,2,489.99,0.2,979.78,Trek Marlin 5 - 2018
1424,1,140,2,4999.99,0.2,9999.78,Trek Remedy 9.8 27.5 - 2018
1425,1,227,2,319.99,0.05,639.93,Electra Cruiser 7D (24-Inch) Ladies' - 2016/2018
1425,2,263,1,89.99,0.07,89.92,Strider Classic 12 Balance Bike - 2018
1425,3,93,1,209.99,0.07,209.92,Haro Shredder 20 Girls - 2017
1425,4,54,2,3199.99,0.05,6399.93,Trek Domane SL Disc Frameset - 2017
1425,5,145,2,1799.99,0.07,3599.91,Trek Domane ALR 5 Disc - 2018
1426,1,215,1,749.99,0.07,749.92,Electra Queen of Hearts 3i - 2018
1426,2,20,2,599.99,0.05,1199.93,Electra Townie Original 7D EQ - Women's - 2016
1426,3,281,1,319.99,0.07,319.92,Electra Cruiser 7D (24-Inch) Ladies' - 2016/2018
1427,1,230,2,429.99,0.07,859.91,Electra Cruiser Lux 1 Ladies' - 2018
1427,2,139,1,2999.99,0.05,2999.94,Trek Remedy 7 27.5 - 2018
1427,3,164,2,1549,0.07,3097.93,Surly Straggler 650b - 2018
1428,1,216,2,899.99,0.2,1799.78,Electra Super Moto 8i - 2018
1428,2,126,1,469.99,0.07,469.92,Surly Big Fat Dummy Frameset - 2018
1428,3,187,2,2799.99,0.07,5599.91,Trek Neko+ - 2018
1428,4,28,1,2499.99,0.1,2499.89,Surly Karate Monkey 27.5+ Frameset - 2017
1428,5,194,2,3499.99,0.2,6999.78,Trek XM700+ - 2018
1429,1,70,2,659.99,0.2,1319.78,Electra Amsterdam Original 3i - 2015/2017
1430,1,221,1,319.99,0.05,319.94,Electra Cruiser 7D Ladies' - 2016/2018
1430,2,281,1,319.99,0.07,319.92,Electra Cruiser 7D (24-Inch) Ladies' - 2016/2018
1431,1,207,1,3999.99,0.1,3999.89,Trek Boone 7 Disc - 2018
1431,2,53,1,749.99,0.07,749.92,Surly Ogre Frameset - 2017
1431,3,252,1,2999.99,0.2,2999.79,Electra Townie Commute Go! Ladies' - 2018
1431,4,254,1,749.99,0.07,749.92,Electra Townie Balloon 3i EQ - 2017/2018
1432,1,161,1,1899,0.2,1898.8,Surly ECR - 2018
1433,1,264,1,249.99,0.07,249.92,Strider Sport 16 - 2018
1434,1,229,2,429.99,0.2,859.78,Electra Cruiser Lux 1 - 2016/2018
1434,2,198,1,2999.99,0.1,2999.89,Electra Townie Commute Go! - 2018
1434,3,286,2,279.99,0.1,559.88,"Electra Starship 1 16"" - 2018"
1434,4,61,2,4999.99,0.07,9999.91,Trek Powerfly 8 FS Plus - 2017
1435,1,141,2,1599.99,0.07,3199.91,Trek Stache 5 - 2018
1435,2,29,1,999.99,0.2,999.79,Trek X-Caliber 8 - 2017
1435,3,60,1,1559.99,0.1,1559.89,Sun Bicycles ElectroLite - 2017
1435,4,260,1,799.99,0.07,799.92,Electra Townie Balloon 3i EQ Ladies' - 2018
1436,1,244,2,559.99,0.07,1119.91,Electra Townie Original 21D Ladies' - 2018
1437,1,141,2,1599.99,0.05,3199.93,Trek Stache 5 - 2018
1438,1,225,1,959.99,0.2,959.79,Electra Delivery 3i - 2016/2017/2018
1438,2,140,1,4999.99,0.2,4999.79,Trek Remedy 9.8 27.5 - 2018
1438,3,81,2,1099.99,0.05,2199.93,Electra Amsterdam Fashion 7i Ladies' - 2017
1438,4,137,1,2599,0.1,2598.9,Heller Shagamaw GX1 - 2018
1438,5,190,2,2799.99,0.07,5599.91,Trek Dual Sport+ - 2018
1439,1,42,1,2299.99,0.07,2299.92,Trek Fuel EX 5 27.5 Plus - 2017
1439,2,263,1,89.99,0.2,89.79,Strider Classic 12 Balance Bike - 2018
1439,3,102,2,489.99,0.05,979.93,Electra Townie Original 7D - 2017
1439,4,149,1,7499.99,0.05,7499.94,Trek Domane SLR 8 Disc - 2018
1440,1,116,2,749.99,0.07,1499.91,Trek Marlin 7 - 2017/2018
1440,2,109,1,416.99,0.07,416.92,Sun Bicycles Cruz 7 - Women's - 2017
1440,3,186,1,4499.99,0.1,4499.89,Trek CrossRip+ - 2018
1440,4,178,2,749.99,0.05,1499.93,Trek Domane AL 2 - 2018
1440,5,67,2,250.99,0.2,501.78,Sun Bicycles Revolutions 24 - Girl's - 2017
1441,1,6,1,469.99,0.05,469.94,Surly Ice Cream Truck Frameset - 2016
1441,2,242,2,699.99,0.2,1399.78,Electra Townie Commute 8D Ladies' - 2018
1441,3,46,1,1409.99,0.07,1409.92,Haro SR 1.3 - 2017
1442,1,160,1,4499.99,0.1,4499.89,Trek Emonda SLR 6 - 2018
1442,2,220,1,269.99,0.07,269.92,Electra Cruiser 1 Ladies' - 2018
1442,3,271,2,209.99,0.05,419.93,Trek Precaliber 16 Girl's - 2018
1443,1,160,1,4499.99,0.07,4499.92,Trek Emonda SLR 6 - 2018
1443,2,57,1,1999.99,0.2,1999.79,Trek Emonda S 5 - 2017
1443,3,101,2,339.99,0.1,679.88,Electra Townie 7D (20-inch) - Boys' - 2017
1444,1,90,1,209.99,0.1,209.89,Trek Precaliber 16 Girls - 2017
1444,2,128,2,1899,0.2,3797.8,Surly ECR 27.5 - 2018
1445,1,219,2,639.99,0.1,1279.88,Electra Moto 3i - 2018
1445,2,52,1,875.99,0.07,875.92,Surly Steamroller - 2017
1445,3,123,2,999.99,0.1,1999.88,Trek Farley Carbon Frameset - 2018
1446,1,227,1,319.99,0.05,319.94,Electra Cruiser 7D (24-Inch) Ladies' - 2016/2018
1446,2,233,2,639.99,0.05,1279.93,Electra Cruiser Lux Fat Tire 7D - 2018
1446,3,234,2,899.99,0.05,1799.93,Electra Daydreamer 3i Ladies' - 2018
1447,1,148,1,5499.99,0.2,5499.79,Trek Domane SL 8 Disc - 2018
1448,1,239,1,749.99,0.1,749.89,Electra Townie Balloon 8D EQ Ladies' - 2016/2017/2018
1449,1,159,1,2299.99,0.07,2299.92,Trek Emonda ALR 6 - 2018
1449,2,55,1,2699.99,0.2,2699.79,Trek Domane S 6 - 2017
1449,3,260,2,799.99,0.07,1599.91,Electra Townie Balloon 3i EQ Ladies' - 2018
1449,4,252,2,2999.99,0.05,5999.93,Electra Townie Commute Go! Ladies' - 2018
1449,5,14,2,269.99,0.1,539.88,Electra Girl's Hawaii 1 (16-inch) - 2015/2016
1450,1,98,1,489.99,0.07,489.92,Electra Straight 8 3i (20-inch) - Boy's - 2017
1450,2,173,2,3199.99,0.1,6399.88,Trek Domane ALR Frameset - 2018
1450,3,299,1,559.99,0.2,559.79,Electra Townie Original 21D - 2018
1450,4,209,2,2999.99,0.1,5999.88,Trek Crockett 7 Disc - 2018
1450,5,235,2,899.99,0.05,1799.93,Electra Koa 3i Ladies' - 2018
1451,1,117,1,1469.99,0.05,1469.94,Trek Ticket S Frame - 2018
1452,1,99,2,299.99,0.1,599.88,Electra Sugar Skulls 1 (20-inch) - Girl's - 2017
1452,2,234,1,899.99,0.2,899.79,Electra Daydreamer 3i Ladies' - 2018
1452,3,86,2,149.99,0.05,299.93,Trek Girl's Kickster - 2017
1452,4,109,2,416.99,0.07,833.91,Sun Bicycles Cruz 7 - Women's - 2017
1453,1,89,2,209.99,0.1,419.88,Trek Precaliber 16 Boys - 2017
1454,1,283,1,319.99,0.07,319.92,Electra Heartchya 1 (20-inch) - Girl's - 2018
1454,2,35,2,832.99,0.1,1665.88,Sun Bicycles Spider 3i - 2017
1454,3,124,1,1499,0.2,1498.8,Surly Krampus - 2018
1454,4,38,2,549.99,0.05,1099.93,Haro Flightline Two 26 Plus - 2017
1455,1,101,2,339.99,0.05,679.93,Electra Townie 7D (20-inch) - Boys' - 2017
1455,2,254,1,749.99,0.2,749.79,Electra Townie Balloon 3i EQ - 2017/2018
1456,1,193,2,2799.99,0.05,5599.93,Trek Lift+ - 2018
1456,2,246,1,639.99,0.07,639.92,Electra Townie Original 3i EQ Ladies' - 2018
1456,3,268,2,159.99,0.1,319.88,Trek Kickster - 2018
1456,4,272,1,289.99,0.1,289.89,Trek Precaliber 20 6-speed Boy's - 2018
1456,5,126,1,469.99,0.1,469.89,Surly Big Fat Dummy Frameset - 2018
1457,1,113,1,489.99,0.07,489.92,Trek Marlin 5 - 2018
1457,2,111,1,470.99,0.2,470.79,Sun Bicycles Drifter 7 - Women's - 2017
1457,3,268,1,159.99,0.2,159.79,Trek Kickster - 2018
1457,4,152,2,2499.99,0.2,4999.78,Trek Domane SL 5 Disc Women's - 2018
1458,1,295,2,319.99,0.05,639.93,"Electra Treasure 1 20"" - 2018"
1458,2,105,1,533.99,0.05,533.94,Sun Bicycles Streamway 7 - 2017
1458,3,12,1,549.99,0.05,549.94,Electra Townie Original 21D - 2016
1458,4,78,2,647.99,0.1,1295.88,Sun Bicycles Biscayne Tandem CB - 2017
1459,1,258,1,1259.9,0.1,1259.8,Electra Amsterdam Royal 8i - 2017/2018
1460,1,201,1,4499.99,0.05,4499.94,Trek Powerfly 5 FS - 2018
1460,2,76,1,299.99,0.07,299.92,"Electra Girl's Hawaii 1 16"" - 2017"
1460,3,167,1,749.99,0.05,749.94,Surly ECR Frameset - 2018
1460,4,7,2,3999.99,0.07,7999.91,Trek Slash 8 27.5 - 2016
1460,5,123,2,999.99,0.07,1999.91,Trek Farley Carbon Frameset - 2018
1461,1,48,1,1499.99,0.2,1499.79,Trek Emonda S 4 - 2017
1461,2,242,2,699.99,0.2,1399.78,Electra Townie Commute 8D Ladies' - 2018
1462,1,263,1,89.99,0.2,89.79,Strider Classic 12 Balance Bike - 2018
1462,2,25,1,499.99,0.07,499.92,Electra Townie Original 7D - 2015/2016
1462,3,223,1,529.99,0.1,529.89,Electra Cruiser Lux 3i - 2018
1462,4,294,1,369.99,0.1,369.89,Electra Tiger Shark 3i (20-inch) - Boys' - 2018
1462,5,251,1,2999.99,0.05,2999.94,Electra Townie Commute Go! - 2018
1463,1,51,2,6499.99,0.05,12999.93,Trek Silque SLR 8 Women's - 2017
1463,2,168,1,1549,0.05,1548.95,Surly Straggler - 2018
1464,1,109,2,416.99,0.05,833.93,Sun Bicycles Cruz 7 - Women's - 2017
1464,2,124,1,1499,0.2,1498.8,Surly Krampus - 2018
1464,3,165,2,2499.99,0.2,4999.78,Trek 1120 - 2018
1464,4,151,2,1549.99,0.05,3099.93,Trek Domane ALR 4 Disc Women's - 2018
1465,1,70,2,659.99,0.05,1319.93,Electra Amsterdam Original 3i - 2015/2017
1466,1,310,2,899.99,0.07,1799.91,Electra Townie Commute 27D Ladies - 2018
1466,2,251,1,2999.99,0.05,2999.94,Electra Townie Commute Go! - 2018
1466,3,163,2,1349,0.2,2697.8,Surly Pack Rat - 2018
1466,4,39,2,1499.99,0.05,2999.93,Trek Stache 5 - 2017
1467,1,18,1,449,0.07,448.93,Pure Cycles Western 3-Speed - Women's - 2015/2016
1467,2,115,1,3199.99,0.2,3199.79,Trek Fuel EX 8 29 - 2018
1467,3,278,2,369.99,0.1,739.88,Trek Precaliber 24 21-speed Girl's - 2018
1468,1,269,1,199.99,0.05,199.94,Trek Precaliber 12 Boy's - 2018
1468,2,58,1,4999.99,0.07,4999.92,Trek Madone 9.2 - 2017
1468,3,50,2,5999.99,0.07,11999.91,Trek Silque SLR 7 Women's - 2017
1469,1,77,2,799.99,0.2,1599.78,Electra Glam Punk 3i Ladies' - 2017
1469,2,237,2,849.99,0.05,1699.93,Electra Relic 3i - 2018
1469,3,182,1,2499.99,0.07,2499.92,Trek Domane SL 5 Disc - 2018
1469,4,100,2,489.99,0.05,979.93,Electra Townie 3i EQ (20-inch) - Boys' - 2017
1470,1,110,2,470.99,0.1,941.88,Sun Bicycles Drifter 7 - 2017
1470,2,287,1,279.99,0.05,279.94,Electra Straight 8 1 (16-inch) - Boy's - 2018
1470,3,252,2,2999.99,0.05,5999.93,Electra Townie Commute Go! Ladies' - 2018
1471,1,59,2,2599.99,0.2,5199.78,Trek Domane S 5 Disc - 2017
1471,2,136,1,1799.99,0.07,1799.92,Trek Procaliber 6 - 2018
1472,1,84,1,109.99,0.2,109.79,Sun Bicycles Lil Kitt'n - 2017
1472,2,300,1,799.99,0.2,799.79,Electra Townie Balloon 3i EQ Ladies' - 2018
1473,1,84,2,109.99,0.2,219.78,Sun Bicycles Lil Kitt'n - 2017
1473,2,102,1,489.99,0.07,489.92,Electra Townie Original 7D - 2017
1474,1,301,1,899.99,0.2,899.79,Electra Townie Balloon 7i EQ - 2018
1474,2,123,1,999.99,0.05,999.94,Trek Farley Carbon Frameset - 2018
1475,1,306,2,899.99,0.05,1799.93,Electra Townie Balloon 7i EQ Ladies' - 2017/2018
1475,2,261,2,899.99,0.07,1799.91,Electra Townie Balloon 7i EQ - 2018
1475,3,161,2,1899,0.05,3797.95,Surly ECR - 2018
1475,4,248,2,599.99,0.2,1199.78,Electra Townie Original 7D EQ Ladies' - 2017/2018
1476,1,142,2,3199.99,0.07,6399.91,Trek Fuel EX 8 29 XT - 2018
1476,2,91,2,349.99,0.07,699.91,Trek Precaliber 24 (21-Speed) - Girls - 2017
1476,3,43,1,5299.99,0.07,5299.92,Trek Fuel EX 9.8 27.5 Plus - 2017
1476,4,191,1,2799.99,0.1,2799.89,Electra Loft Go! 8i - 2018
1476,5,265,2,289.99,0.1,579.88,Strider Strider 20 Sport - 2018
1477,1,210,2,1549,0.2,3097.8,Surly Straggler - 2018
1478,1,100,2,489.99,0.1,979.88,Electra Townie 3i EQ (20-inch) - Boys' - 2017
1478,2,123,1,999.99,0.2,999.79,Trek Farley Carbon Frameset - 2018
1479,1,252,1,2999.99,0.05,2999.94,Electra Townie Commute Go! Ladies' - 2018
1479,2,256,1,899.99,0.1,899.89,Electra Townie Commute 27D - 2018
1480,1,308,2,749.99,0.1,1499.88,Electra Townie Balloon 8D EQ Ladies' - 2016/2017/2018
1480,2,82,2,659.99,0.1,1319.88,Electra Amsterdam Original 3i Ladies' - 2017
1480,3,92,2,209.99,0.07,419.91,Haro Shredder 20 - 2017
1480,4,225,2,959.99,0.07,1919.91,Electra Delivery 3i - 2016/2017/2018
1481,1,53,2,749.99,0.07,1499.91,Surly Ogre Frameset - 2017
1481,2,130,1,919.99,0.1,919.89,Trek Stache Carbon Frameset - 2018
1482,1,48,1,1499.99,0.1,1499.89,Trek Emonda S 4 - 2017
1482,2,113,1,489.99,0.05,489.94,Trek Marlin 5 - 2018
1482,3,58,2,4999.99,0.07,9999.91,Trek Madone 9.2 - 2017
1482,4,40,1,4999.99,0.05,4999.94,Trek Fuel EX 9.8 29 - 2017
1482,5,205,2,4999.99,0.05,9999.93,Trek Super Commuter+ 8S - 2018
1483,1,280,1,489.99,0.05,489.94,Trek Superfly 24 - 2017/2018
1483,2,226,2,679.99,0.07,1359.91,Electra Townie Original 21D EQ - 2017/2018
1484,1,295,2,319.99,0.07,639.91,"Electra Treasure 1 20"" - 2018"
1484,2,49,2,3499.99,0.2,6999.78,Trek Domane SL 6 - 2017
1484,3,304,2,679.99,0.05,1359.93,Electra Townie Original 21D EQ - 2017/2018
1485,1,122,2,2499.99,0.2,4999.78,Surly Troll Frameset - 2018
1485,2,276,1,319.99,0.2,319.79,Trek Precaliber 24 (7-Speed) - Boys - 2018
1486,1,60,2,1559.99,0.05,3119.93,Sun Bicycles ElectroLite - 2017
1486,2,98,1,489.99,0.05,489.94,Electra Straight 8 3i (20-inch) - Boy's - 2017
1486,3,113,1,489.99,0.1,489.89,Trek Marlin 5 - 2018
1486,4,269,1,199.99,0.1,199.89,Trek Precaliber 12 Boy's - 2018
1487,1,160,1,4499.99,0.07,4499.92,Trek Emonda SLR 6 - 2018
1487,2,151,2,1549.99,0.2,3099.78,Trek Domane ALR 4 Disc Women's - 2018
1487,3,198,1,2999.99,0.05,2999.94,Electra Townie Commute Go! - 2018
1487,4,196,1,2299.99,0.05,2299.94,Trek Verve+ - 2018
1487,5,96,2,349.99,0.2,699.78,Electra Moto 3i (20-inch) - Boy's - 2017
1488,1,42,1,2299.99,0.07,2299.92,Trek Fuel EX 5 27.5 Plus - 2017
1488,2,122,1,2499.99,0.07,2499.92,Surly Troll Frameset - 2018
1489,1,198,1,2999.99,0.2,2999.79,Electra Townie Commute Go! - 2018
1489,2,282,2,279.99,0.2,559.78,Electra Cyclosaurus 1 (16-inch) - Boy's - 2018
1489,3,52,1,875.99,0.1,875.89,Surly Steamroller - 2017
1490,1,99,1,299.99,0.1,299.89,Electra Sugar Skulls 1 (20-inch) - Girl's - 2017
1490,2,254,1,749.99,0.1,749.89,Electra Townie Balloon 3i EQ - 2017/2018
1490,3,218,1,319.99,0.05,319.94,Electra Cruiser 7D - 2016/2017/2018
1491,1,95,2,299.99,0.2,599.78,"Electra Girl's Hawaii 1 16"" - 2017"
1491,2,302,1,449.99,0.05,449.94,Electra Townie Original 1 - 2018
1491,3,60,2,1559.99,0.07,3119.91,Sun Bicycles ElectroLite - 2017
1491,4,139,2,2999.99,0.07,5999.91,Trek Remedy 7 27.5 - 2018
1492,1,37,2,379.99,0.1,759.88,Haro Flightline One ST - 2017
1493,1,230,1,429.99,0.1,429.89,Electra Cruiser Lux 1 Ladies' - 2018
1494,1,230,2,429.99,0.1,859.88,Electra Cruiser Lux 1 Ladies' - 2018
1494,2,178,2,749.99,0.2,1499.78,Trek Domane AL 2 - 2018
1494,3,264,2,249.99,0.05,499.93,Strider Sport 16 - 2018
1495,1,292,2,369.99,0.05,739.93,Electra Sweet Ride 3i (20-inch) - Girls' - 2018
1495,2,308,2,749.99,0.2,1499.78,Electra Townie Balloon 8D EQ Ladies' - 2016/2017/2018
1495,3,137,1,2599,0.1,2598.9,Heller Shagamaw GX1 - 2018
1496,1,248,1,599.99,0.07,599.92,Electra Townie Original 7D EQ Ladies' - 2017/2018
1496,2,214,1,899.99,0.07,899.92,Electra Tiger Shark 3i - 2018
1496,3,224,2,479.99,0.05,959.93,Electra Cruiser Lux 7D - 2018
1496,4,302,1,449.99,0.05,449.94,Electra Townie Original 1 - 2018
1496,5,225,2,959.99,0.2,1919.78,Electra Delivery 3i - 2016/2017/2018
1497,1,141,2,1599.99,0.2,3199.78,Trek Stache 5 - 2018
1497,2,198,2,2999.99,0.1,5999.88,Electra Townie Commute Go! - 2018
1497,3,204,2,3599.99,0.07,7199.91,Trek Super Commuter+ 7 - 2018
1498,1,172,1,3199.99,0.05,3199.94,Trek Domane ALR Disc Frameset - 2018
1498,2,260,2,799.99,0.07,1599.91,Electra Townie Balloon 3i EQ Ladies' - 2018
1499,1,110,1,470.99,0.05,470.94,Sun Bicycles Drifter 7 - 2017
1499,2,208,1,1799.99,0.07,1799.92,Trek Crockett 5 Disc - 2018
1499,3,268,2,159.99,0.05,319.93,Trek Kickster - 2018
1499,4,2,1,749.99,0.05,749.94,Ritchey Timberwolf Frameset - 2016
1499,5,171,2,3199.99,0.1,6399.88,Trek Domane SL 6 - 2018
1500,1,41,2,1469.99,0.07,2939.91,Haro Shift R3 - 2017
1500,2,293,1,319.99,0.07,319.92,Electra Tiger Shark 1 (20-inch) - Boys' - 2018
1501,1,248,1,599.99,0.05,599.94,Electra Townie Original 7D EQ Ladies' - 2017/2018
1501,2,219,1,639.99,0.07,639.92,Electra Moto 3i - 2018
1501,3,15,1,529.99,0.05,529.94,Electra Moto 1 - 2016
1501,4,67,1,250.99,0.2,250.79,Sun Bicycles Revolutions 24 - Girl's - 2017
1501,5,210,1,1549,0.05,1548.95,Surly Straggler - 2018
1502,1,231,2,529.99,0.2,1059.78,Electra Cruiser Lux 3i Ladies' - 2018
1502,2,19,2,449,0.07,897.93,Pure Cycles William 3-Speed - 2016
1502,3,26,2,599.99,0.07,1199.91,Electra Townie Original 7D EQ - 2016
1502,4,268,1,159.99,0.2,159.79,Trek Kickster - 2018
1502,5,255,1,899.99,0.07,899.92,Electra Townie Balloon 7i EQ Ladies' - 2017/2018
1503,1,217,1,909.99,0.1,909.89,Electra Straight 8 3i - 2018
1503,2,302,2,449.99,0.05,899.93,Electra Townie Original 1 - 2018
1504,1,276,1,319.99,0.07,319.92,Trek Precaliber 24 (7-Speed) - Boys - 2018
1505,1,223,2,529.99,0.05,1059.93,Electra Cruiser Lux 3i - 2018
1505,2,24,2,549.99,0.07,1099.91,Electra Townie Original 21D - 2016
1505,3,43,2,5299.99,0.05,10599.93,Trek Fuel EX 9.8 27.5 Plus - 2017
1506,1,184,1,3499.99,0.05,3499.94,Trek Domane SL 6 Disc - 2018
1506,2,153,2,4999.99,0.2,9999.78,Trek Domane SL 7 Women's - 2018
1506,3,149,2,7499.99,0.05,14999.93,Trek Domane SLR 8 Disc - 2018
1507,1,39,2,1499.99,0.2,2999.78,Trek Stache 5 - 2017
1507,2,11,2,1680.99,0.1,3361.88,Surly Straggler 650b - 2016
1507,3,259,1,1199.99,0.07,1199.92,Electra Amsterdam Royal 8i Ladies - 2018
1507,4,281,1,319.99,0.07,319.92,Electra Cruiser 7D (24-Inch) Ladies' - 2016/2018
1507,5,293,2,319.99,0.05,639.93,Electra Tiger Shark 1 (20-inch) - Boys' - 2018
1508,1,37,1,379.99,0.2,379.79,Haro Flightline One ST - 2017
1508,2,109,1,416.99,0.1,416.89,Sun Bicycles Cruz 7 - Women's - 2017
1508,3,52,2,875.99,0.05,1751.93,Surly Steamroller - 2017
1508,4,88,1,189.99,0.05,189.94,Trek Precaliber 12 Girls - 2017
1509,1,215,2,749.99,0.07,1499.91,Electra Queen of Hearts 3i - 2018
1510,1,142,2,3199.99,0.05,6399.93,Trek Fuel EX 8 29 XT - 2018
1510,2,68,1,449.99,0.1,449.89,Sun Bicycles Cruz 3 - 2017
1510,3,251,2,2999.99,0.1,5999.88,Electra Townie Commute Go! - 2018
1510,4,220,2,269.99,0.1,539.88,Electra Cruiser 1 Ladies' - 2018
1510,5,137,1,2599,0.05,2598.95,Heller Shagamaw GX1 - 2018
1511,1,144,2,1549.99,0.2,3099.78,Trek Domane ALR 4 Disc - 2018
1511,2,288,1,389.99,0.07,389.92,Electra Straight 8 1 (20-inch) - Boy's - 2018
1511,3,17,2,429,0.07,857.93,Pure Cycles Vine 8-Speed - 2016
1511,4,41,1,1469.99,0.05,1469.94,Haro Shift R3 - 2017
1511,5,124,2,1499,0.2,2997.8,Surly Krampus - 2018
1512,1,217,1,909.99,0.07,909.92,Electra Straight 8 3i - 2018
1513,1,166,1,749.99,0.1,749.89,Trek Domane AL 2 Women's - 2018
1513,2,61,2,4999.99,0.05,9999.93,Trek Powerfly 8 FS Plus - 2017
1513,3,159,2,2299.99,0.05,4599.93,Trek Emonda ALR 6 - 2018
1514,1,240,2,899.99,0.1,1799.88,Electra Townie Commute 27D Ladies - 2018
1514,2,203,2,4999.99,0.05,9999.93,Trek Powerfly 7 FS - 2018
1515,1,27,2,999.99,0.2,1999.78,Surly Big Dummy Frameset - 2017
1515,2,202,2,3499.99,0.1,6999.88,Trek Powerfly 5 Women's - 2018
1515,3,310,2,899.99,0.05,1799.93,Electra Townie Commute 27D Ladies - 2018
1515,4,40,1,4999.99,0.1,4999.89,Trek Fuel EX 9.8 29 - 2017
1515,5,158,2,959.99,0.2,1919.78,Trek CrossRip 1 - 2018
1516,1,172,2,3199.99,0.1,6399.88,Trek Domane ALR Disc Frameset - 2018
1516,2,253,1,2599.99,0.1,2599.89,Electra Townie Go! 8i Ladies' - 2018
1516,3,196,2,2299.99,0.2,4599.78,Trek Verve+ - 2018
1516,4,259,2,1199.99,0.2,2399.78,Electra Amsterdam Royal 8i Ladies - 2018
1516,5,271,2,209.99,0.2,419.78,Trek Precaliber 16 Girl's - 2018
1517,1,303,2,2599.99,0.07,5199.91,Electra Townie Go! 8i - 2017/2018
1517,2,226,2,679.99,0.05,1359.93,Electra Townie Original 21D EQ - 2017/2018
1518,1,304,2,679.99,0.1,1359.88,Electra Townie Original 21D EQ - 2017/2018
1518,2,182,2,2499.99,0.05,4999.93,Trek Domane SL 5 Disc - 2018
1518,3,252,2,2999.99,0.05,5999.93,Electra Townie Commute Go! Ladies' - 2018
1519,1,150,1,4499.99,0.2,4499.79,Trek Emonda SL 7 - 2018
1519,2,85,2,329.99,0.2,659.78,Haro Downtown 16 - 2017
1519,3,124,2,1499,0.07,2997.93,Surly Krampus - 2018
1519,4,65,1,346.99,0.2,346.79,Sun Bicycles Lil Bolt Type-R - 2017
1519,5,265,2,289.99,0.05,579.93,Strider Strider 20 Sport - 2018
1520,1,186,1,4499.99,0.05,4499.94,Trek CrossRip+ - 2018
1520,2,188,2,3499.99,0.2,6999.78,Trek XM700+ Lowstep - 2018
1520,3,310,2,899.99,0.07,1799.91,Electra Townie Commute 27D Ladies - 2018
1520,4,263,2,89.99,0.1,179.88,Strider Classic 12 Balance Bike - 2018
1521,1,100,1,489.99,0.2,489.79,Electra Townie 3i EQ (20-inch) - Boys' - 2017
1521,2,314,2,679.99,0.2,1359.78,Electra Townie Original 21D EQ Ladies' - 2018
1521,3,123,1,999.99,0.1,999.89,Trek Farley Carbon Frameset - 2018
1521,4,135,2,1499.99,0.2,2999.78,Trek X-Caliber Frameset - 2018
1522,1,95,1,299.99,0.1,299.89,"Electra Girl's Hawaii 1 16"" - 2017"
1522,2,141,1,1599.99,0.07,1599.92,Trek Stache 5 - 2018
1522,3,117,1,1469.99,0.07,1469.92,Trek Ticket S Frame - 2018
1523,1,311,2,749.99,0.2,1499.78,Electra Townie Commute 8D - 2018
1524,1,168,1,1549,0.1,1548.9,Surly Straggler - 2018
1524,2,295,2,319.99,0.2,639.78,"Electra Treasure 1 20"" - 2018"
1524,3,313,1,449.99,0.2,449.79,Electra Townie Original 1 Ladies' - 2018
1524,4,252,2,2999.99,0.2,5999.78,Electra Townie Commute Go! Ladies' - 2018
1525,1,156,1,6499.99,0.1,6499.89,Trek Domane SL Frameset - 2018
1525,2,163,2,1349,0.07,2697.93,Surly Pack Rat - 2018
1525,3,193,1,2799.99,0.07,2799.92,Trek Lift+ - 2018
1526,1,151,1,1549.99,0.07,1549.92,Trek Domane ALR 4 Disc Women's - 2018
1526,2,56,1,5499.99,0.1,5499.89,Trek Domane SLR 6 Disc - 2017
1526,3,238,1,749.99,0.1,749.89,Electra Townie Balloon 8D EQ - 2016/2017/2018
1526,4,243,1,679.99,0.05,679.94,Electra Townie Original 21D EQ Ladies' - 2018
1527,1,33,1,469.99,0.1,469.89,Surly Wednesday Frameset - 2017
1527,2,103,1,551.99,0.05,551.94,Sun Bicycles Streamway 3 - 2017
1527,3,57,2,1999.99,0.05,3999.93,Trek Emonda S 5 - 2017
1528,1,229,2,429.99,0.2,859.78,Electra Cruiser Lux 1 - 2016/2018
1529,1,23,1,299.99,0.05,299.94,Electra Girl's Hawaii 1 (20-inch) - 2015/2016
1529,2,50,2,5999.99,0.1,11999.88,Trek Silque SLR 7 Women's - 2017
1530,1,213,2,269.99,0.1,539.88,Electra Cruiser 1 - 2016/2017/2018
1530,2,116,1,749.99,0.1,749.89,Trek Marlin 7 - 2017/2018
1531,1,128,1,1899,0.1,1898.9,Surly ECR 27.5 - 2018
1532,1,209,2,2999.99,0.07,5999.91,Trek Crockett 7 Disc - 2018
1533,1,274,2,229.99,0.1,459.88,Trek Precaliber 20 Boy's - 2018
1533,2,78,1,647.99,0.1,647.89,Sun Bicycles Biscayne Tandem CB - 2017
1533,3,96,1,349.99,0.1,349.89,Electra Moto 3i (20-inch) - Boy's - 2017
1533,4,235,2,899.99,0.1,1799.88,Electra Koa 3i Ladies' - 2018
1533,5,51,1,6499.99,0.1,6499.89,Trek Silque SLR 8 Women's - 2017
1534,1,194,1,3499.99,0.1,3499.89,Trek XM700+ - 2018
1534,2,117,1,1469.99,0.05,1469.94,Trek Ticket S Frame - 2018
1534,3,269,2,199.99,0.2,399.78,Trek Precaliber 12 Boy's - 2018
1534,4,172,2,3199.99,0.2,6399.78,Trek Domane ALR Disc Frameset - 2018
1535,1,92,1,209.99,0.05,209.94,Haro Shredder 20 - 2017
1535,2,75,2,599.99,0.05,1199.93,Electra Cruiser Lux Fat Tire 1 Ladies - 2017
1536,1,183,1,2199.99,0.2,2199.79,Trek Domane SL 5 Women's - 2018
1536,2,185,2,2799.99,0.07,5599.91,Trek Conduit+ - 2018
1536,3,196,2,2299.99,0.2,4599.78,Trek Verve+ - 2018
1537,1,237,2,849.99,0.05,1699.93,Electra Relic 3i - 2018
1538,1,206,1,3299.99,0.07,3299.92,Trek Boone 5 Disc - 2018
1538,2,46,2,1409.99,0.07,2819.91,Haro SR 1.3 - 2017
1538,3,117,1,1469.99,0.07,1469.92,Trek Ticket S Frame - 2018
1538,4,197,1,2299.99,0.2,2299.79,Trek Verve+ Lowstep - 2018
1538,5,306,2,899.99,0.05,1799.93,Electra Townie Balloon 7i EQ Ladies' - 2017/2018
1539,1,6,2,469.99,0.05,939.93,Surly Ice Cream Truck Frameset - 2016
1539,2,12,2,549.99,0.05,1099.93,Electra Townie Original 21D - 2016
1540,1,71,2,416.99,0.05,833.93,Sun Bicycles Atlas X-Type - 2017
1540,2,236,1,749.99,0.07,749.92,Electra Morningstar 3i Ladies' - 2018
1540,3,224,1,479.99,0.05,479.94,Electra Cruiser Lux 7D - 2018
1540,4,177,2,5499.99,0.05,10999.93,Trek Domane SLR 6 Disc - 2018
1540,5,78,1,647.99,0.2,647.79,Sun Bicycles Biscayne Tandem CB - 2017
1541,1,155,2,11999.99,0.1,23999.88,Trek Domane SLR 9 Disc - 2018
1541,2,248,2,599.99,0.07,1199.91,Electra Townie Original 7D EQ Ladies' - 2017/2018
1541,3,142,2,3199.99,0.1,6399.88,Trek Fuel EX 8 29 XT - 2018
1541,4,17,1,429,0.1,428.9,Pure Cycles Vine 8-Speed - 2016
1541,5,86,2,149.99,0.05,299.93,Trek Girl's Kickster - 2017
1542,1,79,1,402.99,0.2,402.79,Sun Bicycles Boardwalk (24-inch Wheels) - 2017
1542,2,122,2,2499.99,0.05,4999.93,Surly Troll Frameset - 2018
1542,3,184,2,3499.99,0.2,6999.78,Trek Domane SL 6 Disc - 2018
1542,4,37,2,379.99,0.1,759.88,Haro Flightline One ST - 2017
1542,5,297,1,279.99,0.2,279.79,"Electra Under-The-Sea 1 16"" - 2018"
1543,1,108,2,449.99,0.1,899.88,Sun Bicycles Cruz 3 - Women's - 2017
1543,2,93,1,209.99,0.2,209.79,Haro Shredder 20 Girls - 2017
1543,3,158,2,959.99,0.07,1919.91,Trek CrossRip 1 - 2018
1543,4,97,2,349.99,0.05,699.93,Electra Savannah 3i (20-inch) - Girl's - 2017
1543,5,136,1,1799.99,0.2,1799.79,Trek Procaliber 6 - 2018
1544,1,194,2,3499.99,0.1,6999.88,Trek XM700+ - 2018
1544,2,107,2,416.99,0.2,833.78,Sun Bicycles Cruz 7 - 2017
1545,1,45,1,869.99,0.1,869.89,Haro SR 1.2 - 2017
1546,1,156,1,6499.99,0.1,6499.89,Trek Domane SL Frameset - 2018
1546,2,185,2,2799.99,0.1,5599.88,Trek Conduit+ - 2018
1546,3,215,1,749.99,0.1,749.89,Electra Queen of Hearts 3i - 2018
1546,4,25,1,499.99,0.05,499.94,Electra Townie Original 7D - 2015/2016
1547,1,106,2,449.99,0.2,899.78,Sun Bicycles Cruz 3 - 2017
1547,2,204,1,3599.99,0.2,3599.79,Trek Super Commuter+ 7 - 2018
1548,1,32,1,469.99,0.1,469.89,Trek Farley Alloy Frameset - 2017
1548,2,202,1,3499.99,0.07,3499.92,Trek Powerfly 5 Women's - 2018
1548,3,62,2,3499.99,0.2,6999.78,Trek Boone 7 - 2017
1549,1,158,1,959.99,0.2,959.79,Trek CrossRip 1 - 2018
1549,2,119,1,469.99,0.05,469.94,Trek Kids' Neko - 2018
1549,3,249,2,749.99,0.05,1499.93,Electra White Water 3i - 2018
1549,4,242,2,699.99,0.1,1399.88,Electra Townie Commute 8D Ladies' - 2018
1550,1,315,2,559.99,0.05,1119.93,Electra Townie Original 21D Ladies' - 2018
1550,2,245,1,659.99,0.07,659.92,Electra Townie Original 3i EQ - 2017/2018
1550,3,185,2,2799.99,0.1,5599.88,Trek Conduit+ - 2018
1550,4,148,1,5499.99,0.07,5499.92,Trek Domane SL 8 Disc - 2018
1550,5,86,2,149.99,0.05,299.93,Trek Girl's Kickster - 2017
1551,1,207,2,3999.99,0.2,7999.78,Trek Boone 7 Disc - 2018
1552,1,197,1,2299.99,0.1,2299.89,Trek Verve+ Lowstep - 2018
1552,2,41,2,1469.99,0.05,2939.93,Haro Shift R3 - 2017
1553,1,102,1,489.99,0.07,489.92,Electra Townie Original 7D - 2017
1553,2,12,1,549.99,0.1,549.89,Electra Townie Original 21D - 2016
1553,3,251,1,2999.99,0.05,2999.94,Electra Townie Commute Go! - 2018
1553,4,89,1,209.99,0.05,209.94,Trek Precaliber 16 Boys - 2017
1554,1,166,1,749.99,0.05,749.94,Trek Domane AL 2 Women's - 2018
1554,2,285,1,279.99,0.2,279.79,Electra Soft Serve 1 (16-inch) - Girl's - 2018
1555,1,24,2,549.99,0.1,1099.88,Electra Townie Original 21D - 2016
1555,2,156,1,6499.99,0.1,6499.89,Trek Domane SL Frameset - 2018
1555,3,126,1,469.99,0.1,469.89,Surly Big Fat Dummy Frameset - 2018
1555,4,128,2,1899,0.05,3797.95,Surly ECR 27.5 - 2018
1555,5,174,1,3199.99,0.2,3199.79,Trek Domane SLR Disc Frameset - 2018
1556,1,49,2,3499.99,0.2,6999.78,Trek Domane SL 6 - 2017
1556,2,82,1,659.99,0.07,659.92,Electra Amsterdam Original 3i Ladies' - 2017
1556,3,265,1,289.99,0.1,289.89,Strider Strider 20 Sport - 2018
1556,4,119,2,469.99,0.05,939.93,Trek Kids' Neko - 2018
1556,5,235,2,899.99,0.1,1799.88,Electra Koa 3i Ladies' - 2018
1557,1,163,2,1349,0.07,2697.93,Surly Pack Rat - 2018
1558,1,46,2,1409.99,0.07,2819.91,Haro SR 1.3 - 2017
1558,2,123,1,999.99,0.07,999.92,Trek Farley Carbon Frameset - 2018
1558,3,4,1,2899.99,0.05,2899.94,Trek Fuel EX 8 29 - 2016
1558,4,55,1,2699.99,0.2,2699.79,Trek Domane S 6 - 2017
1558,5,253,1,2599.99,0.07,2599.92,Electra Townie Go! 8i Ladies' - 2018
1559,1,101,2,339.99,0.07,679.91,Electra Townie 7D (20-inch) - Boys' - 2017
1559,2,18,1,449,0.1,448.9,Pure Cycles Western 3-Speed - Women's - 2015/2016
1559,3,54,2,3199.99,0.1,6399.88,Trek Domane SL Disc Frameset - 2017
1559,4,221,1,319.99,0.1,319.89,Electra Cruiser 7D Ladies' - 2016/2018
1560,1,118,2,999.99,0.2,1999.78,Trek X-Caliber 8 - 2018
1560,2,41,1,1469.99,0.2,1469.79,Haro Shift R3 - 2017
1561,1,181,2,2199.99,0.07,4399.91,Trek Domane SL 5 - 2018
1561,2,297,2,279.99,0.05,559.93,"Electra Under-The-Sea 1 16"" - 2018"
1562,1,54,1,3199.99,0.2,3199.79,Trek Domane SL Disc Frameset - 2017
1562,2,66,1,250.99,0.2,250.79,Sun Bicycles Revolutions 24 - 2017
1562,3,115,2,3199.99,0.07,6399.91,Trek Fuel EX 8 29 - 2018
1563,1,188,1,3499.99,0.07,3499.92,Trek XM700+ Lowstep - 2018
1564,1,309,1,899.99,0.07,899.92,Electra Townie Commute 27D - 2018
1564,2,14,1,269.99,0.1,269.89,Electra Girl's Hawaii 1 (16-inch) - 2015/2016
1565,1,37,1,379.99,0.07,379.92,Haro Flightline One ST - 2017
1565,2,92,1,209.99,0.1,209.89,Haro Shredder 20 - 2017
1565,3,261,1,899.99,0.1,899.89,Electra Townie Balloon 7i EQ - 2018
1565,4,95,1,299.99,0.07,299.92,"Electra Girl's Hawaii 1 16"" - 2017"
1565,5,226,2,679.99,0.2,1359.78,Electra Townie Original 21D EQ - 2017/2018
1566,1,179,1,919.99,0.05,919.94,Trek Domane AL 3 - 2018
1566,2,61,2,4999.99,0.05,9999.93,Trek Powerfly 8 FS Plus - 2017
1567,1,279,1,319.99,0.2,319.79,Trek Precaliber 24 7-speed Girl's - 2018
1568,1,146,1,4999.99,0.2,4999.79,Trek Domane SLR 6 - 2018
1568,2,105,1,533.99,0.07,533.92,Sun Bicycles Streamway 7 - 2017
1568,3,301,1,899.99,0.1,899.89,Electra Townie Balloon 7i EQ - 2018
1569,1,252,1,2999.99,0.1,2999.89,Electra Townie Commute Go! Ladies' - 2018
1570,1,155,1,11999.99,0.07,11999.92,Trek Domane SLR 9 Disc - 2018
1571,1,312,2,699.99,0.1,1399.88,Electra Townie Commute 8D Ladies' - 2018
1571,2,212,1,559.99,0.07,559.92,Electra Townie Original 21D - 2018
1571,3,20,2,599.99,0.2,1199.78,Electra Townie Original 7D EQ - Women's - 2016
1572,1,216,2,899.99,0.05,1799.93,Electra Super Moto 8i - 2018
1572,2,198,1,2999.99,0.2,2999.79,Electra Townie Commute Go! - 2018
1572,3,115,1,3199.99,0.05,3199.94,Trek Fuel EX 8 29 - 2018
1572,4,304,2,679.99,0.2,1359.78,Electra Townie Original 21D EQ - 2017/2018
1573,1,9,1,2999.99,0.05,2999.94,Trek Conduit+ - 2016
1573,2,129,1,919.99,0.07,919.92,Trek X-Caliber 7 - 2018
1573,3,15,2,529.99,0.1,1059.88,Electra Moto 1 - 2016
1573,4,216,2,899.99,0.07,1799.91,Electra Super Moto 8i - 2018
1573,5,263,2,89.99,0.1,179.88,Strider Classic 12 Balance Bike - 2018
1574,1,127,1,469.99,0.1,469.89,Surly Pack Rat Frameset - 2018
1575,1,44,1,539.99,0.07,539.92,Haro SR 1.1 - 2017
1575,2,207,2,3999.99,0.1,7999.88,Trek Boone 7 Disc - 2018
1575,3,213,1,269.99,0.07,269.92,Electra Cruiser 1 - 2016/2017/2018
1575,4,126,2,469.99,0.05,939.93,Surly Big Fat Dummy Frameset - 2018
1575,5,92,2,209.99,0.2,419.78,Haro Shredder 20 - 2017
1576,1,69,1,416.99,0.05,416.94,Sun Bicycles Cruz 7 - 2017
1576,2,293,1,319.99,0.05,319.94,Electra Tiger Shark 1 (20-inch) - Boys' - 2018
1576,3,202,2,3499.99,0.05,6999.93,Trek Powerfly 5 Women's - 2018
1577,1,298,2,279.99,0.05,559.93,Electra Water Lily 1 (16-inch) - Girl's - 2018
1577,2,111,2,470.99,0.1,941.88,Sun Bicycles Drifter 7 - Women's - 2017
1577,3,300,2,799.99,0.2,1599.78,Electra Townie Balloon 3i EQ Ladies' - 2018
1577,4,131,2,2599,0.07,5197.93,Heller Bloodhound Trail - 2018
1577,5,282,2,279.99,0.05,559.93,Electra Cyclosaurus 1 (16-inch) - Boy's - 2018
1578,1,204,2,3599.99,0.07,7199.91,Trek Super Commuter+ 7 - 2018
1578,2,310,1,899.99,0.05,899.94,Electra Townie Commute 27D Ladies - 2018
1578,3,241,2,749.99,0.2,1499.78,Electra Townie Commute 8D - 2018
1579,1,49,1,3499.99,0.05,3499.94,Trek Domane SL 6 - 2017
1579,2,214,1,899.99,0.1,899.89,Electra Tiger Shark 3i - 2018
1579,3,286,1,279.99,0.07,279.92,"Electra Starship 1 16"" - 2018"
1579,4,65,2,346.99,0.1,693.88,Sun Bicycles Lil Bolt Type-R - 2017
1580,1,119,2,469.99,0.07,939.91,Trek Kids' Neko - 2018
1580,2,86,2,149.99,0.2,299.78,Trek Girl's Kickster - 2017
1581,1,64,1,489.99,0.1,489.89,Electra Townie Original 7D - 2017
1581,2,272,1,289.99,0.2,289.79,Trek Precaliber 20 6-speed Boy's - 2018
1582,1,75,1,599.99,0.07,599.92,Electra Cruiser Lux Fat Tire 1 Ladies - 2017
1582,2,133,2,1499.99,0.07,2999.91,Trek Procaliber Frameset - 2018
1583,1,15,1,529.99,0.05,529.94,Electra Moto 1 - 2016
1583,2,265,2,289.99,0.2,579.78,Strider Strider 20 Sport - 2018
1584,1,45,2,869.99,0.1,1739.88,Haro SR 1.2 - 2017
1584,2,216,2,899.99,0.1,1799.88,Electra Super Moto 8i - 2018
1584,3,43,1,5299.99,0.2,5299.79,Trek Fuel EX 9.8 27.5 Plus - 2017
1584,4,187,1,2799.99,0.1,2799.89,Trek Neko+ - 2018
1584,5,147,2,1799.99,0.07,3599.91,Trek Domane ALR 5 Gravel - 2018
1585,1,313,1,449.99,0.1,449.89,Electra Townie Original 1 Ladies' - 2018
1585,2,106,2,449.99,0.1,899.88,Sun Bicycles Cruz 3 - 2017
1585,3,207,2,3999.99,0.07,7999.91,Trek Boone 7 Disc - 2018
1585,4,95,1,299.99,0.1,299.89,"Electra Girl's Hawaii 1 16"" - 2017"
1585,5,191,1,2799.99,0.1,2799.89,Electra Loft Go! 8i - 2018
1586,1,22,2,269.99,0.1,539.88,Electra Girl's Hawaii 1 (16-inch) - 2015/2016
1586,2,277,1,369.99,0.07,369.92,Trek Precaliber 24 21-speed Boy's - 2018
1586,3,295,1,319.99,0.05,319.94,"Electra Treasure 1 20"" - 2018"
1586,4,173,1,3199.99,0.2,3199.79,Trek Domane ALR Frameset - 2018
1586,5,36,1,832.99,0.1,832.89,Surly Troll Frameset - 2017
1587,1,104,1,481.99,0.1,481.89,Sun Bicycles Streamway - 2017
1587,2,63,2,3499.99,0.05,6999.93,Trek Boone Race Shop Limited - 2017
1587,3,78,2,647.99,0.05,1295.93,Sun Bicycles Biscayne Tandem CB - 2017
1587,4,300,2,799.99,0.07,1599.91,Electra Townie Balloon 3i EQ Ladies' - 2018
1588,1,93,2,209.99,0.07,419.91,Haro Shredder 20 Girls - 2017
1589,1,246,2,639.99,0.05,1279.93,Electra Townie Original 3i EQ Ladies' - 2018
1589,2,260,1,799.99,0.2,799.79,Electra Townie Balloon 3i EQ Ladies' - 2018
1589,3,28,2,2499.99,0.1,4999.88,Surly Karate Monkey 27.5+ Frameset - 2017
1590,1,175,2,3199.99,0.07,6399.91,Trek Domane SLR Frameset - 2018
1590,2,248,1,599.99,0.2,599.79,Electra Townie Original 7D EQ Ladies' - 2017/2018
1590,3,23,1,299.99,0.07,299.92,Electra Girl's Hawaii 1 (20-inch) - 2015/2016
1591,1,286,2,279.99,0.2,559.78,"Electra Starship 1 16"" - 2018"
1591,2,126,2,469.99,0.2,939.78,Surly Big Fat Dummy Frameset - 2018
1591,3,97,2,349.99,0.07,699.91,Electra Savannah 3i (20-inch) - Girl's - 2017
1591,4,138,2,2249.99,0.05,4499.93,Trek Fuel EX 5 Plus - 2018
1591,5,265,1,289.99,0.2,289.79,Strider Strider 20 Sport - 2018
1592,1,211,2,1549,0.05,3097.95,Surly Straggler 650b - 2018
1592,2,159,1,2299.99,0.07,2299.92,Trek Emonda ALR 6 - 2018
1592,3,40,2,4999.99,0.07,9999.91,Trek Fuel EX 9.8 29 - 2017
1592,4,9,1,2999.99,0.2,2999.79,Trek Conduit+ - 2016
1592,5,271,2,209.99,0.05,419.93,Trek Precaliber 16 Girl's - 2018
1593,1,97,2,349.99,0.2,699.78,Electra Savannah 3i (20-inch) - Girl's - 2017
1593,2,34,1,469.99,0.07,469.92,Trek Session DH 27.5 Carbon Frameset - 2017
1593,3,190,2,2799.99,0.1,5599.88,Trek Dual Sport+ - 2018
1593,4,107,1,416.99,0.05,416.94,Sun Bicycles Cruz 7 - 2017
1593,5,169,2,6499.99,0.07,12999.91,Trek Emonda SLR 8 - 2018
1594,1,79,2,402.99,0.1,805.88,Sun Bicycles Boardwalk (24-inch Wheels) - 2017
1594,2,105,1,533.99,0.1,533.89,Sun Bicycles Streamway 7 - 2017
1595,1,112,1,379.99,0.2,379.79,Trek 820 - 2018
1596,1,91,1,349.99,0.05,349.94,Trek Precaliber 24 (21-Speed) - Girls - 2017
1596,2,18,1,449,0.1,448.9,Pure Cycles Western 3-Speed - Women's - 2015/2016
1597,1,176,1,3199.99,0.07,3199.92,Trek Madone 9 Frameset - 2018
1597,2,59,1,2599.99,0.07,2599.92,Trek Domane S 5 Disc - 2017
1598,1,247,1,599.99,0.2,599.79,Electra Townie Original 7D EQ - 2018
1598,2,49,2,3499.99,0.07,6999.91,Trek Domane SL 6 - 2017
1598,3,88,1,189.99,0.2,189.79,Trek Precaliber 12 Girls - 2017
1599,1,104,2,481.99,0.2,963.78,Sun Bicycles Streamway - 2017
1600,1,146,1,4999.99,0.1,4999.89,Trek Domane SLR 6 - 2018
1600,2,295,1,319.99,0.05,319.94,"Electra Treasure 1 20"" - 2018"
1600,3,36,1,832.99,0.2,832.79,Surly Troll Frameset - 2017
1601,1,114,2,579.99,0.2,1159.78,Trek Marlin 6 - 2018
1601,2,10,1,1549,0.2,1548.8,Surly Straggler - 2016
1601,3,220,2,269.99,0.07,539.91,Electra Cruiser 1 Ladies' - 2018
1601,4,7,2,3999.99,0.07,7999.91,Trek Slash 8 27.5 - 2016
1601,5,180,1,919.99,0.1,919.89,Trek Domane AL 3 Women's - 2018
1602,1,71,2,416.99,0.05,833.93,Sun Bicycles Atlas X-Type - 2017
1602,2,37,1,379.99,0.07,379.92,Haro Flightline One ST - 2017
1602,3,275,2,229.99,0.2,459.78,Trek Precaliber 20 Girl's - 2018
1602,4,257,2,899.99,0.05,1799.93,Electra Amsterdam Fashion 3i Ladies' - 2017/2018
1603,1,275,2,229.99,0.05,459.93,Trek Precaliber 20 Girl's - 2018
1604,1,271,1,209.99,0.1,209.89,Trek Precaliber 16 Girl's - 2018
1605,1,72,1,619.99,0.1,619.89,Sun Bicycles Biscayne Tandem 7 - 2017
1605,2,186,1,4499.99,0.2,4499.79,Trek CrossRip+ - 2018
1605,3,132,2,1499.99,0.1,2999.88,Trek Procal AL Frameset - 2018
1605,4,301,1,899.99,0.1,899.89,Electra Townie Balloon 7i EQ - 2018
1605,5,29,1,999.99,0.07,999.92,Trek X-Caliber 8 - 2017
1606,1,245,1,659.99,0.1,659.89,Electra Townie Original 3i EQ - 2017/2018
1606,2,271,1,209.99,0.1,209.89,Trek Precaliber 16 Girl's - 2018
1607,1,29,1,999.99,0.05,999.94,Trek X-Caliber 8 - 2017
1608,1,231,2,529.99,0.05,1059.93,Electra Cruiser Lux 3i Ladies' - 2018
1609,1,96,1,349.99,0.2,349.79,Electra Moto 3i (20-inch) - Boy's - 2017
1609,2,238,2,749.99,0.2,1499.78,Electra Townie Balloon 8D EQ - 2016/2017/2018
1609,3,228,2,319.99,0.1,639.88,Electra Cruiser 7D Tall - 2016/2018
1609,4,105,1,533.99,0.2,533.79,Sun Bicycles Streamway 7 - 2017
1610,1,36,1,832.99,0.07,832.92,Surly Troll Frameset - 2017
1610,2,173,2,3199.99,0.2,6399.78,Trek Domane ALR Frameset - 2018
1611,1,191,1,2799.99,0.07,2799.92,Electra Loft Go! 8i - 2018
1611,2,171,2,3199.99,0.1,6399.88,Trek Domane SL 6 - 2018
1611,3,236,1,749.99,0.2,749.79,Electra Morningstar 3i Ladies' - 2018
1612,1,242,1,699.99,0.1,699.89,Electra Townie Commute 8D Ladies' - 2018
1612,2,289,2,319.99,0.05,639.93,"Electra Superbolt 1 20"" - 2018"
1612,3,101,2,339.99,0.2,679.78,Electra Townie 7D (20-inch) - Boys' - 2017
1612,4,293,2,319.99,0.07,639.91,Electra Tiger Shark 1 (20-inch) - Boys' - 2018
1612,5,60,1,1559.99,0.1,1559.89,Sun Bicycles ElectroLite - 2017
1613,1,153,1,4999.99,0.07,4999.92,Trek Domane SL 7 Women's - 2018
1613,2,283,2,319.99,0.05,639.93,Electra Heartchya 1 (20-inch) - Girl's - 2018
1614,1,124,1,1499,0.07,1498.93,Surly Krampus - 2018
1614,2,159,2,2299.99,0.07,4599.91,Trek Emonda ALR 6 - 2018
1614,3,213,2,269.99,0.2,539.78,Electra Cruiser 1 - 2016/2017/2018
1615,1,197,2,2299.99,0.2,4599.78,Trek Verve+ Lowstep - 2018
1615,2,214,1,899.99,0.07,899.92,Electra Tiger Shark 3i - 2018
1615,3,182,1,2499.99,0.2,2499.79,Trek Domane SL 5 Disc - 2018
